[2026-08-22T02:04:15.833222+00:00] TX
sysinfo

[2026-08-22T02:04:17.921161+00:00] RX
sysinfo
firmware_version=phase08-terp-uart3
git_revision_or_local=ee588c47ffaf07436626b00f4a3884c908a5138f
build_time=Aug 22 2026 09:44:21
sysclk_hz=240000000
rt_tick_hz=1000
reset_reason=0x01fe0000
heap_free_bytes=236392
thread_count=9
msh >
msh >imu services=1727 samples=55264 fifo_max_bytes=512 fifo_empty=0 fifo_count_err=0 fifo_capacity_err=0 fifo_read_err=0 fifo_parse_err=0 dma_start_err=0 dma_timeout=0 dma_complete_err=0 pool_min_free=166 pool_backpressure=0 blocks=1727 
event state=0 pretrigger_blocks=25 busy=0 export_err=0 resource_err=0
ai model_ready=1 submitted=0 processed=0 queue_drop=0 result_queue_drop=0 result_queue_backpressure=0 result_queue_depth=0 result_queue_high_watermark=0 store_err=0 feature_err=0 runtime_err=0 last_event=0 class=0 confidence_permille=0
imu services=1779 samples=56928 fifo_max_bytes=512 fifo_empty=0 fifo_count_err=0 fifo_capacity_err=0 fifo_read_err=0 fifo_parse_err=0 dma_start_err=0 dma_timeout=0 dma_complete_err=0 pool_min_free=166 pool_backpressure=0 blocks=1779 
event state=0 pretrigger_blocks=25 busy=0 export_err=0 resource_err=0
ai model_ready=1 submitted=0 processed=0 queue_drop=0 result_queue_drop=0 result_queue_backpressure=0 result_queue_depth=0 result_queue_high_watermark=0 store_err=0 feature_err=0 runtime_err=0 last_event=0 class=0 confidence_permille=0

[2026-08-22T02:04:18.170759+00:00] TX
ps

[2026-08-22T02:04:20.261024+00:00] RX
ps
thread       pri  status      sp     stack size max used left tick   error  tcb addr   usage
------------ ---  ------- ---------- ----------  ------  ---------- ------- ---------- -----
sysreport     12  suspend 0x000001ec 0x00000800     71%   0x00000008 EINTRPT 0x24046068  N/A
led_hb        20  suspend 0x0000006c 0x00000200     22%   0x0000000a EINTRPT 0x24045da8  N/A
event          9  suspend 0x00000114 0x00000800     13%   0x00000003 EINTRPT 0x240454e8  N/A
imu_acq        8  suspend 0x000000ec 0x00000800     15%   0x00000004 EINTRPT 0x24044c28  N/A
ai            15  suspend 0x0000033c 0x00000600     54%   0x0000000a EINTRPT 0x24044568  N/A
terp_rx       18  suspend 0x00000084 0x00001000     33%   0x00000004 EINTRPT 0x240434a8  N/A
tshell        20  running 0x00000214 0x00000800     56%   0x0000000a OK      0x240427c8  N/A
tidle0        31  ready   0x0000007c 0x00000400     12%   0x00000016 OK      0x24041320  N/A
timer          4  suspend 0x00000074 0x00000200     22%   0x0000000a EINTRPT 0x24041900  N/A
msh >
msh >imu services=1832 samples=58592 fifo_max_bytes=512 fifo_empty=0 fifo_count_err=0 fifo_capacity_err=0 fifo_read_err=0 fifo_parse_err=0 dma_start_err=0 dma_timeout=0 dma_complete_err=0 pool_min_free=166 pool_backpressure=0 blocks=1831 
event state=0 pretrigger_blocks=25 busy=0 export_err=0 resource_err=0
ai model_ready=1 submitted=0 processed=0 queue_drop=0 result_queue_drop=0 result_queue_backpressure=0 result_queue_depth=0 result_queue_high_watermark=0 store_err=0 feature_err=0 runtime_err=0 last_event=0 class=0 confidence_permille=0
imu services=1884 samples=60288 fifo_max_bytes=512 fifo_empty=0 fifo_count_err=0 fifo_capacity_err=0 fifo_read_err=0 fifo_parse_err=0 dma_start_err=0 dma_timeout=0 dma_complete_err=0 pool_min_free=166 pool_backpressure=0 blocks=1884 
event state=0 pretrigger_blocks=25 busy=0 export_err=0 resource_err=0
ai model_ready=1 submitted=0 processed=0 queue_drop=0 result_queue_drop=0 result_queue_backpressure=0 result_queue_depth=0 result_queue_high_watermark=0 store_err=0 feature_err=0 runtime_err=0 last_event=0 class=0 confidence_permille=0

[2026-08-22T02:04:20.511534+00:00] TX
event status

[2026-08-22T02:04:22.613005+00:00] RX
imu services=1936 samples=61952 fifo_max_bytes=512 fifo_empty=0 fifo_count_err=0 fifo_capacity_err=0 fifo_read_err=0 fifo_parse_err=0 dma_start_err=0 dma_timeout=0 dma_complete_err=0 pool_min_free=166 pool_backpressure=0 blocks=1936 
event state=0 pretrigger_blocks=25 busy=0 export_err=0 resource_err=0
ai model_ready=1 submitted=0 processed=0 queue_drop=0 result_queue_drop=0 result_queue_backpressure=0 result_queue_depth=0 result_queue_high_watermark=0 store_err=0 feature_err=0 runtime_err=0 last_event=0 class=0 confidence_permille=0
event status
event state=0 pretrigger_blocks=25 busy=0 export_err=0 resource_err=0
msh >
msh >imu services=1988 samples=63616 fifo_max_bytes=512 fifo_empty=0 fifo_count_err=0 fifo_capacity_err=0 fifo_read_err=0 fifo_parse_err=0 dma_start_err=0 dma_timeout=0 dma_complete_err=0 pool_min_free=166 pool_backpressure=0 blocks=1988 
event state=0 pretrigger_blocks=25 busy=0 export_err=0 resource_err=0
ai model_ready=1 submitted=0 processed=0 queue_drop=0 result_queue_drop=0 result_queue_backpressure=0 result_queue_depth=0 result_queue_high_watermark=0 store_err=0 feature_err=0 runtime_err=0 last_event=0 class=0 confidence_permille=0

[2026-08-22T02:04:22.908270+00:00] RX_PRE_COMMAND
imu services=2041 samples=65312 fifo_max_bytes=512 fifo_empty=0 fifo_count_err=0 fifo_capacity_err=0 fifo_read_err=0 fifo_parse_err=0 dma_start_err=0 dma_timeout=0 dma_complete_err=0 pool_min_free=166 pool_backpressure=0 blocks=2041 
event state=0 pretrigger_blocks=25 busy=0 export_err=0 resource_err=0
ai model_ready=1 submitted=0 processed=0 queue_drop=0 result_queue_drop=0 result_queue_backpressure=0 result_queue_depth=0 result_queue_high_watermark=0 store_err=0 feature_err=0 runtime_err=0 last_event=0 class=0 confidence_permille=0

[2026-08-22T02:04:22.908270+00:00] TX
log status

[2026-08-22T02:04:24.996060+00:00] RX
log status
log state=1 events=43 next_id=44 next_offset=0x001b0000 jedec=ef4017
msh >
msh >imu services=2093 samples=66976 fifo_max_bytes=512 fifo_empty=0 fifo_count_err=0 fifo_capacity_err=0 fifo_read_err=0 fifo_parse_err=0 dma_start_err=0 dma_timeout=0 dma_complete_err=0 pool_min_free=166 pool_backpressure=0 blocks=2093 
event state=0 pretrigger_blocks=25 busy=0 export_err=0 resource_err=0
ai model_ready=1 submitted=0 processed=0 queue_drop=0 result_queue_drop=0 result_queue_backpressure=0 result_queue_depth=0 result_queue_high_watermark=0 store_err=0 feature_err=0 runtime_err=0 last_event=0 class=0 confidence_permille=0
imu services=2145 samples=68640 fifo_max_bytes=512 fifo_empty=0 fifo_count_err=0 fifo_capacity_err=0 fifo_read_err=0 fifo_parse_err=0 dma_start_err=0 dma_timeout=0 dma_complete_err=0 pool_min_free=166 pool_backpressure=0 blocks=2145 
event state=0 pretrigger_blocks=25 busy=0 export_err=0 resource_err=0
ai model_ready=1 submitted=0 processed=0 queue_drop=0 result_queue_drop=0 result_queue_backpressure=0 result_queue_depth=0 result_queue_high_watermark=0 store_err=0 feature_err=0 runtime_err=0 last_event=0 class=0 confidence_permille=0

[2026-08-22T02:04:25.245719+00:00] TX
log inspect

[2026-08-22T02:04:27.337744+00:00] RX
log inspect
recovery source=superblock_b generation=4 scanned=12 discarded=0 ticks=7589
msh >
msh >imu services=2198 samples=70304 fifo_max_bytes=512 fifo_empty=0 fifo_count_err=0 fifo_capacity_err=0 fifo_read_err=0 fifo_parse_err=0 dma_start_err=0 dma_timeout=0 dma_complete_err=0 pool_min_free=166 pool_backpressure=0 blocks=2197 
event state=0 pretrigger_blocks=25 busy=0 export_err=0 resource_err=0
ai model_ready=1 submitted=0 processed=0 queue_drop=0 result_queue_drop=0 result_queue_backpressure=0 result_queue_depth=0 result_queue_high_watermark=0 store_err=0 feature_err=0 runtime_err=0 last_event=0 class=0 confidence_permille=0
imu services=2250 samples=72000 fifo_max_bytes=512 fifo_empty=0 fifo_count_err=0 fifo_capacity_err=0 fifo_read_err=0 fifo_parse_err=0 dma_start_err=0 dma_timeout=0 dma_complete_err=0 pool_min_free=166 pool_backpressure=0 blocks=2250 
event state=0 pretrigger_blocks=25 busy=0 export_err=0 resource_err=0
ai model_ready=1 submitted=0 processed=0 queue_drop=0 result_queue_drop=0 result_queue_backpressure=0 result_queue_depth=0 result_queue_high_watermark=0 store_err=0 feature_err=0 runtime_err=0 last_event=0 class=0 confidence_permille=0

[2026-08-22T02:04:29.190408+00:00] RX_PRE_COMMAND
imu services=2302 samples=73664 fifo_max_bytes=512 fifo_empty=0 fifo_count_err=0 fifo_capacity_err=0 fifo_read_err=0 fifo_parse_err=0 dma_start_err=0 dma_timeout=0 dma_complete_err=0 pool_min_free=166 pool_backpressure=0 blocks=2302 
event state=0 pretrigger_blocks=25 busy=0 export_err=0 resource_err=0
ai model_ready=1 submitted=0 processed=0 queue_drop=0 result_queue_drop=0 result_queue_backpressure=0 result_queue_depth=0 result_queue_high_watermark=0 store_err=0 feature_err=0 runtime_err=0 last_event=0 class=0 confidence_permille=0
imu services=2355 samples=75328 fifo_max_bytes=512 fifo_empty=0 fifo_count_err=0 fifo_capacity_err=0 fifo_read_err=0 fifo_parse_err=0 dma_start_err=0 dma_timeout=0 dma_complete_err=0 pool_min_free=166 pool_backpressure=0 blocks=2354 
event state=0 pretrigger_blocks=25 busy=0 export_err=0 resource_err=0
ai model_ready=1 submitted=0 processed=0 queue_drop=0 result_queue_drop=0 result_queue_backpressure=0 result_queue_depth=0 result_queue_high_watermark=0 store_err=0 feature_err=0 runtime_err=0 last_event=0 class=0 confidence_permille=0

[2026-08-22T02:04:29.190408+00:00] TX
ps

[2026-08-22T02:04:30.992112+00:00] RX
ps
thread       pri  status      sp     stack size max used left tick   error  tcb addr   usage
------------ ---  ------- ---------- ----------  ------  ---------- ------- ---------- -----
sysreport     12  suspend 0x000001ec 0x00000800     71%   0x00000002 EINTRPT 0x24046068  N/A
led_hb        20  suspend 0x0000006c 0x00000200     22%   0x0000000a EINTRPT 0x24045da8  N/A
event          9  suspend 0x00000114 0x00000800     15%   0x00000002 EINTRPT 0x240454e8  N/A
imu_acq        8  suspend 0x00000094 0x00000800     15%   0x00000009 EINTRPT 0x24044c28  N/A
ai            15  suspend 0x0000033c 0x00000600     54%   0x0000000a EINTRPT 0x24044568  N/A
terp_rx       18  suspend 0x00000084 0x00001000     33%   0x0000000a EINTRPT 0x240434a8  N/A
tshell        20  running 0x00000214 0x00000800     56%   0x00000002 OK      0x240427c8  N/A
tidle0        31  ready   0x00000054 0x00000400     12%   0x00000017 OK      0x24041320  N/A
timer          4  suspend 0x00000074 0x00000200     22%   0x0000000a EINTRPT 0x24041900  N/A
msh >
msh >imu services=2407 samples=77024 fifo_max_bytes=512 fifo_empty=0 fifo_count_err=0 fifo_capacity_err=0 fifo_read_err=0 fifo_parse_err=0 dma_start_err=0 dma_timeout=0 dma_complete_err=0 pool_min_free=166 pool_backpressure=0 blocks=2407 
event state=0 pretrigger_blocks=25 busy=0 export_err=0 resource_err=0
ai model_ready=1 submitted=0 processed=0 queue_drop=0 result_queue_drop=0 result_queue_backpressure=0 result_queue_depth=0 result_queue_high_watermark=0 store_err=0 feature_err=0 runtime_err=0 last_event=0 class=0 confidence_permille=0
imu services=2459 samples=78688 fifo_max_bytes=512 fifo_empty=0 fifo_count_err=0 fifo_capacity_err=0 fifo_read_err=0 fifo_parse_e
[2026-08-22T02:04:31.278706+00:00] RX_PRE_COMMAND
rr=0 dma_start_err=0 dma_timeout=0 dma_complete_err=0 pool_min_free=166 pool_backpressure=0 blocks=2459 
event state=0 pretrigger_blocks=25 busy=0 export_err=0 resource_err=0
ai model_ready=1 submitted=0 processed=0 queue_drop=0 result_queue_drop=0 result_queue_backpressure=0 result_queue_depth=0 result_queue_high_watermark=0 store_err=0 feature_err=0 runtime_err=0 last_event=0 class=0 confidence_permille=0

[2026-08-22T02:04:31.278706+00:00] TX
event status

[2026-08-22T02:04:33.085417+00:00] RX
event status
event state=0 pretrigger_blocks=25 busy=0 export_err=0 resource_err=0
msh >
msh >imu services=2512 samples=80352 fifo_max_bytes=512 fifo_empty=0 fifo_count_err=0 fifo_capacity_err=0 fifo_read_err=0 fifo_parse_err=0 dma_start_err=0 dma_timeout=0 dma_complete_err=0 pool_min_free=166 pool_backpressure=0 blocks=2511 
event state=0 pretrigger_blocks=25 busy=0 export_err=0 resource_err=0
ai model_ready=1 submitted=0 processed=0 queue_drop=0 result_queue_drop=0 result_queue_backpressure=0 result_queue_depth=0 result_queue_high_watermark=0 store_err=0 feature_err=0 runtime_err=0 last_event=0 class=0 confidence_permille=0
imu services=2564 samples=82048 fifo_max_bytes=512 fifo_empty=0 fifo_count_err=0 fifo_capacity_err=0 fifo_read_err=0 fifo_parse_e
[2026-08-22T02:04:44.339020+00:00] RX_PRE_COMMAND
rr=0 dma_start_err=0 dma_timeout=0 dma_complete_err=0 pool_min_free=166 pool_backpressure=0 blocks=2564 
event state=0 pretrigger_blocks=25 busy=0 export_err=0 resource_err=0
ai model_ready=1 submitted=0 processed=0 queue_drop=0 result_queue_drop=0 result_queue_backpressure=0 result_queue_depth=0 result_queue_high_watermark=0 store_err=0 feature_err=0 runtime_err=0 last_event=0 class=0 confidence_permille=0
imu services=2616 samples=83712 fifo_max_bytes=512 fifo_empty=0 fifo_count_err=0 fifo_capacity_err=0 fifo_read_err=0 fifo_parse_err=0 dma_start_err=0 dma_timeout=0 dma_complete_err=0 pool_min_free=166 pool_backpressure=0 blocks=2616 
event state=0 pretrigger_blocks=25 busy=0 export_err=0 resource_err=0
ai model_ready=1 submitted=0 processed=0 queue_drop=0 result_queue_drop=0 result_queue_backpressure=0 result_queue_depth=0 result_queue_high_watermark=0 store_err=0 feature_err=0 runtime_err=0 last_event=0 class=0 confidence_permille=0
imu services=2668 samples=85376 fifo_max_bytes=512 fifo_empty=0 fifo_count_err=0 fifo_capacity_err=0 fifo_read_err=0 fifo_parse_err=0 dma_start_err=0 dma_timeout=0 dma_complete_err=0 pool_min_free=166 pool_backpressure=0 blocks=2668 
event state=0 pretrigger_blocks=25 busy=0 export_err=0 resource_err=0
ai model_ready=1 submitted=0 processed=0 queue_drop=0 result_queue_drop=0 result_queue_backpressure=0 result_queue_depth=0 result_queue_high_watermark=0 store_err=0 feature_err=0 runtime_err=0 last_event=0 class=0 confidence_permille=0
imu services=2721 samples=87072 fifo_max_bytes=512 fifo_empty=0 fifo_count_err=0 fifo_capacity_err=0 fifo_read_err=0 fifo_parse_err=0 dma_start_err=0 dma_timeout=0 dma_complete_err=0 pool_min_free=166 pool_backpressure=0 blocks=2721 
event state=0 pretrigger_blocks=25 busy=0 export_err=0 resource_err=0
ai model_ready=1 submitted=0 processed=0 queue_drop=0 result_queue_drop=0 result_queue_backpressure=0 result_queue_depth=0 result_queue_high_watermark=0 store_err=0 feature_err=0 runtime_err=0 last_event=0 class=0 confidence_permille=0
imu services=2773 samples=88736 fifo_max_bytes=512 fifo_empty=0 fifo_count_err=0 fifo_capacity_err=0 fifo_read_err=0 fifo_parse_err=0 dma_start_err=0 dma_timeout=0 dma_complete_err=0 pool_min_free=166 pool_backpressure=0 blocks=2773 
event state=0 pretrigger_blocks=25 busy=0 export_err=0 resource_err=0
ai model_ready=1 submitted=0 processed=0 queue_drop=0 result_queue_drop=0 result_queue_backpressure=0 result_queue_depth=0 result_queue_high_watermark=0 store_err=0 feature_err=0 runtime_err=0 last_event=0 class=0 confidence_permille=0
imu services=2825 samples=90400 fifo_max_bytes=512 fifo_empty=0 fifo_count_err=0 fifo_capacity_err=0 fifo_read_err=0 fifo_parse_err=0 dma_start_err=0 dma_timeout=0 dma_complete_err=0 pool_min_free=166 pool_backpressure=0 blocks=2825 
event state=0 pretrigger_blocks=25 busy=0 export_err=0 resource_err=0
ai model_ready=1 submitted=0 processed=0 queue_drop=0 result_queue_drop=0 result_queue_backpressure=0 result_queue_depth=0 result_queue_high_watermark=0 store_err=0 feature_err=0 runtime_err=0 last_event=0 class=0 confidence_permille=0
imu services=2878 samples=92064 fifo_max_bytes=512 fifo_empty=0 fifo_count_err=0 fifo_capacity_err=0 fifo_read_err=0 fifo_parse_err=0 dma_start_err=0 dma_timeout=0 dma_complete_err=0 pool_min_free=166 pool_backpressure=0 blocks=2877 
event state=0 pretrigger_blocks=25 busy=0 export_err=0 resource_err=0
ai model_ready=1 submitted=0 processed=0 queue_drop=0 result_queue_drop=0 result_queue_backpressure=0 result_queue_depth=0 result_queue_high_watermark=0 store_err=0 feature_err=0 runtime_err=0 last_event=0 class=0 confidence_permille=0
imu services=2930 samples=93760 fifo_max_bytes=512 fifo_empty=0 fifo_count_err=0 fifo_capacity_err=0 fifo_read_err=0 fifo_parse_err=0 dma_start_err=0 dma_timeout=0 dma_complete_err=0 pool_min_free=166 pool_backpressure=0 blocks=2930 
event state=0 pretrigger_blocks=25 busy=0 export_err=0 resource_err=0
ai model_ready=1 submitted=0 processed=0 queue_drop=0 result_queue_drop=0 result_queue_backpressure=0 result_queue_depth=0 result_queue_high_watermark=0 store_err=0 feature_err=0 runtime_err=0 last_event=0 class=0 confidence_permille=0
imu services=2982 samples=95424 fifo_max_bytes=512 fifo_empty=0 fifo_count_err=0 fifo_capacity_err=0 fifo_read_err=0 fifo_parse_err=0 dma_start_err=0 dma_timeout=0 dma_complete_err=0 pool_min_free=166 pool_backpressure=0 blocks=2982 
event state=0 pretrigger_blocks=25 busy=0 export_err=0 resource_err=0
ai model_ready=1 submitted=0 processed=0 queue_drop=0 result_queue_drop=0 result_queue_backpressure=0 result_queue_depth=0 result_queue_high_watermark=0 store_err=0 feature_err=0 runtime_err=0 last_event=0 class=0 confidence_permille=0
imu services=3035 samples=97088 fifo_max_bytes=512 fifo_empty=0 fifo_count_err=0 fifo_capacity_err=0 fifo_read_err=0 fifo_parse_err=0 dma_start_err=0 dma_timeout=0 dma_complete_err=0 pool_min_free=166 pool_backpressure=0 blocks=3034 
event state=0 pretrigger_blocks=25 busy=0 export_err=0 resource_err=0
ai model_ready=1 submitted=0 processed=0 queue_drop=0 result_queue_drop=0 result_queue_backpressure=0 result_queue_depth=0 result_queue_high_watermark=0 store_err=0 feature_err=0 runtime_err=0 last_event=0 class=0 confidence_permille=0
imu services=3087 samples=98784 fifo_max_bytes=512 fifo_empty=0 fifo_count_err=0 fifo_capacity_err=0 fifo_read_err=0 fifo_parse_err=0 dma_start_err=0 dma_timeout=0 dma_complete_err=0 pool_min_free=166 pool_backpressure=0 blocks=3087 
event state=0 pretrigger_blocks=25 busy=0 export_err=0 resource_err=0
ai model_ready=1 submitted=0 processed=0 queue_drop=0 result_queue_drop=0 result_queue_backpressure=0 result_queue_depth=0 result_queue_high_watermark=0 store_err=0 feature_err=0 runtime_err=0 last_event=0 class=0 confidence_permille=0

[2026-08-22T02:04:44.339020+00:00] TX
ps

[2026-08-22T02:04:46.204127+00:00] RX
ps
thread       pri  status      sp     stack size max used left tick   error  tcb addr   usage
------------ ---  ------- ---------- ----------  ------  ---------- ------- ---------- -----
sysreport     12  suspend 0x000001ec 0x00000800     71%   0x00000002 EINTRPT 0x24046068  N/A
led_hb        20  suspend 0x0000006c 0x00000200     22%   0x0000000a EINTRPT 0x24045da8  N/A
event          9  suspend 0x00000114 0x00000800     15%   0x0000000a EINTRPT 0x240454e8  N/A
imu_acq        8  suspend 0x00000094 0x00000800     15%   0x00000003 EINTRPT 0x24044c28  N/A
ai            15  suspend 0x0000033c 0x00000600     54%   0x0000000a EINTRPT 0x24044568  N/A
terp_rx       18  suspend 0x00000084 0x00001000     33%   0x0000000a EINTRPT 0x240434a8  N/A
tshell        20  running 0x00000214 0x00000800     56%   0x00000004 OK      0x240427c8  N/A
tidle0        31  ready   0x00000054 0x00000400     12%   0x0000001c OK      0x24041320  N/A
timer          4  suspend 0x00000074 0x00000200     22%   0x0000000a EINTRPT 0x24041900  N/A
msh >
msh >imu services=3139 samples=100448 fifo_max_bytes=512 fifo_empty=0 fifo_count_err=0 fifo_capacity_err=0 fifo_read_err=0 fifo_parse_err=0 dma_start_err=0 dma_timeout=0 dma_complete_err=0 pool_min_free=166 pool_backpressure=0 blocks=3139 
event state=0 pretrigger_blocks=25 busy=0 export_err=0 resource_err=0
ai model_ready=1 submitted=0 processed=0 queue_drop=0 result_queue_drop=0 result_queue_backpressure=0 result_queue_depth=0 result_queue_high_watermark=0 store_err=0 feature_err=0 runtime_err=0 last_event=0 class=0 confidence_permille=0
firmware_version=phase08-terp-uart3
git_revision_or_local=ee588c47ffaf07436626b00f4a3884c908a5138f
build_time=Aug 22 2026 09:44:21
sysclk_hz=240000000
rt_tick_hz=1000
reset_reason=0x01fe0000
heap_free_bytes=236392
thread_count=9
imu services=3193 samples=102144 fifo_max_bytes=512 fifo_empty=0 fifo_count_err=0 fifo_capacity_err=0 fifo_read_err=0 fifo_parse_err=0 dma_start_err=0 dma_timeout=0 dma_complete_err=0 pool_min_free=166 pool_backpressure=0 blocks=3192 
event state=0 pretrigger_blocks=25 busy=0 export_err=0 resource_err=0
ai model_ready=1 submitted=0 processed=0 queue_drop=0 result_queue_drop=0 result_queue_backpressure=0 result_queue_depth=0 result_queue_high_watermark=0 store_err=0 feature_err=0 runtime_err=0 last_event=0 class=0 confidence_permille=0

[2026-08-22T02:04:46.453720+00:00] TX
event status

[2026-08-22T02:04:48.293846+00:00] RX
event status
event state=0 pretrigger_blocks=25 busy=0 export_err=0 resource_err=0
msh >
msh >imu services=3245 samples=103840 fifo_max_bytes=512 fifo_empty=0 fifo_count_err=0 fifo_capacity_err=0 fifo_read_err=0 fifo_parse_err=0 dma_start_err=0 dma_timeout=0 dma_complete_err=0 pool_min_free=166 pool_backpressure=0 blocks=3245 
event state=0 pretrigger_blocks=25 busy=0 export_err=0 resource_err=0
ai model_ready=1 submitted=0 processed=0 queue_drop=0 result_queue_drop=0 result_queue_backpressure=0 result_queue_depth=0 result_queue_high_watermark=0 store_err=0 feature_err=0 runtime_err=0 last_event=0 class=0 confidence_permille=0
imu services=3297 samples=105504 fifo_max_bytes=512 fifo_empty=0 fifo_count_err=0 fifo_capacity_err=0 fifo_read_err=0 fifo_parse_err=0 dma_start_err=0 dma_timeout=0 dma_complete_err=0 pool_min_free=166 pool_backpressure=0 blocks=3297 
event state=0 pretrigger_blocks=25 busy=0 export_err=0 resource_err=0
ai model_ready=1 submitted=0 processed=0 queue_drop=0 result_queue_drop=0 result_queue_backpressure=0 result_queue_depth=0 result_queue_high_watermark=0 store_err=0 feature_err=0 runtime_err=0 last_event=0 class=0 confidence_permille=0

[2026-08-22T02:04:49.846194+00:00] RX_PRE_COMMAND
imu services=3350 samples=107168 fifo_max_bytes=512 fifo_empty=0 fifo_count_err=0 fifo_capacity_err=0 fifo_read_err=0 fifo_parse_err=0 dma_start_err=0 dma_timeout=0 dma_complete_err=0 pool_min_free=166 pool_backpressure=0 blocks=3349 
event state=0 pretrigger_blocks=25 busy=0 export_err=0 resource_err=0
ai model_ready=1 submitted=0 processed=0 queue_drop=0 result_queue_drop=0 result_queue_backpressure=0 result_queue_depth=0 result_queue_high_watermark=0 store_err=0 feature_err=0 runtime_err=0 last_event=0 class=0 confidence_permille=0
i
[2026-08-22T02:04:49.846194+00:00] TX
event trigger_test

[2026-08-22T02:04:52.385858+00:00] RX
mu services=3402 samples=108864 fifo_max_bytes=512 fifo_empty=0 fifo_count_err=0 fifo_capacity_err=0 fifo_read_err=0 fifo_parse_err=0 dma_start_err=0 dma_timeout=0 dma_complete_err=0 pool_min_free=166 pool_backpressure=0 blocks=3402 
event state=0 pretrigger_blocks=25 busy=0 export_err=0 resource_err=0
ai model_ready=1 submitted=0 processed=0 queue_drop=0 result_queue_drop=0 result_queue_backpressure=0 result_queue_depth=0 result_queue_high_watermark=0 store_err=0 feature_err=0 runtime_err=0 last_event=0 class=0 confidence_permille=0
event trigger_test
msh >
msh >event log write begins
event log write complete
imu services=3520 samples=112608 fifo_max_bytes=512 fifo_empty=0 fifo_count_err=0 fifo_capacity_err=0 fifo_read_err=0 fifo_parse_err=0 dma_start_err=0 dma_timeout=0 dma_complete_err=0 pool_min_free=52 pool_backpressure=0 blocks=3519 
event state=0 pretrigger_blocks=25 busy=0 export_err=0 resource_err=0
ai model_ready=1 submitted=1 processed=0 queue_drop=0 result_queue_drop=0 result_queue_backpressure=0 result_queue_depth=0 result_queue_high_watermark=0 store_err=0 feature_err=0 runtime_err=0 last_event=0 class=0 confidence_permille=0

[2026-08-22T02:04:59.454335+00:00] RX_PRE_COMMAND
imu services=3572 samples=114304 fifo_max_bytes=512 fifo_empty=0 fifo_count_err=0 fifo_capacity_err=0 fifo_read_err=0 fifo_parse_err=0 dma_start_err=0 dma_timeout=0 dma_complete_err=0 pool_min_free=52 pool_backpressure=0 blocks=3572 
event state=0 pretrigger_blocks=25 busy=0 export_err=0 resource_err=0
ai model_ready=1 submitted=1 processed=1 queue_drop=0 result_queue_drop=0 result_queue_backpressure=0 result_queue_depth=0 result_queue_high_watermark=1 store_err=0 feature_err=0 runtime_err=0 last_event=44 class=0 confidence_permille=994
imu services=3624 samples=115968 fifo_max_bytes=512 fifo_empty=0 fifo_count_err=0 fifo_capacity_err=0 fifo_read_err=0 fifo_parse_err=0 dma_start_err=0 dma_timeout=0 dma_complete_err=0 pool_min_free=52 pool_backpressure=0 blocks=3624 
event state=0 pretrigger_blocks=25 busy=0 export_err=0 resource_err=0
ai model_ready=1 submitted=1 processed=1 queue_drop=0 result_queue_drop=0 result_queue_backpressure=0 result_queue_depth=0 result_queue_high_watermark=1 store_err=0 feature_err=0 runtime_err=0 last_event=44 class=0 confidence_permille=994
imu services=3677 samples=117632 fifo_max_bytes=512 fifo_empty=0 fifo_count_err=0 fifo_capacity_err=0 fifo_read_err=0 fifo_parse_err=0 dma_start_err=0 dma_timeout=0 dma_complete_err=0 pool_min_free=52 pool_backpressure=0 blocks=3676 
event state=0 pretrigger_blocks=25 busy=0 export_err=0 resource_err=0
ai model_ready=1 submitted=1 processed=1 queue_drop=0 result_queue_drop=0 result_queue_backpressure=0 result_queue_depth=0 result_queue_high_watermark=1 store_err=0 feature_err=0 runtime_err=0 last_event=44 class=0 confidence_permille=994
imu services=3729 samples=119328 fifo_max_bytes=512 fifo_empty=0 fifo_count_err=0 fifo_capacity_err=0 fifo_read_err=0 fifo_parse_err=0 dma_start_err=0 dma_timeout=0 dma_complete_err=0 pool_min_free=52 pool_backpressure=0 blocks=3729 
event state=0 pretrigger_blocks=25 busy=0 export_err=0 resource_err=0
ai model_ready=1 submitted=1 processed=1 queue_drop=0 result_queue_drop=0 result_queue_backpressure=0 result_queue_depth=0 result_queue_high_watermark=1 store_err=0 feature_err=0 runtime_err=0 last_event=44 class=0 confidence_permille=994
imu services=3781 samples=120992 fifo_max_bytes=512 fifo_empty=0 fifo_count_err=0 fifo_capacity_err=0 fifo_read_err=0 fifo_parse_err=0 dma_start_err=0 dma_timeout=0 dma_complete_err=0 pool_min_free=52 pool_backpressure=0 blocks=3781 
event state=0 pretrigger_blocks=25 busy=0 export_err=0 resource_err=0
ai model_ready=1 submitted=1 processed=1 queue_drop=0 result_queue_drop=0 result_queue_backpressure=0 result_queue_depth=0 result_queue_high_watermark=1 store_err=0 feature_err=0 runtime_err=0 last_event=44 class=0 confidence_permille=994
imu services=3834 samples=122656 fifo_max_bytes=512 fifo_empty=0 fifo_count_err=0 fifo_capacity_err=0 fifo_read_err=0 fifo_parse_err=0 dma_start_err=0 dma_timeout=0 dma_complete_err=0 pool_min_free=52 pool_backpressure=0 blocks=3833 
event state=0 pretrigger_blocks=25 busy=0 export_err=0 resource_err=0
ai model_ready=1 submitted=1 processed=1 queue_drop=0 result_queue_drop=0 result_queue_backpressure=0 result_queue_depth=0 result_queue_high_watermark=1 store_err=0 feature_err=0 runtime_err=0 last_event=44 class=0 confidence_permille=994

[2026-08-22T02:04:59.454846+00:00] TX
ps

[2026-08-22T02:05:01.372974+00:00] RX
ps
thread       pri  status      sp     stack size max used left tick   error  tcb addr   usage
------------ ---  ------- ---------- ----------  ------  ---------- ------- ---------- -----
sysreport     12  suspend 0x000001ec 0x00000800     71%   0x00000006 EINTRPT 0x24046068  N/A
led_hb        20  suspend 0x0000006c 0x00000200     22%   0x0000000a EINTRPT 0x24045da8  N/A
event          9  suspend 0x00000114 0x00000800     79%   0x00000009 EINTRPT 0x240454e8  N/A
imu_acq        8  suspend 0x00000094 0x00000800     15%   0x00000004 EINTRPT 0x24044c28  N/A
ai            15  suspend 0x000003c4 0x00000600     86%   0x00000007 EINTRPT 0x24044568  N/A
terp_rx       18  suspend 0x00000084 0x00001000     33%   0x00000009 EINTRPT 0x240434a8  N/A
tshell        20  running 0x00000214 0x00000800     56%   0x0000000a OK      0x240427c8  N/A
tidleimu services=3886 samples=124352 fifo_max_bytes=512 fifo_empty=0 fifo_count_err=0 fifo_capacity_err=0 fifo_read_err=0 fifo_parse_err=0 dma_start_err=0 dma_timeout=0 dma_complete_err=0 pool_min_free=52 pool_backpressure=0 blocks=3886 
event state=0 pretrigger_blocks=25 busy=0 export_err=0 resource_err=0
ai model_ready=1 submitted=1 processed=1 queue_drop=0 result_queue_drop=0 result_queue_backpressure=0 result_queue_depth=0 result_queue_high_watermark=1 store_err=0 feature_err=0 runtime_err=0 last_event=44 class=0 confidence_permille=994
del_ready=1  ready   0x00000054 0x00000400     12%   0x00000012 OK      0x24041320  N/A
timer          4  suspend 0x00000074 0x00000200     22%   0x0000000a EINTRPT 0x24041900  N/A
msh >
msh >imu services=3938 samples=126016 fifo_max_bytes=512 fifo_empty=0 fifo_count_err=0 fifo_capacity_err=0 fifo_read_err=0 fifo_parse_err=0 dma_start_err=0 dma_timeout=0 dma_complete_err=0 pool_min_free=52 pool_backpressure=0 blocks=3938 
event state=0 pretrigger_blocks=25 busy=0 export_err=0 resource_err=0
ai model_ready=1 submitted=1 processed=1 queue_drop=0 result_queue_drop=0 result_queue_backpressure=0 result_queue_depth=0 result_queue_high_watermark=1 store_err=0 feature_err=0 runtime_err=0 last_event=44 class=0 confidence_permille=994

[2026-08-22T02:05:01.621689+00:00] TX
event status

[2026-08-22T02:05:03.481106+00:00] RX
event status
event simu services=3990 samples=127680 fifo_max_bytes=512 fifo_empty=0 fifo_count_err=0 fifo_capacity_err=0 fifo_read_err=0 fifo_parse_err=0 dma_start_err=0 dma_timeout=0 dma_complete_err=0 pool_min_free=52 pool_backpressure=0 blocks=3990 
event state=0 pretrigger_blocks=25 busy=0 export_err=0 resource_err=0
ai model_ready=1 submitted=1 processed=1 queue_drop=0 result_queue_drop=0 result_queue_backpressure=0 result_queue_depth=0 result_queue_high_watermark=1 store_err=0 feature_err=0 runtime_err=0 last_event=44 class=0 confidence_permille=994
l_ready=1 submitted=1 processed=1 queue_drop=0 result_queue_dromsh >
msh >imu services=4043 samples=129376 fifo_max_bytes=512 fifo_empty=0 fifo_count_err=0 fifo_capacity_err=0 fifo_read_err=0 fifo_parse_err=0 dma_start_err=0 dma_timeout=0 dma_complete_err=0 pool_min_free=52 pool_backpressure=0 blocks=4043 
event state=0 pretrigger_blocks=25 busy=0 export_err=0 resource_err=0
ai model_ready=1 submitted=1 processed=1 queue_drop=0 result_queue_drop=0 result_queue_backpressure=0 result_queue_depth=0 result_queue_high_watermark=1 store_err=0 feature_err=0 runtime_err=0 last_event=44 class=0 confidence_permille=994

[2026-08-22T02:05:14.496177+00:00] RX_PRE_COMMAND
imu services=4095 samples=131040 fifo_max_bytes=512 fifo_empty=0 fifo_count_err=0 fifo_capacity_err=0 fifo_read_err=0 fifo_parse_err=0 dma_start_err=0 dma_timeout=0 dma_complete_err=0 pool_min_free=52 pool_backpressure=0 blocks=4095 
event state=0 pretrigger_blocks=25 busy=0 export_err=0 resource_err=0
ai model_ready=1 submitted=1 processed=1 queue_drop=0 result_queue_drop=0 result_queue_backpressure=0 result_queue_depth=0 result_queue_high_watermark=1 store_err=0 feature_err=0 runtime_err=0 last_event=44 class=0 confidence_permille=994
imu services=4147 samples=132704 fifo_max_bytes=512 fifo_empty=0 fifo_count_err=0 fifo_capacity_err=0 fifo_read_err=0 fifo_parse_err=0 dma_start_err=0 dma_timeout=0 dma_complete_err=0 pool_min_free=52 pool_backpressure=0 blocks=4147 
event state=0 pretrigger_blocks=25 busy=0 export_err=0 resource_err=0
ai model_ready=1 submitted=1 processed=1 queue_drop=0 result_queue_drop=0 result_queue_backpressure=0 result_queue_depth=0 result_queue_high_watermark=1 store_err=0 feature_err=0 runtime_err=0 last_event=44 class=0 confidence_permille=994
imu services=4200 samples=134368 fifo_max_bytes=512 fifo_empty=0 fifo_count_err=0 fifo_capacity_err=0 fifo_read_err=0 fifo_parse_err=0 dma_start_err=0 dma_timeout=0 dma_complete_err=0 pool_min_free=52 pool_backpressure=0 blocks=4199 
event state=0 pretrigger_blocks=25 busy=0 export_err=0 resource_err=0
ai model_ready=1 submitted=1 processed=1 queue_drop=0 result_queue_drop=0 result_queue_backpressure=0 result_queue_depth=0 result_queue_high_watermark=1 store_err=0 feature_err=0 runtime_err=0 last_event=44 class=0 confidence_permille=994
imu services=4252 samples=136064 fifo_max_bytes=512 fifo_empty=0 fifo_count_err=0 fifo_capacity_err=0 fifo_read_err=0 fifo_parse_err=0 dma_start_err=0 dma_timeout=0 dma_complete_err=0 pool_min_free=52 pool_backpressure=0 blocks=4252 
event state=0 pretrigger_blocks=25 busy=0 export_err=0 resource_err=0
ai model_ready=1 submitted=1 processed=1 queue_drop=0 result_queue_drop=0 result_queue_backpressure=0 result_queue_depth=0 result_queue_high_watermark=1 store_err=0 feature_err=0 runtime_err=0 last_event=44 class=0 confidence_permille=994
imu services=4304 samples=137728 fifo_max_bytes=512 fifo_empty=0 fifo_count_err=0 fifo_capacity_err=0 fifo_read_err=0 fifo_parse_err=0 dma_start_err=0 dma_timeout=0 dma_complete_err=0 pool_min_free=52 pool_backpressure=0 blocks=4304 
event state=0 pretrigger_blocks=25 busy=0 export_err=0 resource_err=0
ai model_ready=1 submitted=1 processed=1 queue_drop=0 result_queue_drop=0 result_queue_backpressure=0 result_queue_depth=0 result_queue_high_watermark=1 store_err=0 feature_err=0 runtime_err=0 last_event=44 class=0 confidence_permille=994
imu services=4357 samples=139392 fifo_max_bytes=512 fifo_empty=0 fifo_count_err=0 fifo_capacity_err=0 fifo_read_err=0 fifo_parse_err=0 dma_start_err=0 dma_timeout=0 dma_complete_err=0 pool_min_free=52 pool_backpressure=0 blocks=4356 
event state=0 pretrigger_blocks=25 busy=0 export_err=0 resource_err=0
ai model_ready=1 submitted=1 processed=1 queue_drop=0 result_queue_drop=0 result_queue_backpressure=0 result_queue_depth=0 result_queue_high_watermark=1 store_err=0 feature_err=0 runtime_err=0 last_event=44 class=0 confidence_permille=994
imu services=4409 samples=141088 fifo_max_bytes=512 fifo_empty=0 fifo_count_err=0 fifo_capacity_err=0 fifo_read_err=0 fifo_parse_err=0 dma_start_err=0 dma_timeout=0 dma_complete_err=0 pool_min_free=52 pool_backpressure=0 blocks=4409 
event state=0 pretrigger_blocks=25 busy=0 export_err=0 resource_err=0
ai model_ready=1 submitted=1 processed=1 queue_drop=0 result_queue_drop=0 result_queue_backpressure=0 result_queue_depth=0 result_queue_high_watermark=1 store_err=0 feature_err=0 runtime_err=0 last_event=44 class=0 confidence_permille=994
imu services=4461 samples=142752 fifo_max_bytes=512 fifo_empty=0 fifo_count_err=0 fifo_capacity_err=0 fifo_read_err=0 fifo_parse_err=0 dma_start_err=0 dma_timeout=0 dma_complete_err=0 pool_min_free=52 pool_backpressure=0 blocks=4461 
event state=0 pretrigger_blocks=25 busy=0 export_err=0 resource_err=0
ai model_ready=1 submitted=1 processed=1 queue_drop=0 result_queue_drop=0 result_queue_backpressure=0 result_queue_depth=0 result_queue_high_watermark=1 store_err=0 feature_err=0 runtime_err=0 last_event=44 class=0 confidence_permille=994
imu services=4514 samples=144416 fifo_max_bytes=512 fifo_empty=0 fifo_count_err=0 fifo_capacity_err=0 fifo_read_err=0 fifo_parse_err=0 dma_start_err=0 dma_timeout=0 dma_complete_err=0 pool_min_free=52 pool_backpressure=0 blocks=4513 
event state=0 pretrigger_blocks=25 busy=0 export_err=0 resource_err=0
ai model_ready=1 submitted=1 processed=1 queue_drop=0 result_queue_drop=0 result_queue_backpressure=0 result_queue_depth=0 result_queue_high_watermark=1 store_err=0 feature_err=0 runtime_err=0 last_event=44 class=0 confidence_permille=994
imu services=4566 samples=146112 fifo_max_bytes=512 fifo_empty=0 fifo_count_err=0 fifo_capacity_err=0 fifo_read_err=0 fifo_parse_err=0 dma_start_err=0 dma_timeout=0 dma_complete_err=0 pool_min_free=52 pool_backpressure=0 blocks=4566 
event state=0 pretrigger_blocks=25 busy=0 export_err=0 resource_err=0
ai model_ready=1 submitted=1 processed=1 queue_drop=0 result_queue_drop=0 result_queue_backpressure=0 result_queue_depth=0 result_queue_high_watermark=1 store_err=0 feature_err=0 runtime_err=0 last_event=44 class=0 confidence_permille=994
imu services=4618 samples=147776 fifo_max_bytes=512 fifo_empty=0 fifo_count_err=0 fifo_capacity_err=0 fifo_read_err=0 fifo_parse_err=0 dma_start_err=0 dma_timeout=0 dma_complete_err=0 pool_min_free=52 pool_backpressure=0 blocks=4618 
event state=0 pretrigger_blocks=25 busy=0 export_err=0 resource_err=0
ai model_ready=1 submitted=1 processed=1 queue_drop=0 result_queue_drop=0 result_queue_backpressure=0 result_queue_depth=0 result_queue_high_watermark=1 store_err=0 feature_err=0 runtime_err=0 last_event=44 class=0 confidence_permille=994

[2026-08-22T02:05:14.496177+00:00] TX
ps

[2026-08-22T02:05:16.305841+00:00] RX
ps
thread       pri  status      sp     stack size max used left tick   error  tcb addr   usage
------------ ---  ------- ---------- ----------  ------  ---------- ------- ---------- -----
sysreport     12  suspend 0x000001ec 0x00000800     71%   0x00000004 EINTRPT 0x24046068  N/A
led_hb        20  suspend 0x0000006c 0x00000200     22%   0x0000000a EINTRPT 0x24045da8  N/A
event          9  suspend 0x00000114 0x00000800     79%   0x00000009 EINTRPT 0x240454e8  N/A
imu_acq        8  suspend 0x00000094 0x00000800     15%   0x00000007 EINTRPT 0x24044c28  N/A
ai            15  suspend 0x000003c4 0x00000600     86%   0x00000007 EINTRPT 0x24044568  N/A
terp_rx       18  suspend 0x00000084 0x00001000     33%   0x00000001 EINTRPT 0x240434a8  N/A
tshell        20  running 0x00000214 0x00000800     56%   0x00000008 OK      0x240427c8  N/A
tidle0        31  ready   0x0000007c 0x00000400     12%   0x00000010 OK      0x24041320  N/A
timer          4  suspend 0x00000074 0x00000200     22%   0x0000000a EINTRPT 0x24041900  N/A
msh >
msh >imu services=4671 samples=149440 fifo_max_bytes=512 fifo_empty=0 fifo_count_err=0 fifo_capacity_err=0 fifo_read_err=0 fifo_parse_err=0 dma_start_err=0 dma_timeout=0 dma_complete_err=0 pool_min_free=52 pool_backpressure=0 blocks=4670 
event state=0 pretrigger_blocks=25 busy=0 export_err=0 resource_err=0
ai model_ready=1 submitted=1 processed=1 queue_drop=0 result_queue_drop=0 result_queue_backpressure=0 result_queue_depth=0 result_queue_high_watermark=1 store_err=0 feature_err=0 runtime_err=0 last_event=44 class=0 confidence_permille=994
imu services=4723 samples=151136 fifo_max_bytes=512 fifo_empty=0 fifo_count_err=0 fifo_capacity_err=0 fifo_read_err=0 fifo_parse_err=0 dma_start_err=0 dma_timeout=0 dma_complete_err=0 pool_min_free=52 pool_backpressure=0 blocks=4723 
event state=0 pretrigg
[2026-08-22T02:05:16.591562+00:00] RX_PRE_COMMAND
er_blocks=25 busy=0 export_err=0 resource_err=0
ai model_ready=1 submitted=1 processed=1 queue_drop=0 result_queue_drop=0 result_queue_backpressure=0 result_queue_depth=0 result_queue_high_watermark=1 store_err=0 feature_err=0 runtime_err=0 last_event=44 class=0 confidence_permille=994

[2026-08-22T02:05:16.591562+00:00] TX
event status

[2026-08-22T02:05:18.396861+00:00] RX
event status
event state=0 pretrigger_blocks=25 busy=0 export_err=0 resource_err=0
msh >
msh >imu services=4775 samples=152800 fifo_max_bytes=512 fifo_empty=0 fifo_count_err=0 fifo_capacity_err=0 fifo_read_err=0 fifo_parse_err=0 dma_start_err=0 dma_timeout=0 dma_complete_err=0 pool_min_free=52 pool_backpressure=0 blocks=4775 
event state=0 pretrigger_blocks=25 busy=0 export_err=0 resource_err=0
ai model_ready=1 submitted=1 processed=1 queue_drop=0 result_queue_drop=0 result_queue_backpressure=0 result_queue_depth=0 result_queue_high_watermark=1 store_err=0 feature_err=0 runtime_err=0 last_event=44 class=0 confidence_permille=994
imu services=4827 samples=154464 fifo_max_bytes=512 fifo_empty=0 fifo_count_err=0 fifo_capacity_err=0 fifo_read_err=0 fifo_parse_err=0 dma_start_err=0 dma_timeout=0 dma_complete_err=0 pool_min_free=52 pool_backpressure=0 bloc
[2026-08-22T02:05:29.454200+00:00] RX_PRE_COMMAND
ks=4827 
event state=0 pretrigger_blocks=25 busy=0 export_err=0 resource_err=0
ai model_ready=1 submitted=1 processed=1 queue_drop=0 result_queue_drop=0 result_queue_backpressure=0 result_queue_depth=0 result_queue_high_watermark=1 store_err=0 feature_err=0 runtime_err=0 last_event=44 class=0 confidence_permille=994
imu services=4880 samples=156160 fifo_max_bytes=512 fifo_empty=0 fifo_count_err=0 fifo_capacity_err=0 fifo_read_err=0 fifo_parse_err=0 dma_start_err=0 dma_timeout=0 dma_complete_err=0 pool_min_free=52 pool_backpressure=0 blocks=4880 
event state=0 pretrigger_blocks=25 busy=0 export_err=0 resource_err=0
ai model_ready=1 submitted=1 processed=1 queue_drop=0 result_queue_drop=0 result_queue_backpressure=0 result_queue_depth=0 result_queue_high_watermark=1 store_err=0 feature_err=0 runtime_err=0 last_event=44 class=0 confidence_permille=994
imu services=4932 samples=157824 fifo_max_bytes=512 fifo_empty=0 fifo_count_err=0 fifo_capacity_err=0 fifo_read_err=0 fifo_parse_err=0 dma_start_err=0 dma_timeout=0 dma_complete_err=0 pool_min_free=52 pool_backpressure=0 blocks=4932 
event state=0 pretrigger_blocks=25 busy=0 export_err=0 resource_err=0
ai model_ready=1 submitted=1 processed=1 queue_drop=0 result_queue_drop=0 result_queue_backpressure=0 result_queue_depth=0 result_queue_high_watermark=1 store_err=0 feature_err=0 runtime_err=0 last_event=44 class=0 confidence_permille=994
imu services=4984 samples=159488 fifo_max_bytes=512 fifo_empty=0 fifo_count_err=0 fifo_capacity_err=0 fifo_read_err=0 fifo_parse_err=0 dma_start_err=0 dma_timeout=0 dma_complete_err=0 pool_min_free=52 pool_backpressure=0 blocks=4984 
event state=0 pretrigger_blocks=25 busy=0 export_err=0 resource_err=0
ai model_ready=1 submitted=1 processed=1 queue_drop=0 result_queue_drop=0 result_queue_backpressure=0 result_queue_depth=0 result_queue_high_watermark=1 store_err=0 feature_err=0 runtime_err=0 last_event=44 class=0 confidence_permille=994
imu services=5037 samples=161152 fifo_max_bytes=512 fifo_empty=0 fifo_count_err=0 fifo_capacity_err=0 fifo_read_err=0 fifo_parse_err=0 dma_start_err=0 dma_timeout=0 dma_complete_err=0 pool_min_free=52 pool_backpressure=0 blocks=5036 
event state=0 pretrigger_blocks=25 busy=0 export_err=0 resource_err=0
ai model_ready=1 submitted=1 processed=1 queue_drop=0 result_queue_drop=0 result_queue_backpressure=0 result_queue_depth=0 result_queue_high_watermark=1 store_err=0 feature_err=0 runtime_err=0 last_event=44 class=0 confidence_permille=994
imu services=5089 samples=162848 fifo_max_bytes=512 fifo_empty=0 fifo_count_err=0 fifo_capacity_err=0 fifo_read_err=0 fifo_parse_err=0 dma_start_err=0 dma_timeout=0 dma_complete_err=0 pool_min_free=52 pool_backpressure=0 blocks=5089 
event state=0 pretrigger_blocks=25 busy=0 export_err=0 resource_err=0
ai model_ready=1 submitted=1 processed=1 queue_drop=0 result_queue_drop=0 result_queue_backpressure=0 result_queue_depth=0 result_queue_high_watermark=1 store_err=0 feature_err=0 runtime_err=0 last_event=44 class=0 confidence_permille=994
imu services=5141 samples=164512 fifo_max_bytes=512 fifo_empty=0 fifo_count_err=0 fifo_capacity_err=0 fifo_read_err=0 fifo_parse_err=0 dma_start_err=0 dma_timeout=0 dma_complete_err=0 pool_min_free=52 pool_backpressure=0 blocks=5141 
event state=0 pretrigger_blocks=25 busy=0 export_err=0 resource_err=0
ai model_ready=1 submitted=1 processed=1 queue_drop=0 result_queue_drop=0 result_queue_backpressure=0 result_queue_depth=0 result_queue_high_watermark=1 store_err=0 feature_err=0 runtime_err=0 last_event=44 class=0 confidence_permille=994
imu services=5194 samples=166176 fifo_max_bytes=512 fifo_empty=0 fifo_count_err=0 fifo_capacity_err=0 fifo_read_err=0 fifo_parse_err=0 dma_start_err=0 dma_timeout=0 dma_complete_err=0 pool_min_free=52 pool_backpressure=0 blocks=5193 
event state=0 pretrigger_blocks=25 busy=0 export_err=0 resource_err=0
ai model_ready=1 submitted=1 processed=1 queue_drop=0 result_queue_drop=0 result_queue_backpressure=0 result_queue_depth=0 result_queue_high_watermark=1 store_err=0 feature_err=0 runtime_err=0 last_event=44 class=0 confidence_permille=994
imu services=5246 samples=167872 fifo_max_bytes=512 fifo_empty=0 fifo_count_err=0 fifo_capacity_err=0 fifo_read_err=0 fifo_parse_err=0 dma_start_err=0 dma_timeout=0 dma_complete_err=0 pool_min_free=52 pool_backpressure=0 blocks=5246 
event state=0 pretrigger_blocks=25 busy=0 export_err=0 resource_err=0
ai model_ready=1 submitted=1 processed=1 queue_drop=0 result_queue_drop=0 result_queue_backpressure=0 result_queue_depth=0 result_queue_high_watermark=1 store_err=0 feature_err=0 runtime_err=0 last_event=44 class=0 confidence_permille=994
imu services=5298 samples=169536 fifo_max_bytes=512 fifo_empty=0 fifo_count_err=0 fifo_capacity_err=0 fifo_read_err=0 fifo_parse_err=0 dma_start_err=0 dma_timeout=0 dma_complete_err=0 pool_min_free=52 pool_backpressure=0 blocks=5298 
event state=0 pretrigger_blocks=25 busy=0 export_err=0 resource_err=0
ai model_ready=1 submitted=1 processed=1 queue_drop=0 result_queue_drop=0 result_queue_backpressure=0 result_queue_depth=0 result_queue_high_watermark=1 store_err=0 feature_err=0 runtime_err=0 last_event=44 class=0 confidence_permille=994
imu services=5351 samples=171200 fifo_max_bytes=512 fifo_empty=0 fifo_count_err=0 fifo_capacity_err=0 fifo_read_err=0 fifo_parse_err=0 dma_start_err=0 dma_timeout=0 dma_complete_err=0 pool_min_free=52 pool_backpressure=0 blocks=5350 
event state=0 pretrigger_blocks=25 busy=0 export_err=0 resource_err=0
ai model_ready=1 submitted=1 processed=1 queue_drop=0 result_queue_drop=0 result_queue_backpressure=0 result_queue_depth=0 result_queue_high_watermark=1 store_err=0 feature_err=0 runtime_err=0 last_event=44 class=0 confidence_permille=994

[2026-08-22T02:05:29.454200+00:00] TX
ps

[2026-08-22T02:05:31.357118+00:00] RX
ps
thread       pri  status      sp     stack size max used left tick   error  tcb addr   usage
------------ ---  ------- ---------- ----------  ------  ---------- ------- ---------- -----
sysreport     12  suspend 0x000001ec 0x00000800     71%   0x00000001 EINTRPT 0x24046068  N/A
led_hb        20  suspend 0x0000006c 0x00000200     22%   0x0000000a EINTRPT 0x24045da8  N/A
event          9  suspend 0x00000114 0x00000800     79%   0x00000008 EINTRPT 0x240454e8  N/A
imu_acq        8  suspend 0x00000094 0x00000800     15%   0x00000006 EINTRPT 0x24044c28  N/A
ai            15  suspend 0x000003c4 0x00000600     86%   0x00000007 EINTRPT 0x24044568  N/A
terp_rx       18  suspend 0x00000084 0x00001000     34%   0x00000007 EINTRPT 0x240434a8  N/A
tshell        20  running 0x00000214 0x00000800     56%   0x00000007 OK      0x240427c8  N/A
tidle0        31  ready   0x00000054 0x00000400     12%   0x00000020 OK      0x24041320  N/A
timer          4  suspend 0x00000074 0x00000200     22%   0x0000000a EINTRPT 0x24041900  N/A
msh >
msh >imu services=5403 samples=172896 fifo_max_bytes=512 fifo_empty=0 fifo_count_err=0 fifo_capacity_err=0 fifo_read_err=0 fifo_parse_err=0 dma_start_err=0 dma_timeout=0 dma_complete_err=0 pool_min_free=52 pool_backpressure=0 blocks=5403 
event state=0 pretrigger_blocks=25 busy=0 export_err=0 resource_err=0
ai model_ready=1 submitted=1 processed=1 queue_drop=0 result_queue_drop=0 result_queue_backpressure=0 result_queue_depth=0 result_queue_high_watermark=1 store_err=0 feature_err=0 runtime_err=0 last_event=44 class=0 confidence_permille=994
imu services=5455 samples=174560 fifo_max_bytes=512 fifo_empty=0 fifo_count_err=0 fifo_capacity_err=0 fifo_read_err=0 fifo_parse_err=0 dma_start_err=0 dma_timeout=0 dma_complete_err=0 pool_min_free=52 pool_backpressure=0 blocks=5455 
event state=0 pretrigger_blocks=25 busy=0 export_err=0 resource_err=0
ai model_ready=1 submitted=1 processed=1 queue_drop=0 result_queue_drop=0 result_queue_backpressure=0 result_queue_depth=0 result_queue_high_watermark=1 store_err=0 feature_err=0 runtime_err=0 last_event=44 class=0 confidence_permille=994

[2026-08-22T02:05:31.605286+00:00] TX
event status

[2026-08-22T02:05:33.463124+00:00] RX
event status
event state=0 pretrigger_blocks=25 busy=0 export_err=0 resource_err=0
msh >
msh >imu services=5507 samples=176224 fifo_max_bytes=512 fifo_empty=0 fifo_count_err=0 fifo_capacity_err=0 fifo_read_err=0 fifo_parse_err=0 dma_start_err=0 dma_timeout=0 dma_complete_err=0 pool_min_free=52 pool_backpressure=0 blocks=5507 
event state=0 pretrigger_blocks=25 busy=0 export_err=0 resource_err=0
ai model_ready=1 submitted=1 processed=1 queue_drop=0 result_queue_drop=0 result_queue_backpressure=0 result_queue_depth=0 result_queue_high_watermark=1 store_err=0 feature_err=0 runtime_err=0 last_event=44 class=0 confidence_permille=994
imu services=5560 samples=177920 fifo_max_bytes=512 fifo_empty=0 fifo_count_err=0 fifo_capacity_err=0 fifo_read_err=0 fifo_parse_err=0 dma_start_err=0 dma_timeout=0 dma_complete_err=0 pool_min_free=52 pool_backpressure=0 blocks=5560 
event state=0 pretrigger_blocks=25 busy=0 export_err=0 resource_err=0
ai model_ready=1 submitted=1 processed=1 queue_drop=0 result_queue_drop=0 result_queue_backpressure=0 result_queue_depth=0 result_queue_high_watermark=1 store_err=0 feature_err=0 runtime_err=0 last_event=44 class=0 confidence_permille=994

[2026-08-22T02:05:44.482236+00:00] RX_PRE_COMMAND
imu services=5612 samples=179584 fifo_max_bytes=512 fifo_empty=0 fifo_count_err=0 fifo_capacity_err=0 fifo_read_err=0 fifo_parse_err=0 dma_start_err=0 dma_timeout=0 dma_complete_err=0 pool_min_free=52 pool_backpressure=0 blocks=5612 
event state=0 pretrigger_blocks=25 busy=0 export_err=0 resource_err=0
ai model_ready=1 submitted=1 processed=1 queue_drop=0 result_queue_drop=0 result_queue_backpressure=0 result_queue_depth=0 result_queue_high_watermark=1 store_err=0 feature_err=0 runtime_err=0 last_event=44 class=0 confidence_permille=994
imu services=5664 samples=181248 fifo_max_bytes=512 fifo_empty=0 fifo_count_err=0 fifo_capacity_err=0 fifo_read_err=0 fifo_parse_err=0 dma_start_err=0 dma_timeout=0 dma_complete_err=0 pool_min_free=52 pool_backpressure=0 blocks=5664 
event state=0 pretrigger_blocks=25 busy=0 export_err=0 resource_err=0
ai model_ready=1 submitted=1 processed=1 queue_drop=0 result_queue_drop=0 result_queue_backpressure=0 result_queue_depth=0 result_queue_high_watermark=1 store_err=0 feature_err=0 runtime_err=0 last_event=44 class=0 confidence_permille=994
imu services=5717 samples=182912 fifo_max_bytes=512 fifo_empty=0 fifo_count_err=0 fifo_capacity_err=0 fifo_read_err=0 fifo_parse_err=0 dma_start_err=0 dma_timeout=0 dma_complete_err=0 pool_min_free=52 pool_backpressure=0 blocks=5716 
event state=0 pretrigger_blocks=25 busy=0 export_err=0 resource_err=0
ai model_ready=1 submitted=1 processed=1 queue_drop=0 result_queue_drop=0 result_queue_backpressure=0 result_queue_depth=0 result_queue_high_watermark=1 store_err=0 feature_err=0 runtime_err=0 last_event=44 class=0 confidence_permille=994
imu services=5769 samples=184608 fifo_max_bytes=512 fifo_empty=0 fifo_count_err=0 fifo_capacity_err=0 fifo_read_err=0 fifo_parse_err=0 dma_start_err=0 dma_timeout=0 dma_complete_err=0 pool_min_free=52 pool_backpressure=0 blocks=5769 
event state=0 pretrigger_blocks=25 busy=0 export_err=0 resource_err=0
ai model_ready=1 submitted=1 processed=1 queue_drop=0 result_queue_drop=0 result_queue_backpressure=0 result_queue_depth=0 result_queue_high_watermark=1 store_err=0 feature_err=0 runtime_err=0 last_event=44 class=0 confidence_permille=994
imu services=5821 samples=186272 fifo_max_bytes=512 fifo_empty=0 fifo_count_err=0 fifo_capacity_err=0 fifo_read_err=0 fifo_parse_err=0 dma_start_err=0 dma_timeout=0 dma_complete_err=0 pool_min_free=52 pool_backpressure=0 blocks=5821 
event state=0 pretrigger_blocks=25 busy=0 export_err=0 resource_err=0
ai model_ready=1 submitted=1 processed=1 queue_drop=0 result_queue_drop=0 result_queue_backpressure=0 result_queue_depth=0 result_queue_high_watermark=1 store_err=0 feature_err=0 runtime_err=0 last_event=44 class=0 confidence_permille=994
imu services=5874 samples=187936 fifo_max_bytes=512 fifo_empty=0 fifo_count_err=0 fifo_capacity_err=0 fifo_read_err=0 fifo_parse_err=0 dma_start_err=0 dma_timeout=0 dma_complete_err=0 pool_min_free=52 pool_backpressure=0 blocks=5873 
event state=0 pretrigger_blocks=25 busy=0 export_err=0 resource_err=0
ai model_ready=1 submitted=1 processed=1 queue_drop=0 result_queue_drop=0 result_queue_backpressure=0 result_queue_depth=0 result_queue_high_watermark=1 store_err=0 feature_err=0 runtime_err=0 last_event=44 class=0 confidence_permille=994
imu services=5926 samples=189632 fifo_max_bytes=512 fifo_empty=0 fifo_count_err=0 fifo_capacity_err=0 fifo_read_err=0 fifo_parse_err=0 dma_start_err=0 dma_timeout=0 dma_complete_err=0 pool_min_free=52 pool_backpressure=0 blocks=5926 
event state=0 pretrigger_blocks=25 busy=0 export_err=0 resource_err=0
ai model_ready=1 submitted=1 processed=1 queue_drop=0 result_queue_drop=0 result_queue_backpressure=0 result_queue_depth=0 result_queue_high_watermark=1 store_err=0 feature_err=0 runtime_err=0 last_event=44 class=0 confidence_permille=994
imu services=5978 samples=191296 fifo_max_bytes=512 fifo_empty=0 fifo_count_err=0 fifo_capacity_err=0 fifo_read_err=0 fifo_parse_err=0 dma_start_err=0 dma_timeout=0 dma_complete_err=0 pool_min_free=52 pool_backpressure=0 blocks=5978 
event state=0 pretrigger_blocks=25 busy=0 export_err=0 resource_err=0
ai model_ready=1 submitted=1 processed=1 queue_drop=0 result_queue_drop=0 result_queue_backpressure=0 result_queue_depth=0 result_queue_high_watermark=1 store_err=0 feature_err=0 runtime_err=0 last_event=44 class=0 confidence_permille=994
imu services=6031 samples=192960 fifo_max_bytes=512 fifo_empty=0 fifo_count_err=0 fifo_capacity_err=0 fifo_read_err=0 fifo_parse_err=0 dma_start_err=0 dma_timeout=0 dma_complete_err=0 pool_min_free=52 pool_backpressure=0 blocks=6030 
event state=0 pretrigger_blocks=25 busy=0 export_err=0 resource_err=0
ai model_ready=1 submitted=1 processed=1 queue_drop=0 result_queue_drop=0 result_queue_backpressure=0 result_queue_depth=0 result_queue_high_watermark=1 store_err=0 feature_err=0 runtime_err=0 last_event=44 class=0 confidence_permille=994
imu services=6083 samples=194656 fifo_max_bytes=512 fifo_empty=0 fifo_count_err=0 fifo_capacity_err=0 fifo_read_err=0 fifo_parse_err=0 dma_start_err=0 dma_timeout=0 dma_complete_err=0 pool_min_free=52 pool_backpressure=0 blocks=6083 
event state=0 pretrigger_blocks=25 busy=0 export_err=0 resource_err=0
ai model_ready=1 submitted=1 processed=1 queue_drop=0 result_queue_drop=0 result_queue_backpressure=0 result_queue_depth=0 result_queue_high_watermark=1 store_err=0 feature_err=0 runtime_err=0 last_event=44 class=0 confidence_permille=994

[2026-08-22T02:05:44.482236+00:00] TX
ps

[2026-08-22T02:05:46.400880+00:00] RX
ps
thread       pri  status      sp     stack size max used left tick   error  tcb addr   usage
------------ ---  ------- ---------- ----------  ------  ---------- ------- ---------- -----
sysreport     12  suspend 0x000001ec 0x00000800     71%   0x00000008 EINTRPT 0x24046068  N/A
led_hb        20  suspend 0x0000006c 0x00000200     22%   0x0000000a EINTRPT 0x24045da8  N/A
event          9  suspend 0x00000114 0x00000800     79%   0x00000004 EINTRPT 0x240454e8  N/A
imu_acq        8  suspend 0x00000094 0x00000800     15%   0x0000000a EINTRPT 0x24044c28  N/A
ai            15  suspend 0x000003c4 0x00000600     86%   0x00000007 EINTRPT 0x24044568  N/A
terp_rx       18  suspend 0x00000084 0x00001000     34%   0x00000002imu services=6135 samples=196320 fifo_max_bytes=512 fifo_empty=0 fifo_count_err=0 fifo_capacity_err=0 fifo_read_err=0 fifo_parse_err=0 dma_start_err=0 dma_timeout=0 dma_complete_err=0 pool_min_free=52 pool_backpressure=0 blocks=6135 
event state=0 pretrigger_blocks=25 busy=0 export_err=0 resource_err=0
ai model_ready=1 submitted=1 processed=1 queue_drop=0 result_queue_drop=0 result_queue_backpressure=0 result_queue_depth=0 result_queue_high_watermark=1 store_err=0 feature_err=0 runtime_err=0 last_event=44 class=0 confidence_permille=994
eue_drop=0 result_q  N/A
tshell        20  running 0x00000214 0x00000800     56%   0x00000005 OK      0x240427c8  N/A
tidle0        31  ready   0x00000054 0x00000400     12%   0x0000000a OK      0x24041320  N/A
timer          4  suspend 0x00000074 0x00000200     22%   0x0000000a EINTRPT 0x24041900  N/A
msh >
msh >imu services=6187 samples=197984 fifo_max_bytes=512 fifo_empty=0 fifo_count_err=0 fifo_capacity_err=0 fifo_read_err=0 fifo_parse_err=0 dma_start_err=0 dma_timeout=0 dma_complete_err=0 pool_min_free=52 pool_backpressure=0 blocks=6187 
event state=0 pretrigger_blocks=25 busy=0 export_err=0 resource_err=0
ai model_ready=1 submitted=1 processed=1 queue_drop=0 result_queue_drop=0 result_queue_backpressure=0 result_queue_depth=0 result_queue_high_watermark=1 store_err=0 feature_err=0 runtime_err=0 last_event=44 class=0 confidence_permille=994

[2026-08-22T02:05:46.652088+00:00] TX
event status

[2026-08-22T02:05:48.489463+00:00] RX
imu services=6240 samples=199680 fifo_max_bytes=512 fifo_empty=0 fifo_count_err=0 fifo_capacity_err=0 fifo_read_err=0 fifo_parse_err=0 dma_start_err=0 dma_timeout=0 dma_complete_err=0 pool_min_free=52 pool_backpressure=0 blocks=6240 
event state=0 pretrigger_blocks=25 busy=0 export_err=0 resource_err=0
ai model_ready=1 submitted=1 processed=1 queue_drop=0 result_queue_drop=0 result_queue_backpressure=0 result_queue_depth=0 result_queue_high_watermark=1 store_err=0 feature_err=0 runtime_err=0 last_event=44 class=0 confidence_permille=994
event status
event state=0 pretrigger_blocks=25 busy=0 export_err=0 resource_err=0
msh >
msh >imu services=6292 samples=201344 fifo_max_bytes=512 fifo_empty=0 fifo_count_err=0 fifo_capacity_err=0 fifo_read_err=0 fifo_parse_err=0 dma_start_err=0 dma_timeout=0 dma_complete_err=0 pool_min_free=52 pool_backpressure=0 blocks=6292 
event state=0 pretrigger_blocks=25 busy=0 export_err=0 resource_err=0
ai model_ready=1 submitted=1 processed=1 queue_drop=0 result_queue_drop=0 result_queue_backpressure=0 result_queue_depth=0 result_queue_high_watermark=1 store_err=0 feature_err=0 runtime_err=0 last_event=44 class=0 confidence_permille=994

[2026-08-22T02:05:59.521296+00:00] RX_PRE_COMMAND
imu services=6344 samples=203008 fifo_max_bytes=512 fifo_empty=0 fifo_count_err=0 fifo_capacity_err=0 fifo_read_err=0 fifo_parse_err=0 dma_start_err=0 dma_timeout=0 dma_complete_err=0 pool_min_free=52 pool_backpressure=0 blocks=6344 
event state=0 pretrigger_blocks=25 busy=0 export_err=0 resource_err=0
ai model_ready=1 submitted=1 processed=1 queue_drop=0 result_queue_drop=0 result_queue_backpressure=0 result_queue_depth=0 result_queue_high_watermark=1 store_err=0 feature_err=0 runtime_err=0 last_event=44 class=0 confidence_permille=994
firmware_version=phase08-terp-uart3
git_revision_or_local=ee588c47ffaf07436626b00f4a3884c908a5138f
build_time=Aug 22 2026 09:44:21
sysclk_hz=240000000
rt_tick_hz=1000
reset_reason=0x01fe0000
heap_free_bytes=236392
thread_count=9
imu services=6398 samples=204736 fifo_max_bytes=512 fifo_empty=0 fifo_count_err=0 fifo_capacity_err=0 fifo_read_err=0 fifo_parse_err=0 dma_start_err=0 dma_timeout=0 dma_complete_err=0 pool_min_free=52 pool_backpressure=0 blocks=6398 
event state=0 pretrigger_blocks=25 busy=0 export_err=0 resource_err=0
ai model_ready=1 submitted=1 processed=1 queue_drop=0 result_queue_drop=0 result_queue_backpressure=0 result_queue_depth=0 result_queue_high_watermark=1 store_err=0 feature_err=0 runtime_err=0 last_event=44 class=0 confidence_permille=994
imu services=6450 samples=206400 fifo_max_bytes=512 fifo_empty=0 fifo_count_err=0 fifo_capacity_err=0 fifo_read_err=0 fifo_parse_err=0 dma_start_err=0 dma_timeout=0 dma_complete_err=0 pool_min_free=52 pool_backpressure=0 blocks=6450 
event state=0 pretrigger_blocks=25 busy=0 export_err=0 resource_err=0
ai model_ready=1 submitted=1 processed=1 queue_drop=0 result_queue_drop=0 result_queue_backpressure=0 result_queue_depth=0 result_queue_high_watermark=1 store_err=0 feature_err=0 runtime_err=0 last_event=44 class=0 confidence_permille=994
imu services=6502 samples=208064 fifo_max_bytes=512 fifo_empty=0 fifo_count_err=0 fifo_capacity_err=0 fifo_read_err=0 fifo_parse_err=0 dma_start_err=0 dma_timeout=0 dma_complete_err=0 pool_min_free=52 pool_backpressure=0 blocks=6502 
event state=0 pretrigger_blocks=25 busy=0 export_err=0 resource_err=0
ai model_ready=1 submitted=1 processed=1 queue_drop=0 result_queue_drop=0 result_queue_backpressure=0 result_queue_depth=0 result_queue_high_watermark=1 store_err=0 feature_err=0 runtime_err=0 last_event=44 class=0 confidence_permille=994
imu services=6555 samples=209728 fifo_max_bytes=512 fifo_empty=0 fifo_count_err=0 fifo_capacity_err=0 fifo_read_err=0 fifo_parse_err=0 dma_start_err=0 dma_timeout=0 dma_complete_err=0 pool_min_free=52 pool_backpressure=0 blocks=6554 
event state=0 pretrigger_blocks=25 busy=0 export_err=0 resource_err=0
ai model_ready=1 submitted=1 processed=1 queue_drop=0 result_queue_drop=0 result_queue_backpressure=0 result_queue_depth=0 result_queue_high_watermark=1 store_err=0 feature_err=0 runtime_err=0 last_event=44 class=0 confidence_permille=994
imu services=6607 samples=211424 fifo_max_bytes=512 fifo_empty=0 fifo_count_err=0 fifo_capacity_err=0 fifo_read_err=0 fifo_parse_err=0 dma_start_err=0 dma_timeout=0 dma_complete_err=0 pool_min_free=52 pool_backpressure=0 blocks=6607 
event state=0 pretrigger_blocks=25 busy=0 export_err=0 resource_err=0
ai model_ready=1 submitted=1 processed=1 queue_drop=0 result_queue_drop=0 result_queue_backpressure=0 result_queue_depth=0 result_queue_high_watermark=1 store_err=0 feature_err=0 runtime_err=0 last_event=44 class=0 confidence_permille=994
imu services=6659 samples=213088 fifo_max_bytes=512 fifo_empty=0 fifo_count_err=0 fifo_capacity_err=0 fifo_read_err=0 fifo_parse_err=0 dma_start_err=0 dma_timeout=0 dma_complete_err=0 pool_min_free=52 pool_backpressure=0 blocks=6659 
event state=0 pretrigger_blocks=25 busy=0 export_err=0 resource_err=0
ai model_ready=1 submitted=1 processed=1 queue_drop=0 result_queue_drop=0 result_queue_backpressure=0 result_queue_depth=0 result_queue_high_watermark=1 store_err=0 feature_err=0 runtime_err=0 last_event=44 class=0 confidence_permille=994
imu services=6712 samples=214752 fifo_max_bytes=512 fifo_empty=0 fifo_count_err=0 fifo_capacity_err=0 fifo_read_err=0 fifo_parse_err=0 dma_start_err=0 dma_timeout=0 dma_complete_err=0 pool_min_free=52 pool_backpressure=0 blocks=6711 
event state=0 pretrigger_blocks=25 busy=0 export_err=0 resource_err=0
ai model_ready=1 submitted=1 processed=1 queue_drop=0 result_queue_drop=0 result_queue_backpressure=0 result_queue_depth=0 result_queue_high_watermark=1 store_err=0 feature_err=0 runtime_err=0 last_event=44 class=0 confidence_permille=994
imu services=6764 samples=216448 fifo_max_bytes=512 fifo_empty=0 fifo_count_err=0 fifo_capacity_err=0 fifo_read_err=0 fifo_parse_err=0 dma_start_err=0 dma_timeout=0 dma_complete_err=0 pool_min_free=52 pool_backpressure=0 blocks=6764 
event state=0 pretrigger_blocks=25 busy=0 export_err=0 resource_err=0
ai model_ready=1 submitted=1 processed=1 queue_drop=0 result_queue_drop=0 result_queue_backpressure=0 result_queue_depth=0 result_queue_high_watermark=1 store_err=0 feature_err=0 runtime_err=0 last_event=44 class=0 confidence_permille=994
imu services=6816 samples=218112 fifo_max_bytes=512 fifo_empty=0 fifo_count_err=0 fifo_capacity_err=0 fifo_read_err=0 fifo_parse_err=0 dma_start_err=0 dma_timeout=0 dma_complete_err=0 pool_min_free=52 pool_backpressure=0 blocks=6816 
event state=0 pretrigger_blocks=25 busy=0 export_err=0 resource_err=0
ai model_ready=1 submitted=1 processed=1 queue_drop=0 result_queue_drop=0 result_queue_backpressure=0 result_queue_depth=0 result_queue_high_watermark=1 store_err=0 feature_err=0 runtime_err=0 last_event=44 class=0 confidence_permille=994
imu services=6869 samples=219776 fifo_max_bytes=512 fifo_empty=0 fifo_count_err=0 fifo_capacity_err=0 fifo_read_err=0 fifo_parse_err=0 dma_start_err=0 dma_timeout=0 dma_complete_err=0 pool_min_free=52 pool_backpressure=0 blocks=6868 
event state=0 pretrigger_blocks=25 busy=0 export_err=0 resource_err=0
ai model_ready=1 submitted=1 processed=1 queue_drop=0 result_queue_drop=0 result_queue_backpressure=0 result_queue_depth=0 result_queue_high_watermark=1 store_err=0 feature_err=0 runtime_err=0 last_event=44 class=0 confidence_permille=994

[2026-08-22T02:05:59.521808+00:00] TX
ps

[2026-08-22T02:06:01.334378+00:00] RX
ps
thread       pri  status      sp     stack size max used left tick   error  tcb addr   usage
------------ ---  ------- ---------- ----------  ------  ---------- ------- ---------- -----
sysreport     12  suspend 0x000001ec 0x00000800     75%   0x00000006 EINTRPT 0x24046068  N/A
led_hb        20  suspend 0x0000006c 0x00000200     22%   0x0000000a EINTRPT 0x24045da8  N/A
event          9  suspend 0x00000114 0x00000800     79%   0x00000004 EINTRPT 0x240454e8  N/A
imu_acq        8  suspend 0x000000ec 0x00000800     15%   0x00000002 EINTRPT 0x24044c28  N/A
ai            15  suspend 0x000003c4 0x00000600     86%   0x00000007 EINTRPT 0x24044568  N/A
terp_rx       18  suspend 0x00000084 0x00001000     34%   0x00000006 EINTRPT 0x240434a8  N/A
tshell        20  running 0x00000214 0x00000800     56%   0x00000008 OK      0x240427c8  N/A
tidle0        31  ready   0x00000054 0x00000400     12%   0x0000000b OK      0x24041320  N/A
timer          4  suspend 0x00000074 0x00000200     22%   0x0000000a EINTRPT 0x24041900  N/A
msh >
msh >imu services=6921 samples=221472 fifo_max_bytes=512 fifo_empty=0 fifo_count_err=0 fifo_capacity_err=0 fifo_read_err=0 fifo_parse_err=0 dma_start_err=0 dma_timeout=0 dma_complete_err=0 pool_min_free=52 pool_backpressure=0 blocks=6921 
event state=0 pretrigger_blocks=25 busy=0 export_err=0 resource_err=0
ai model_ready=1 submitted=1 processed=1 queue_drop=0 result_queue_drop=0 result_queue_backpressure=0 result_queue_depth=0 result_queue_high_watermark=1 store_err=0 feature_err=0 runtime_err=0 last_event=44 class=0 confidence_permille=994

[2026-08-22T02:06:01.614476+00:00] RX_PRE_COMMAND
imu services=6973 samples=223136 fifo_max_bytes=512 fifo_empty=0 fifo_count_err=0 fifo_capacity_err=0 fifo_read_err=0 fifo_parse_err=0 dma_start_err=0 dma_timeout=0 dma_complete_err=0 pool_min_free=52 pool_backpressure=0 blocks=6973 
event state=0 pretrigger_blocks=25 busy=0 export_err=0 resource_err=0
ai model_ready=1 submitted=1 processed=1 queue_drop=0 result_queue_drop=0 result_queue_backpressure=0 result_queue_depth=0 result_queue_high_watermark=1 store_err=0 feature_err=0 runtime_err=0 last_event=44 class=0 confidence_permille=994

[2026-08-22T02:06:01.614476+00:00] TX
event status

[2026-08-22T02:06:03.424502+00:00] RX
event status
event state=0 pretrigger_blocks=25 busy=0 export_err=0 resource_err=0
msh >
msh >imu services=7025 samples=224800 fifo_max_bytes=512 fifo_empty=0 fifo_count_err=0 fifo_capacity_err=0 fifo_read_err=0 fifo_parse_err=0 dma_start_err=0 dma_timeout=0 dma_complete_err=0 pool_min_free=52 pool_backpressure=0 blocks=7025 
event state=0 pretrigger_blocks=25 busy=0 export_err=0 resource_err=0
ai model_ready=1 submitted=1 processed=1 queue_drop=0 result_queue_drop=0 result_queue_backpressure=0 result_queue_depth=0 result_queue_high_watermark=1 store_err=0 feature_err=0 runtime_err=0 last_event=44 class=0 confidence_permille=994

[2026-08-22T02:06:14.686109+00:00] RX_PRE_COMMAND
imu services=7078 samples=226496 fifo_max_bytes=512 fifo_empty=0 fifo_count_err=0 fifo_capacity_err=0 fifo_read_err=0 fifo_parse_err=0 dma_start_err=0 dma_timeout=0 dma_complete_err=0 pool_min_free=52 pool_backpressure=0 blocks=7078 
event state=0 pretrigger_blocks=25 busy=0 export_err=0 resource_err=0
ai model_ready=1 submitted=1 processed=1 queue_drop=0 result_queue_drop=0 result_queue_backpressure=0 result_queue_depth=0 result_queue_high_watermark=1 store_err=0 feature_err=0 runtime_err=0 last_event=44 class=0 confidence_permille=994
imu services=7130 samples=228160 fifo_max_bytes=512 fifo_empty=0 fifo_count_err=0 fifo_capacity_err=0 fifo_read_err=0 fifo_parse_err=0 dma_start_err=0 dma_timeout=0 dma_complete_err=0 pool_min_free=52 pool_backpressure=0 blocks=7130 
event state=0 pretrigger_blocks=25 busy=0 export_err=0 resource_err=0
ai model_ready=1 submitted=1 processed=1 queue_drop=0 result_queue_drop=0 result_queue_backpressure=0 result_queue_depth=0 result_queue_high_watermark=1 store_err=0 feature_err=0 runtime_err=0 last_event=44 class=0 confidence_permille=994
imu services=7182 samples=229824 fifo_max_bytes=512 fifo_empty=0 fifo_count_err=0 fifo_capacity_err=0 fifo_read_err=0 fifo_parse_err=0 dma_start_err=0 dma_timeout=0 dma_complete_err=0 pool_min_free=52 pool_backpressure=0 blocks=7182 
event state=0 pretrigger_blocks=25 busy=0 export_err=0 resource_err=0
ai model_ready=1 submitted=1 processed=1 queue_drop=0 result_queue_drop=0 result_queue_backpressure=0 result_queue_depth=0 result_queue_high_watermark=1 store_err=0 feature_err=0 runtime_err=0 last_event=44 class=0 confidence_permille=994
imu services=7235 samples=231488 fifo_max_bytes=512 fifo_empty=0 fifo_count_err=0 fifo_capacity_err=0 fifo_read_err=0 fifo_parse_err=0 dma_start_err=0 dma_timeout=0 dma_complete_err=0 pool_min_free=52 pool_backpressure=0 blocks=7234 
event state=0 pretrigger_blocks=25 busy=0 export_err=0 resource_err=0
ai model_ready=1 submitted=1 processed=1 queue_drop=0 result_queue_drop=0 result_queue_backpressure=0 result_queue_depth=0 result_queue_high_watermark=1 store_err=0 feature_err=0 runtime_err=0 last_event=44 class=0 confidence_permille=994
imu services=7287 samples=233184 fifo_max_bytes=512 fifo_empty=0 fifo_count_err=0 fifo_capacity_err=0 fifo_read_err=0 fifo_parse_err=0 dma_start_err=0 dma_timeout=0 dma_complete_err=0 pool_min_free=52 pool_backpressure=0 blocks=7287 
event state=0 pretrigger_blocks=25 busy=0 export_err=0 resource_err=0
ai model_ready=1 submitted=1 processed=1 queue_drop=0 result_queue_drop=0 result_queue_backpressure=0 result_queue_depth=0 result_queue_high_watermark=1 store_err=0 feature_err=0 runtime_err=0 last_event=44 class=0 confidence_permille=994
imu services=7339 samples=234848 fifo_max_bytes=512 fifo_empty=0 fifo_count_err=0 fifo_capacity_err=0 fifo_read_err=0 fifo_parse_err=0 dma_start_err=0 dma_timeout=0 dma_complete_err=0 pool_min_free=52 pool_backpressure=0 blocks=7339 
event state=0 pretrigger_blocks=25 busy=0 export_err=0 resource_err=0
ai model_ready=1 submitted=1 processed=1 queue_drop=0 result_queue_drop=0 result_queue_backpressure=0 result_queue_depth=0 result_queue_high_watermark=1 store_err=0 feature_err=0 runtime_err=0 last_event=44 class=0 confidence_permille=994
imu services=7392 samples=236512 fifo_max_bytes=512 fifo_empty=0 fifo_count_err=0 fifo_capacity_err=0 fifo_read_err=0 fifo_parse_err=0 dma_start_err=0 dma_timeout=0 dma_complete_err=0 pool_min_free=52 pool_backpressure=0 blocks=7391 
event state=0 pretrigger_blocks=25 busy=0 export_err=0 resource_err=0
ai model_ready=1 submitted=1 processed=1 queue_drop=0 result_queue_drop=0 result_queue_backpressure=0 result_queue_depth=0 result_queue_high_watermark=1 store_err=0 feature_err=0 runtime_err=0 last_event=44 class=0 confidence_permille=994
imu services=7444 samples=238208 fifo_max_bytes=512 fifo_empty=0 fifo_count_err=0 fifo_capacity_err=0 fifo_read_err=0 fifo_parse_err=0 dma_start_err=0 dma_timeout=0 dma_complete_err=0 pool_min_free=52 pool_backpressure=0 blocks=7444 
event state=0 pretrigger_blocks=25 busy=0 export_err=0 resource_err=0
ai model_ready=1 submitted=1 processed=1 queue_drop=0 result_queue_drop=0 result_queue_backpressure=0 result_queue_depth=0 result_queue_high_watermark=1 store_err=0 feature_err=0 runtime_err=0 last_event=44 class=0 confidence_permille=994
imu services=7496 samples=239872 fifo_max_bytes=512 fifo_empty=0 fifo_count_err=0 fifo_capacity_err=0 fifo_read_err=0 fifo_parse_err=0 dma_start_err=0 dma_timeout=0 dma_complete_err=0 pool_min_free=52 pool_backpressure=0 blocks=7496 
event state=0 pretrigger_blocks=25 busy=0 export_err=0 resource_err=0
ai model_ready=1 submitted=1 processed=1 queue_drop=0 result_queue_drop=0 result_queue_backpressure=0 result_queue_depth=0 result_queue_high_watermark=1 store_err=0 feature_err=0 runtime_err=0 last_event=44 class=0 confidence_permille=994
imu services=7549 samples=241536 fifo_max_bytes=512 fifo_empty=0 fifo_count_err=0 fifo_capacity_err=0 fifo_read_err=0 fifo_parse_err=0 dma_start_err=0 dma_timeout=0 dma_complete_err=0 pool_min_free=52 pool_backpressure=0 blocks=7548 
event state=0 pretrigger_blocks=25 busy=0 export_err=0 resource_err=0
ai model_ready=1 submitted=1 processed=1 queue_drop=0 result_queue_drop=0 result_queue_backpressure=0 result_queue_depth=0 result_queue_high_watermark=1 store_err=0 feature_err=0 runtime_err=0 last_event=44 class=0 confidence_permille=994
imu services=7601 samples=243232 fifo_max_bytes=512 fifo_empty=0 fifo_count_err=0 fifo_capacity_err=0 fifo_read_err=0 fifo_parse_err=0 dma_start_err=0 dma_timeout=0 dma_complete_err=0 pool_min_free=52 pool_backpressure=0 blocks=7601 
event state=0 pretrigger_blocks=25 busy=0 export_err=0 resource_err=0
ai model_ready=1 submitted=1 processed=1 queue_drop=0 result_queue_drop=0 result_queue_backpressure=0 result_queue_depth=0 result_queue_high_watermark=1 store_err=0 feature_err=0 runtime_err=0 last_event=44 class=0 confidence_permille=994

[2026-08-22T02:06:14.687130+00:00] TX
ps

[2026-08-22T02:06:16.523487+00:00] RX
ps
thread       pri  status      sp     stack size max used left tick   error  tcb addr   usage
------------ ---  ------- ---------- ----------  ------  ---------- ------- ---------- -----
sysreport     12  suspend 0x000001ec 0x00000800     75%   0x00000002 EINTRPT 0x24046068  N/A
led_hb        20  suspend 0x0000006c 0x00000200     22%   0x0000000a EINTRPT 0x24045da8  N/A
event          9  suspend 0x00000114 0x00000800     79%   0x00000004 EINTRPT 0x240454e8  N/A
imu_acq        8  suspend 0x00000094 0x00000800     15%   0x00000002 EINTRPT 0x24044c28  N/A
ai            15  suspend 0x000003c4 0x00000600     86%   0x00000007 EINTRPT 0x24044568  N/A
terp_rx       18  suspend 0x00000084 0x00001000     34%   0x00000002 EINTRPT 0x240434a8  N/A
tshell        20  running 0x00000214 0x00000800     56%   0x00000008 OK      0x240427c8  N/A
tidle0        31  ready   0x00000054 0x00000400     12%   0x00000009 OK      0x24041320  N/A
timer          4  suspend 0x00000074 0x00000200     22%   0x0000000a EINTRPT 0x24041900  N/A
msh >
msh >imu services=7653 samples=244896 fifo_max_bytes=512 fifo_empty=0 fifo_count_err=0 fifo_capacity_err=0 fifo_read_err=0 fifo_parse_err=0 dma_start_err=0 dma_timeout=0 dma_complete_err=0 pool_min_free=52 pool_backpressure=0 blocks=7653 
event state=0 pretrigger_blocks=25 busy=0 export_err=0 resource_err=0
ai model_ready=1 submitted=1 processed=1 queue_drop=0 result_queue_drop=0 result_queue_backpressure=0 result_queue_depth=0 result_queue_high_watermark=1 store_err=0 feature_err=0 runtime_err=0 last_event=44 class=0 confidence_permille=994
imu services=7705 samples=246560 fifo_max_bytes=512 fifo_empty=0 fifo_count_err=0 fifo_capacity_err=0 fifo_read_err=0 fifo_parse_err=0 dma_start_err=0 dma_timeout=0 dma_complete_err=0 pool_min_free=52 pool_backpressure=0 blocks=7705 
event state=0 pretrigger_blocks=25 busy=0 export_err=0 resource_err=0
ai model_ready=1 submitted=1 processed=1 queue_drop=0 result_queue_drop=0 result_queue_backpressure=0 result_queue_depth=0 result_queue_high_watermark=1 store_err=0 feature_err=0 runtime_err=0 last_event=44 class=0 confidence_permille=994

[2026-08-22T02:06:16.777077+00:00] TX
event status

[2026-08-22T02:06:18.624398+00:00] RX
event status
event state=0 pretrigger_blocks=25 busy=0 export_err=0 resource_err=0
msh >
msh >imu services=7758 samples=248256 fifo_max_bytes=512 fifo_empty=0 fifo_count_err=0 fifo_capacity_err=0 fifo_read_err=0 fifo_parse_err=0 dma_start_err=0 dma_timeout=0 dma_complete_err=0 pool_min_free=52 pool_backpressure=0 blocks=7758 
event state=0 pretrigger_blocks=25 busy=0 export_err=0 resource_err=0
ai model_ready=1 submitted=1 processed=1 queue_drop=0 result_queue_drop=0 result_queue_backpressure=0 result_queue_depth=0 result_queue_high_watermark=1 store_err=0 feature_err=0 runtime_err=0 last_event=44 class=0 confidence_permille=994
imu services=7810 samples=249920 fifo_max_bytes=512 fifo_empty=0 fifo_count_err=0 fifo_capacity_err=0 fifo_read_err=0 fifo_parse_err=0 dma_start_err=0 dma_timeout=0 dma_complete_err=0 pool_min_free=52 pool_backpressure=0 blocks=7810 
event state=0 pretrigger_blocks=25 busy=0 export_err=0 resource_err=0
ai model_ready=1 submitted=1 processed=1 queue_drop=0 result_queue_drop=0 result_queue_backpressure=0 result_queue_depth=0 result_queue_high_watermark=1 store_err=0 feature_err=0 runtime_err=0 last_event=44 class=0 confidence_permille=994

[2026-08-22T02:06:29.882248+00:00] RX_PRE_COMMAND
imu services=7862 samples=251584 fifo_max_bytes=512 fifo_empty=0 fifo_count_err=0 fifo_capacity_err=0 fifo_read_err=0 fifo_parse_err=0 dma_start_err=0 dma_timeout=0 dma_complete_err=0 pool_min_free=52 pool_backpressure=0 blocks=7862 
event state=0 pretrigger_blocks=25 busy=0 export_err=0 resource_err=0
ai model_ready=1 submitted=1 processed=1 queue_drop=0 result_queue_drop=0 result_queue_backpressure=0 result_queue_depth=0 result_queue_high_watermark=1 store_err=0 feature_err=0 runtime_err=0 last_event=44 class=0 confidence_permille=994
imu services=7915 samples=253280 fifo_max_bytes=512 fifo_empty=0 fifo_count_err=0 fifo_capacity_err=0 fifo_read_err=0 fifo_parse_err=0 dma_start_err=0 dma_timeout=0 dma_complete_err=0 pool_min_free=52 pool_backpressure=0 blocks=7915 
event state=0 pretrigger_blocks=25 busy=0 export_err=0 resource_err=0
ai model_ready=1 submitted=1 processed=1 queue_drop=0 result_queue_drop=0 result_queue_backpressure=0 result_queue_depth=0 result_queue_high_watermark=1 store_err=0 feature_err=0 runtime_err=0 last_event=44 class=0 confidence_permille=994
imu services=7967 samples=254944 fifo_max_bytes=512 fifo_empty=0 fifo_count_err=0 fifo_capacity_err=0 fifo_read_err=0 fifo_parse_err=0 dma_start_err=0 dma_timeout=0 dma_complete_err=0 pool_min_free=52 pool_backpressure=0 blocks=7967 
event state=0 pretrigger_blocks=25 busy=0 export_err=0 resource_err=0
ai model_ready=1 submitted=1 processed=1 queue_drop=0 result_queue_drop=0 result_queue_backpressure=0 result_queue_depth=0 result_queue_high_watermark=1 store_err=0 feature_err=0 runtime_err=0 last_event=44 class=0 confidence_permille=994
imu services=8019 samples=256608 fifo_max_bytes=512 fifo_empty=0 fifo_count_err=0 fifo_capacity_err=0 fifo_read_err=0 fifo_parse_err=0 dma_start_err=0 dma_timeout=0 dma_complete_err=0 pool_min_free=52 pool_backpressure=0 blocks=8019 
event state=0 pretrigger_blocks=25 busy=0 export_err=0 resource_err=0
ai model_ready=1 submitted=1 processed=1 queue_drop=0 result_queue_drop=0 result_queue_backpressure=0 result_queue_depth=0 result_queue_high_watermark=1 store_err=0 feature_err=0 runtime_err=0 last_event=44 class=0 confidence_permille=994
imu services=8072 samples=258272 fifo_max_bytes=512 fifo_empty=0 fifo_count_err=0 fifo_capacity_err=0 fifo_read_err=0 fifo_parse_err=0 dma_start_err=0 dma_timeout=0 dma_complete_err=0 pool_min_free=52 pool_backpressure=0 blocks=8071 
event state=0 pretrigger_blocks=25 busy=0 export_err=0 resource_err=0
ai model_ready=1 submitted=1 processed=1 queue_drop=0 result_queue_drop=0 result_queue_backpressure=0 result_queue_depth=0 result_queue_high_watermark=1 store_err=0 feature_err=0 runtime_err=0 last_event=44 class=0 confidence_permille=994
imu services=8124 samples=259968 fifo_max_bytes=512 fifo_empty=0 fifo_count_err=0 fifo_capacity_err=0 fifo_read_err=0 fifo_parse_err=0 dma_start_err=0 dma_timeout=0 dma_complete_err=0 pool_min_free=52 pool_backpressure=0 blocks=8124 
event state=0 pretrigger_blocks=25 busy=0 export_err=0 resource_err=0
ai model_ready=1 submitted=1 processed=1 queue_drop=0 result_queue_drop=0 result_queue_backpressure=0 result_queue_depth=0 result_queue_high_watermark=1 store_err=0 feature_err=0 runtime_err=0 last_event=44 class=0 confidence_permille=994
imu services=8176 samples=261632 fifo_max_bytes=512 fifo_empty=0 fifo_count_err=0 fifo_capacity_err=0 fifo_read_err=0 fifo_parse_err=0 dma_start_err=0 dma_timeout=0 dma_complete_err=0 pool_min_free=52 pool_backpressure=0 blocks=8176 
event state=0 pretrigger_blocks=25 busy=0 export_err=0 resource_err=0
ai model_ready=1 submitted=1 processed=1 queue_drop=0 result_queue_drop=0 result_queue_backpressure=0 result_queue_depth=0 result_queue_high_watermark=1 store_err=0 feature_err=0 runtime_err=0 last_event=44 class=0 confidence_permille=994
imu services=8229 samples=263296 fifo_max_bytes=512 fifo_empty=0 fifo_count_err=0 fifo_capacity_err=0 fifo_read_err=0 fifo_parse_err=0 dma_start_err=0 dma_timeout=0 dma_complete_err=0 pool_min_free=52 pool_backpressure=0 blocks=8228 
event state=0 pretrigger_blocks=25 busy=0 export_err=0 resource_err=0
ai model_ready=1 submitted=1 processed=1 queue_drop=0 result_queue_drop=0 result_queue_backpressure=0 result_queue_depth=0 result_queue_high_watermark=1 store_err=0 feature_err=0 runtime_err=0 last_event=44 class=0 confidence_permille=994
imu services=8281 samples=264992 fifo_max_bytes=512 fifo_empty=0 fifo_count_err=0 fifo_capacity_err=0 fifo_read_err=0 fifo_parse_err=0 dma_start_err=0 dma_timeout=0 dma_complete_err=0 pool_min_free=52 pool_backpressure=0 blocks=8281 
event state=0 pretrigger_blocks=25 busy=0 export_err=0 resource_err=0
ai model_ready=1 submitted=1 processed=1 queue_drop=0 result_queue_drop=0 result_queue_backpressure=0 result_queue_depth=0 result_queue_high_watermark=1 store_err=0 feature_err=0 runtime_err=0 last_event=44 class=0 confidence_permille=994
imu services=8333 samples=266656 fifo_max_bytes=512 fifo_empty=0 fifo_count_err=0 fifo_capacity_err=0 fifo_read_err=0 fifo_parse_err=0 dma_start_err=0 dma_timeout=0 dma_complete_err=0 pool_min_free=52 pool_backpressure=0 blocks=8333 
event state=0 pretrigger_blocks=25 busy=0 export_err=0 resource_err=0
ai model_ready=1 submitted=1 processed=1 queue_drop=0 result_queue_drop=0 result_queue_backpressure=0 result_queue_depth=0 result_queue_high_watermark=1 store_err=0 feature_err=0 runtime_err=0 last_event=44 class=0 confidence_permille=994
imu services=8386 samples=268320 fifo_max_bytes=512 fifo_empty=0 fifo_count_err=0 fifo_capacity_err=0 fifo_read_err=0 fifo_parse_err=0 dma_start_err=0 dma_timeout=0 dma_complete_err=0 pool_min_free=52 pool_backpressure=0 blocks=8385 
event state=0 pretrigger_blocks=25 busy=0 export_err=0 resource_err=0
ai model_ready=1 submitted=1 processed=1 queue_drop=0 result_queue_drop=0 result_queue_backpressure=0 result_queue_depth=0 result_queue_high_watermark=1 store_err=0 feature_err=0 runtime_err=0 last_event=44 class=0 confidence_permille=994

[2026-08-22T02:06:29.882248+00:00] TX
ps

[2026-08-22T02:06:31.694979+00:00] RX
ps
thread       pri  status      sp     stack size max used left tick   error  tcb addr   usage
------------ ---  ------- ---------- ----------  ------  ---------- ------- ---------- -----
sysreport     12  suspend 0x000001ec 0x00000800     75%   0x00000006 EINTRPT 0x24046068  N/A
led_hb        20  suspend 0x0000006c 0x00000200     22%   0x0000000a EINTRPT 0x24045da8  N/A
event          9  suspend 0x00000114 0x00000800     79%   0x00000002 EINTRPT 0x240454e8  N/A
imu_acq        8  suspend 0x000000ec 0x00000800     15%   0x00000002 EINTRPT 0x24044c28  N/A
ai            15  suspend 0x000003c4 0x00000600     86%   0x00000007 EINTRPT 0x24044568  N/A
terp_rx       18  suspend 0x00000084 0x00001000     34%   0x00000007 EINTRPT 0x240434a8  N/A
tshell        20  running 0x00000214 0x00000800     56%   0x00000007 OK      0x240427c8  N/A
tidle0        31  ready   0x00000054 0x00000400     12%   0x00000018 OK      0x24041320  N/A
timer          4  suspend 0x00000074 0x00000200     22%   0x0000000a EINTRPT 0x24041900  N/A
msh >
msh >imu services=8438 samples=270016 fifo_max_bytes=512 fifo_empty=0 fifo_count_err=0 fifo_capacity_err=0 fifo_read_err=0 fifo_parse_err=0 dma_start_err=0 dma_timeout=0 dma_complete_err=0 pool_min_free=52 pool_backpressure=0 blocks=8438 
event state=0 pretrigger_blocks=25 busy=0 export_err=0 resource_err=0
ai model_ready=1 submitted=1 processed=1 queue_drop=0 result_queue_drop=0 result_queue_backpressure=0 result_queue_depth=0 result_queue_high_watermark=1 store_err=0 feature_err=0 runtime_err=0 last_event=44 class=0 confidence_permille=994
imu services=8490 samples=271680 fifo_max_bytes=512 fifo_empty=0 fifo_count_err=0 fifo_capacity_err=0 fifo_read_err=0 fifo_parse_err=0 dma_start_err=0 dma_timeou
[2026-08-22T02:06:31.981733+00:00] RX_PRE_COMMAND
t=0 dma_complete_err=0 pool_min_free=52 pool_backpressure=0 blocks=8490 
event state=0 pretrigger_blocks=25 busy=0 export_err=0 resource_err=0
ai model_ready=1 submitted=1 processed=1 queue_drop=0 result_queue_drop=0 result_queue_backpressure=0 result_queue_depth=0 result_queue_high_watermark=1 store_err=0 feature_err=0 runtime_err=0 last_event=44 class=0 confidence_permille=994

[2026-08-22T02:06:31.981733+00:00] TX
event status

[2026-08-22T02:06:33.788547+00:00] RX
event status
event state=0 pretrigger_blocks=25 busy=0 export_err=0 resource_err=0
msh >
msh >imu services=8542 samples=273344 fifo_max_bytes=512 fifo_empty=0 fifo_count_err=0 fifo_capacity_err=0 fifo_read_err=0 fifo_parse_err=0 dma_start_err=0 dma_timeout=0 dma_complete_err=0 pool_min_free=52 pool_backpressure=0 blocks=8542 
event state=0 pretrigger_blocks=25 busy=0 export_err=0 resource_err=0
ai model_ready=1 submitted=1 processed=1 queue_drop=0 result_queue_drop=0 result_queue_backpressure=0 result_queue_depth=0 result_queue_high_watermark=1 store_err=0 feature_err=0 runtime_err=0 last_event=44 class=0 confidence_permille=994
imu services=8595 samples=275040 fifo_max_bytes=512 fifo_empty=0 fifo_count_err=0 fifo_capacity_err=0 fifo_read_err=0 fifo_parse_err=0 dma_start_err=0 dma_timeou
[2026-08-22T02:06:44.865591+00:00] RX_PRE_COMMAND
t=0 dma_complete_err=0 pool_min_free=52 pool_backpressure=0 blocks=8595 
event state=0 pretrigger_blocks=25 busy=0 export_err=0 resource_err=0
ai model_ready=1 submitted=1 processed=1 queue_drop=0 result_queue_drop=0 result_queue_backpressure=0 result_queue_depth=0 result_queue_high_watermark=1 store_err=0 feature_err=0 runtime_err=0 last_event=44 class=0 confidence_permille=994
imu services=8647 samples=276704 fifo_max_bytes=512 fifo_empty=0 fifo_count_err=0 fifo_capacity_err=0 fifo_read_err=0 fifo_parse_err=0 dma_start_err=0 dma_timeout=0 dma_complete_err=0 pool_min_free=52 pool_backpressure=0 blocks=8647 
event state=0 pretrigger_blocks=25 busy=0 export_err=0 resource_err=0
ai model_ready=1 submitted=1 processed=1 queue_drop=0 result_queue_drop=0 result_queue_backpressure=0 result_queue_depth=0 result_queue_high_watermark=1 store_err=0 feature_err=0 runtime_err=0 last_event=44 class=0 confidence_permille=994
imu services=8699 samples=278368 fifo_max_bytes=512 fifo_empty=0 fifo_count_err=0 fifo_capacity_err=0 fifo_read_err=0 fifo_parse_err=0 dma_start_err=0 dma_timeout=0 dma_complete_err=0 pool_min_free=52 pool_backpressure=0 blocks=8699 
event state=0 pretrigger_blocks=25 busy=0 export_err=0 resource_err=0
ai model_ready=1 submitted=1 processed=1 queue_drop=0 result_queue_drop=0 result_queue_backpressure=0 result_queue_depth=0 result_queue_high_watermark=1 store_err=0 feature_err=0 runtime_err=0 last_event=44 class=0 confidence_permille=994
imu services=8752 samples=280032 fifo_max_bytes=512 fifo_empty=0 fifo_count_err=0 fifo_capacity_err=0 fifo_read_err=0 fifo_parse_err=0 dma_start_err=0 dma_timeout=0 dma_complete_err=0 pool_min_free=52 pool_backpressure=0 blocks=8751 
event state=0 pretrigger_blocks=25 busy=0 export_err=0 resource_err=0
ai model_ready=1 submitted=1 processed=1 queue_drop=0 result_queue_drop=0 result_queue_backpressure=0 result_queue_depth=0 result_queue_high_watermark=1 store_err=0 feature_err=0 runtime_err=0 last_event=44 class=0 confidence_permille=994
imu services=8804 samples=281728 fifo_max_bytes=512 fifo_empty=0 fifo_count_err=0 fifo_capacity_err=0 fifo_read_err=0 fifo_parse_err=0 dma_start_err=0 dma_timeout=0 dma_complete_err=0 pool_min_free=52 pool_backpressure=0 blocks=8804 
event state=0 pretrigger_blocks=25 busy=0 export_err=0 resource_err=0
ai model_ready=1 submitted=1 processed=1 queue_drop=0 result_queue_drop=0 result_queue_backpressure=0 result_queue_depth=0 result_queue_high_watermark=1 store_err=0 feature_err=0 runtime_err=0 last_event=44 class=0 confidence_permille=994
imu services=8856 samples=283392 fifo_max_bytes=512 fifo_empty=0 fifo_count_err=0 fifo_capacity_err=0 fifo_read_err=0 fifo_parse_err=0 dma_start_err=0 dma_timeout=0 dma_complete_err=0 pool_min_free=52 pool_backpressure=0 blocks=8856 
event state=0 pretrigger_blocks=25 busy=0 export_err=0 resource_err=0
ai model_ready=1 submitted=1 processed=1 queue_drop=0 result_queue_drop=0 result_queue_backpressure=0 result_queue_depth=0 result_queue_high_watermark=1 store_err=0 feature_err=0 runtime_err=0 last_event=44 class=0 confidence_permille=994
imu services=8909 samples=285056 fifo_max_bytes=512 fifo_empty=0 fifo_count_err=0 fifo_capacity_err=0 fifo_read_err=0 fifo_parse_err=0 dma_start_err=0 dma_timeout=0 dma_complete_err=0 pool_min_free=52 pool_backpressure=0 blocks=8908 
event state=0 pretrigger_blocks=25 busy=0 export_err=0 resource_err=0
ai model_ready=1 submitted=1 processed=1 queue_drop=0 result_queue_drop=0 result_queue_backpressure=0 result_queue_depth=0 result_queue_high_watermark=1 store_err=0 feature_err=0 runtime_err=0 last_event=44 class=0 confidence_permille=994
imu services=8961 samples=286752 fifo_max_bytes=512 fifo_empty=0 fifo_count_err=0 fifo_capacity_err=0 fifo_read_err=0 fifo_parse_err=0 dma_start_err=0 dma_timeout=0 dma_complete_err=0 pool_min_free=52 pool_backpressure=0 blocks=8961 
event state=0 pretrigger_blocks=25 busy=0 export_err=0 resource_err=0
ai model_ready=1 submitted=1 processed=1 queue_drop=0 result_queue_drop=0 result_queue_backpressure=0 result_queue_depth=0 result_queue_high_watermark=1 store_err=0 feature_err=0 runtime_err=0 last_event=44 class=0 confidence_permille=994
imu services=9013 samples=288416 fifo_max_bytes=512 fifo_empty=0 fifo_count_err=0 fifo_capacity_err=0 fifo_read_err=0 fifo_parse_err=0 dma_start_err=0 dma_timeout=0 dma_complete_err=0 pool_min_free=52 pool_backpressure=0 blocks=9013 
event state=0 pretrigger_blocks=25 busy=0 export_err=0 resource_err=0
ai model_ready=1 submitted=1 processed=1 queue_drop=0 result_queue_drop=0 result_queue_backpressure=0 result_queue_depth=0 result_queue_high_watermark=1 store_err=0 feature_err=0 runtime_err=0 last_event=44 class=0 confidence_permille=994
imu services=9066 samples=290080 fifo_max_bytes=512 fifo_empty=0 fifo_count_err=0 fifo_capacity_err=0 fifo_read_err=0 fifo_parse_err=0 dma_start_err=0 dma_timeout=0 dma_complete_err=0 pool_min_free=52 pool_backpressure=0 blocks=9065 
event state=0 pretrigger_blocks=25 busy=0 export_err=0 resource_err=0
ai model_ready=1 submitted=1 processed=1 queue_drop=0 result_queue_drop=0 result_queue_backpressure=0 result_queue_depth=0 result_queue_high_watermark=1 store_err=0 feature_err=0 runtime_err=0 last_event=44 class=0 confidence_permille=994
imu services=9118 samples=291776 fifo_max_bytes=512 fifo_empty=0 fifo_count_err=0 fifo_capacity_err=0 fifo_read_err=0 fifo_parse_err=0 dma_start_err=0 dma_timeout=0 dma_complete_err=0 pool_min_free=52 pool_backpressure=0 blocks=9118 
event state=0 pretrigger_blocks=25 busy=0 export_err=0 resource_err=0
ai model_ready=1 submitted=1 processed=1 queue_drop=0 result_queue_drop=0 result_queue_backpressure=0 result_queue_depth=0 result_queue_high_watermark=1 store_err=0 feature_err=0 runtime_err=0 last_event=44 class=0 confidence_permille=994

[2026-08-22T02:06:44.865591+00:00] TX
ps

[2026-08-22T02:06:46.764108+00:00] RX
ps
thread       pri  status      sp     stack size max used left tick   error  tcb addr   usage
------------ ---  ------- ---------- ----------  ------  ---------- ------- ---------- -----
sysreport     12  suspend 0x000001ec 0x00000800     75%   0x00000002 EINTRPT 0x24046068  N/A
led_hb        20  suspend 0x0000006c 0x00000200     22%   0x0000000a EINTRPT 0x24045da8  N/A
event          9  suspend 0x00000114 0x00000800     79%   0x00000009 EINTRPT 0x240454e8  N/A
imu_acq        8  suspend 0x00000094 0x00000800     15%   0x00000006 EINTRPT 0x24044c28  N/A
ai            15  suspend 0x000003c4 0x00000600     86%   0x00000007 EINTRPT 0x24044568  N/A
terp_rx       18  suspend 0x00000084 0x00001000     34%   0x00000006 EINTRPT 0x240434a8  N/A
tshell        20  running 0x00000214 0x00000800     56%   0x00000005 OK      0x240427c8  N/A
tidle0        31  ready   0x00000054 0x00000400     12%   0x0000000b OK      0x24041320  N/A
timer          4  suspend 0x00000074 0x00000200     22%   0x0000000a EINTRPT 0x24041900  N/A
msh >
msh >imu services=9170 samples=293440 fifo_max_bytes=512 fifo_empty=0 fifo_count_err=0 fifo_capacity_err=0 fifo_read_err=0 fifo_parse_err=0 dma_start_err=0 dma_timeout=0 dma_complete_err=0 pool_min_free=52 pool_backpressure=0 blocks=9170 
event state=0 pretrigger_blocks=25 busy=0 export_err=0 resource_err=0
ai model_ready=1 submitted=1 processed=1 queue_drop=0 result_queue_drop=0 result_queue_backpressure=0 result_queue_depth=0 result_queue_high_watermark=1 store_err=0 feature_err=0 runtime_err=0 last_event=44 class=0 confidence_permille=994
imu services=9222 samples=295104 fifo_max_bytes=512 fifo_empty=0 fifo_count_err=0 fifo_capacity_err=0 fifo_read_err=0 fifo_parse_err=0 dma_start_err=0 dma_timeout=0 dma_complete_err=0 pool_min_free=52 pool_backpressure=0 blocks=9222 
event state=0 pretrigger_blocks=25 busy=0 export_err=0 resource_err=0
ai model_ready=1 submitted=1 processed=1 queue_drop=0 result_queue_drop=0 result_queue_backpressure=0 result_queue_depth=0 result_queue_high_watermark=1 store_err=0 feature_err=0 runtime_err=0 last_event=44 class=0 confidence_permille=994

[2026-08-22T02:06:47.015677+00:00] TX
event status

[2026-08-22T02:06:48.851856+00:00] RX
event status
event state=0 pretrigger_blocks=25 busy=0 export_err=0 resource_err=0
msh >
msh >imu services=9275 samples=296800 fifo_max_bytes=512 fifo_empty=0 fifo_count_err=0 fifo_capacity_err=0 fifo_read_err=0 fifo_parse_err=0 dma_start_err=0 dma_timeout=0 dma_complete_err=0 pool_min_free=52 pool_backpressure=0 blocks=9275 
event state=0 pretrigger_blocks=25 busy=0 export_err=0 resource_err=0
ai model_ready=1 submitted=1 processed=1 queue_drop=0 result_queue_drop=0 result_queue_backpressure=0 result_queue_depth=0 result_queue_high_watermark=1 store_err=0 feature_err=0 runtime_err=0 last_event=44 class=0 confidence_permille=994
imu services=9327 samples=298464 fifo_max_bytes=512 fifo_empty=0 fifo_count_err=0 fifo_capacity_err=0 fifo_read_err=0 fifo_parse_err=0 dma_start_err=0 dma_timeout=0 dma_complete_err=0 pool_min_free=52 pool_backpressure=0 blocks=9327 
event state=0 pretrigger_blocks=25 busy=0 export_err=0 resource_err=0
ai model_ready=1 submitted=1 processed=1 queue_drop=0 result_queue_drop=0 result_queue_backpressure=0 result_queue_depth=0 result_queue_high_watermark=1 store_err=0 feature_err=0 runtime_err=0 last_event=44 class=0 confidence_permille=994

[2026-08-22T02:06:50.457823+00:00] RX_PRE_COMMAND
imu services=9379 samples=300128 fifo_max_bytes=512 fifo_empty=0 fifo_count_err=0 fifo_capacity_err=0 fifo_read_err=0 fifo_parse_err=0 dma_start_err=0 dma_timeout=0 dma_complete_err=0 pool_min_free=52 pool_backpressure=0 blocks=9379 
event state=0 pretrigger_blocks=25 busy=0 export_err=0 resource_err=0
ai model_ready=1 submitted=1 processed=1 queue_drop=0 result_queue_drop=0 result_queue_backpressure=0 result_queue_depth=0 result_queue_high_watermark=1 store_err=0 feature_err=0 runtime_err=0 last_event=44 class=0 confidence_permille=994

[2026-08-22T02:06:50.457823+00:00] TX
event trigger_test

[2026-08-22T02:06:52.964837+00:00] RX
event trigger_test
msh >
msh >imu services=9432 samples=301792 fifo_max_bytes=512 fifo_empty=0 fifo_count_err=0 fifo_capacity_err=0 fifo_read_err=0 fifo_parse_err=0 dma_start_err=0 dma_timeout=0 dma_complete_err=0 pool_min_free=52 pool_backpressure=0 blocks=9431 
event state=1 pretrigger_blocks=0 busy=0 export_err=0 resource_err=0
ai model_ready=1 submitted=1 processed=1 queue_drop=0 result_queue_drop=0 result_queue_backpressure=0 result_queue_depth=0 result_queue_high_watermark=1 store_err=0 feature_err=0 runtime_err=0 last_event=44 class=0 confidence_permille=994
event log write begins
event log write complete
imu services=9544 samples=305408 fifo_max_bytes=512 fifo_empty=0 fifo_count_err=0 fifo_capacity_err=0 fifo_read_err=0 fifo_parse_err=0 dma_start_err=0 dma_timeout=0 dma_complete_err=0 pool_min_free=51 pool_backpressure=0 blocks=9544 
event state=0 pretrigger_blocks=25 busy=0 export_err=0 resource_err=0
ai model_ready=1 submitted=2 processed=1 queue_drop=0 result_queue_drop=0 result_queue_backpressure=0 result_queue_depth=0 result_queue_high_watermark=1 store_err=0 feature_err=0 runtime_err=0 last_event=44 class=0 confidence_permille=994
firmware_version=phase08-terp-uart3
git_revision_or_local=ee588c47ffaf07436626b00f4a3884c908a5138f
build_time=Aug 22 2026 09:44:21
sysclk_hz=240000000
rt_tick_hz=1000
reset_reason=0x01fe0000
heap_free_bytes=236392
thread_count=9

[2026-08-22T02:07:00.043532+00:00] RX_PRE_COMMAND
imu services=9597 samples=307104 fifo_max_bytes=512 fifo_empty=0 fifo_count_err=0 fifo_capacity_err=0 fifo_read_err=0 fifo_parse_err=0 dma_start_err=0 dma_timeout=0 dma_complete_err=0 pool_min_free=51 pool_backpressure=0 blocks=9597 
event state=0 pretrigger_blocks=25 busy=0 export_err=0 resource_err=0
ai model_ready=1 submitted=2 processed=2 queue_drop=0 result_queue_drop=0 result_queue_backpressure=0 result_queue_depth=0 result_queue_high_watermark=1 store_err=0 feature_err=0 runtime_err=0 last_event=45 class=0 confidence_permille=994
imu services=9650 samples=308768 fifo_max_bytes=512 fifo_empty=0 fifo_count_err=0 fifo_capacity_err=0 fifo_read_err=0 fifo_parse_err=0 dma_start_err=0 dma_timeout=0 dma_complete_err=0 pool_min_free=51 pool_backpressure=0 blocks=9649 
event state=0 pretrigger_blocks=25 busy=0 export_err=0 resource_err=0
ai model_ready=1 submitted=2 processed=2 queue_drop=0 result_queue_drop=0 result_queue_backpressure=0 result_queue_depth=0 result_queue_high_watermark=1 store_err=0 feature_err=0 runtime_err=0 last_event=45 class=0 confidence_permille=994
imu services=9702 samples=310464 fifo_max_bytes=512 fifo_empty=0 fifo_count_err=0 fifo_capacity_err=0 fifo_read_err=0 fifo_parse_err=0 dma_start_err=0 dma_timeout=0 dma_complete_err=0 pool_min_free=51 pool_backpressure=0 blocks=9702 
event state=0 pretrigger_blocks=25 busy=0 export_err=0 resource_err=0
ai model_ready=1 submitted=2 processed=2 queue_drop=0 result_queue_drop=0 result_queue_backpressure=0 result_queue_depth=0 result_queue_high_watermark=1 store_err=0 feature_err=0 runtime_err=0 last_event=45 class=0 confidence_permille=994
imu services=9754 samples=312128 fifo_max_bytes=512 fifo_empty=0 fifo_count_err=0 fifo_capacity_err=0 fifo_read_err=0 fifo_parse_err=0 dma_start_err=0 dma_timeout=0 dma_complete_err=0 pool_min_free=51 pool_backpressure=0 blocks=9754 
event state=0 pretrigger_blocks=25 busy=0 export_err=0 resource_err=0
ai model_ready=1 submitted=2 processed=2 queue_drop=0 result_queue_drop=0 result_queue_backpressure=0 result_queue_depth=0 result_queue_high_watermark=1 store_err=0 feature_err=0 runtime_err=0 last_event=45 class=0 confidence_permille=994
imu services=9806 samples=313792 fifo_max_bytes=512 fifo_empty=0 fifo_count_err=0 fifo_capacity_err=0 fifo_read_err=0 fifo_parse_err=0 dma_start_err=0 dma_timeout=0 dma_complete_err=0 pool_min_free=51 pool_backpressure=0 blocks=9806 
event state=0 pretrigger_blocks=25 busy=0 export_err=0 resource_err=0
ai model_ready=1 submitted=2 processed=2 queue_drop=0 result_queue_drop=0 result_queue_backpressure=0 result_queue_depth=0 result_queue_high_watermark=1 store_err=0 feature_err=0 runtime_err=0 last_event=45 class=0 confidence_permille=994
imu services=9859 samples=315488 fifo_max_bytes=512 fifo_empty=0 fifo_count_err=0 fifo_capacity_err=0 fifo_read_err=0 fifo_parse_err=0 dma_start_err=0 dma_timeout=0 dma_complete_err=0 pool_min_free=51 pool_backpressure=0 blocks=9859 
event state=0 pretrigger_blocks=25 busy=0 export_err=0 resource_err=0
ai model_ready=1 submitted=2 processed=2 queue_drop=0 result_queue_drop=0 result_queue_backpressure=0 result_queue_depth=0 result_queue_high_watermark=1 store_err=0 feature_err=0 runtime_err=0 last_event=45 class=0 confidence_permille=994

[2026-08-22T02:07:00.043532+00:00] TX
ps

[2026-08-22T02:07:01.974387+00:00] RX
ps
thread       pri  status      sp     stack size max used left tick   error  tcb addr   usage
------------ ---  ------- ---------- ----------  ------  ---------- ------- ---------- -----
sysreport     12  suspend 0x000001ec 0x00000800     75%   0x00000006 EINTRPT 0x24046068  N/A
led_hb        20  suspend 0x0000006c 0x00000200     22%   0x0000000a EINTRPT 0x24045da8  N/A
event          9  suspend 0x00000114 0x00000800     79%   0x00000004 EINTRPT 0x240454e8  N/A
imu_acq        8  suspend 0x000000ec 0x00000800     15%   0x00000006 EINTRPT 0x24044c28  N/A
ai            15  suspend 0x000003c4 0x00000600     86%   0x00000004 EINTRPT 0x24044568  N/A
terp_rx       18  suspend 0x00000084 0x00001000     34%   0x00000002 EINTRPT 0x240434a8  N/A
tshell        20  running 0x00000214 0x00000800     56%   0x00000002 OK      0x240427imu services=9911 samples=317152 fifo_max_bytes=512 fifo_empty=0 fifo_count_err=0 fifo_capacity_err=0 fifo_read_err=0 fifo_parse_err=0 dma_start_err=0 dma_timeout=0 dma_complete_err=0 pool_min_free=51 pool_backpressure=0 blocks=9911 
event state=0 pretrigger_blocks=25 busy=0 export_err=0 resource_err=0
ai model_ready=1 submitted=2 processed=2 queue_drop=0 result_queue_drop=0 result_queue_backpressure=0 result_queue_depth=0 result_queue_high_watermark=1 store_err=0 feature_err=0 runtime_err=0 last_event=45 class=0 confidence_permille=994
_q  N/A
tidle0        31  ready   0x00000074 0x00000400     12%   0x0000000b OK      0x24041320  N/A
timer          4  suspend 0x00000074 0x00000200     22%   0x0000000a EINTRPT 0x24041900  N/A
msh >
msh >imu services=9963 samples=318816 fifo_max_bytes=512 fifo_empty=0 fifo_count_err=0 fifo_capacity_err=0 fifo_read_err=0 fifo_parse_err=0 dma_start_err=0 dma_timeout=0 dma_complete_err=0 pool_min_free=51 pool_backpressure=0 blocks=9963 
event state=0 pretrigger_blocks=25 busy=0 export_err=0 resource_err=0
ai model_ready=1 submitted=2 processed=2 queue_drop=0 result_queue_drop=0 result_queue_backpressure=0 result_queue_depth=0 result_queue_high_watermark=1 store_err=0 feature_err=0 runtime_err=0 last_event=45 class=0 confidence_permille=994

[2026-08-22T02:07:02.223469+00:00] TX
event status

[2026-08-22T02:07:04.056816+00:00] RX
imu services=10016 samples=320512 fifo_max_bytes=512 fifo_empty=0 fifo_count_err=0 fifo_capacity_err=0 fifo_read_err=0 fifo_parse_err=0 dma_start_err=0 dma_timeout=0 dma_complete_err=0 pool_min_free=51 pool_backpressure=0 blocks=10016 
event state=0 pretrigger_blocks=25 busy=0 export_err=0 resource_err=0
ai model_ready=1 submitted=2 processed=2 queue_drop=0 result_queue_drop=0 result_queue_backpressure=0 result_queue_depth=0 result_queue_high_watermark=1 store_err=0 feature_err=0 runtime_err=0 last_event=45 class=0 confidence_permille=994
event status
event state=0 pretrigger_blocks=25 busy=0 export_err=0 resource_err=0
msh >
msh >imu services=10068 samples=322176 fifo_max_bytes=512 fifo_empty=0 fifo_count_err=0 fifo_capacity_err=0 fifo_read_err=0 fifo_parse_err=0 dma_start_err=0 dma_timeout=0 dma_complete_err=0 pool_min_free=51 pool_backpressure=0 blocks=10068 
event state=0 pretrigger_blocks=25 busy=0 export_err=0 resource_err=0
ai model_ready=1 submitted=2 processed=2 queue_drop=0 result_queue_drop=0 result_queue_backpressure=0 result_queue_depth=0 result_queue_high_watermark=1 store_err=0 feature_err=0 runtime_err=0 last_event=45 class=0 confidence_permille=994

[2026-08-22T02:07:15.082935+00:00] RX_PRE_COMMAND
imu services=10120 samples=323840 fifo_max_bytes=512 fifo_empty=0 fifo_count_err=0 fifo_capacity_err=0 fifo_read_err=0 fifo_parse_err=0 dma_start_err=0 dma_timeout=0 dma_complete_err=0 pool_min_free=51 pool_backpressure=0 blocks=10120 
event state=0 pretrigger_blocks=25 busy=0 export_err=0 resource_err=0
ai model_ready=1 submitted=2 processed=2 queue_drop=0 result_queue_drop=0 result_queue_backpressure=0 result_queue_depth=0 result_queue_high_watermark=1 store_err=0 feature_err=0 runtime_err=0 last_event=45 class=0 confidence_permille=994
imu services=10173 samples=325504 fifo_max_bytes=512 fifo_empty=0 fifo_count_err=0 fifo_capacity_err=0 fifo_read_err=0 fifo_parse_err=0 dma_start_err=0 dma_timeout=0 dma_complete_err=0 pool_min_free=51 pool_backpressure=0 blocks=10172 
event state=0 pretrigger_blocks=25 busy=0 export_err=0 resource_err=0
ai model_ready=1 submitted=2 processed=2 queue_drop=0 result_queue_drop=0 result_queue_backpressure=0 result_queue_depth=0 result_queue_high_watermark=1 store_err=0 feature_err=0 runtime_err=0 last_event=45 class=0 confidence_permille=994
imu services=10225 samples=327200 fifo_max_bytes=512 fifo_empty=0 fifo_count_err=0 fifo_capacity_err=0 fifo_read_err=0 fifo_parse_err=0 dma_start_err=0 dma_timeout=0 dma_complete_err=0 pool_min_free=51 pool_backpressure=0 blocks=10225 
event state=0 pretrigger_blocks=25 busy=0 export_err=0 resource_err=0
ai model_ready=1 submitted=2 processed=2 queue_drop=0 result_queue_drop=0 result_queue_backpressure=0 result_queue_depth=0 result_queue_high_watermark=1 store_err=0 feature_err=0 runtime_err=0 last_event=45 class=0 confidence_permille=994
imu services=10277 samples=328864 fifo_max_bytes=512 fifo_empty=0 fifo_count_err=0 fifo_capacity_err=0 fifo_read_err=0 fifo_parse_err=0 dma_start_err=0 dma_timeout=0 dma_complete_err=0 pool_min_free=51 pool_backpressure=0 blocks=10277 
event state=0 pretrigger_blocks=25 busy=0 export_err=0 resource_err=0
ai model_ready=1 submitted=2 processed=2 queue_drop=0 result_queue_drop=0 result_queue_backpressure=0 result_queue_depth=0 result_queue_high_watermark=1 store_err=0 feature_err=0 runtime_err=0 last_event=45 class=0 confidence_permille=994
imu services=10330 samples=330528 fifo_max_bytes=512 fifo_empty=0 fifo_count_err=0 fifo_capacity_err=0 fifo_read_err=0 fifo_parse_err=0 dma_start_err=0 dma_timeout=0 dma_complete_err=0 pool_min_free=51 pool_backpressure=0 blocks=10329 
event state=0 pretrigger_blocks=25 busy=0 export_err=0 resource_err=0
ai model_ready=1 submitted=2 processed=2 queue_drop=0 result_queue_drop=0 result_queue_backpressure=0 result_queue_depth=0 result_queue_high_watermark=1 store_err=0 feature_err=0 runtime_err=0 last_event=45 class=0 confidence_permille=994
imu services=10382 samples=332224 fifo_max_bytes=512 fifo_empty=0 fifo_count_err=0 fifo_capacity_err=0 fifo_read_err=0 fifo_parse_err=0 dma_start_err=0 dma_timeout=0 dma_complete_err=0 pool_min_free=51 pool_backpressure=0 blocks=10382 
event state=0 pretrigger_blocks=25 busy=0 export_err=0 resource_err=0
ai model_ready=1 submitted=2 processed=2 queue_drop=0 result_queue_drop=0 result_queue_backpressure=0 result_queue_depth=0 result_queue_high_watermark=1 store_err=0 feature_err=0 runtime_err=0 last_event=45 class=0 confidence_permille=994
imu services=10434 samples=333888 fifo_max_bytes=512 fifo_empty=0 fifo_count_err=0 fifo_capacity_err=0 fifo_read_err=0 fifo_parse_err=0 dma_start_err=0 dma_timeout=0 dma_complete_err=0 pool_min_free=51 pool_backpressure=0 blocks=10434 
event state=0 pretrigger_blocks=25 busy=0 export_err=0 resource_err=0
ai model_ready=1 submitted=2 processed=2 queue_drop=0 result_queue_drop=0 result_queue_backpressure=0 result_queue_depth=0 result_queue_high_watermark=1 store_err=0 feature_err=0 runtime_err=0 last_event=45 class=0 confidence_permille=994
imu services=10487 samples=335552 fifo_max_bytes=512 fifo_empty=0 fifo_count_err=0 fifo_capacity_err=0 fifo_read_err=0 fifo_parse_err=0 dma_start_err=0 dma_timeout=0 dma_complete_err=0 pool_min_free=51 pool_backpressure=0 blocks=10486 
event state=0 pretrigger_blocks=25 busy=0 export_err=0 resource_err=0
ai model_ready=1 submitted=2 processed=2 queue_drop=0 result_queue_drop=0 result_queue_backpressure=0 result_queue_depth=0 result_queue_high_watermark=1 store_err=0 feature_err=0 runtime_err=0 last_event=45 class=0 confidence_permille=994
imu services=10539 samples=337248 fifo_max_bytes=512 fifo_empty=0 fifo_count_err=0 fifo_capacity_err=0 fifo_read_err=0 fifo_parse_err=0 dma_start_err=0 dma_timeout=0 dma_complete_err=0 pool_min_free=51 pool_backpressure=0 blocks=10539 
event state=0 pretrigger_blocks=25 busy=0 export_err=0 resource_err=0
ai model_ready=1 submitted=2 processed=2 queue_drop=0 result_queue_drop=0 result_queue_backpressure=0 result_queue_depth=0 result_queue_high_watermark=1 store_err=0 feature_err=0 runtime_err=0 last_event=45 class=0 confidence_permille=994
imu services=10591 samples=338912 fifo_max_bytes=512 fifo_empty=0 fifo_count_err=0 fifo_capacity_err=0 fifo_read_err=0 fifo_parse_err=0 dma_start_err=0 dma_timeout=0 dma_complete_err=0 pool_min_free=51 pool_backpressure=0 blocks=10591 
event state=0 pretrigger_blocks=25 busy=0 export_err=0 resource_err=0
ai model_ready=1 submitted=2 processed=2 queue_drop=0 result_queue_drop=0 result_queue_backpressure=0 result_queue_depth=0 result_queue_high_watermark=1 store_err=0 feature_err=0 runtime_err=0 last_event=45 class=0 confidence_permille=994
imu services=10644 samples=340576 fifo_max_bytes=512 fifo_empty=0 fifo_count_err=0 fifo_capacity_err=0 fifo_read_err=0 fifo_parse_err=0 dma_start_err=0 dma_timeout=0 dma_complete_err=0 pool_min_free=51 pool_backpressure=0 blocks=10643 
event state=0 pretrigger_blocks=25 busy=0 export_err=0 resource_err=0
ai model_ready=1 submitted=2 processed=2 queue_drop=0 result_queue_drop=0 result_queue_backpressure=0 result_queue_depth=0 result_queue_high_watermark=1 store_err=0 feature_err=0 runtime_err=0 last_event=45 class=0 confidence_permille=994

[2026-08-22T02:07:15.083955+00:00] TX
ps

[2026-08-22T02:07:16.881579+00:00] RX
ps
thread       pri  status      sp     stack size max used left tick   error  tcb addr   usage
------------ ---  ------- ---------- ----------  ------  ---------- ------- ---------- -----
sysreport     12  suspend 0x000001ec 0x00000800     75%   0x00000001 EINTRPT 0x24046068  N/A
led_hb        20  suspend 0x0000006c 0x00000200     22%   0x0000000a EINTRPT 0x24045da8  N/A
event          9  suspend 0x00000114 0x00000800     79%   0x00000004 EINTRPT 0x240454e8  N/A
imu_acq        8  suspend 0x00000094 0x00000800     15%   0x00000007 EINTRPT 0x24044c28  N/A
ai            15  suspend 0x000003c4 0x00000600     86%   0x00000003 EINTRPT 0x24044568  N/A
terp_rx       18  suspend 0x00000084 0x00001000     34%   0x00000006 EINTRPT 0x240434a8  N/A
tshell        20  running 0x00000214 0x00000800     56%   0x00000009 OK      0x240427c8  N/A
tidle0        31  ready   0x00000054 0x00000400     12%   0x0000000f OK      0x24041320  N/A
timer          4  suspend 0x00000074 0x00000200     22%   0x0000000a EINTRPT 0x24041900  N/A
msh >
msh >imu services=10696 samples=342272 fifo_max_bytes=512 fifo_empty=0 fifo_count_err=0 fifo_capacity_err=0 fifo_read_err=0 fifo_parse_err=0 dma_start_err=0 dma_timeout=0 dma_complete_err=0 pool_min_free=51 pool_backpressure=0 blocks=10696 
event state=0 pretrigger_blocks=25 busy=0 export_err=0 resource_err=0
ai model_ready=1 submitted=2 processed=2 queue_drop=0 result_queue_drop=0 result_queue_backpressure=0 result_queue_depth=0 result_queue_high_watermark=1 store_err=0 feature_err=0 runtime_err=0 last_event=45 class=0 confidence_permille=994
imu services=10748 samples=343936 fifo_max_bytes=512 fifo_empty=0
[2026-08-22T02:07:17.183782+00:00] RX_PRE_COMMAND
 fifo_count_err=0 fifo_capacity_err=0 fifo_read_err=0 fifo_parse_err=0 dma_start_err=0 dma_timeout=0 dma_complete_err=0 pool_min_free=51 pool_backpressure=0 blocks=10748 
event state=0 pretrigger_blocks=25 busy=0 export_err=0 resource_err=0
ai model_ready=1 submitted=2 processed=2 queue_drop=0 result_queue_drop=0 result_queue_backpressure=0 result_queue_depth=0 result_queue_high_watermark=1 store_err=0 feature_err=0 runtime_err=0 last_event=45 class=0 confidence_permille=994

[2026-08-22T02:07:17.184304+00:00] TX
event status

[2026-08-22T02:07:18.993057+00:00] RX
event status
event state=0 pretrigger_blocks=25 busy=0 export_err=0 resource_err=0
msh >
msh >imu services=10801 samples=345600 fifo_max_bytes=512 fifo_empty=0 fifo_count_err=0 fifo_capacity_err=0 fifo_read_err=0 fifo_parse_err=0 dma_start_err=0 dma_timeout=0 dma_complete_err=0 pool_min_free=51 pool_backpressure=0 blocks=10800 
event state=0 pretrigger_blocks=25 busy=0 export_err=0 resource_err=0
ai model_ready=1 submitted=2 processed=2 queue_drop=0 result_queue_drop=0 result_queue_backpressure=0 result_queue_depth=0 result_queue_high_watermark=1 store_err=0 feature_err=0 runtime_err=0 last_event=45 class=0 confidence_permille=994
imu services=10853 samples=347296 fifo_max_bytes=512 fifo_empty=0 fifo_count_err=0 fifo_capacity_err=0 fifo_read_err=0 fifo_parse_err=0 dma_start_err=0 dma_timeout=0 dma_complete_err=0 pool_min_free=51 pool_backpressure=0 blocks=10853 
event state=0 pretri
[2026-08-22T02:07:30.220022+00:00] RX_PRE_COMMAND
gger_blocks=25 busy=0 export_err=0 resource_err=0
ai model_ready=1 submitted=2 processed=2 queue_drop=0 result_queue_drop=0 result_queue_backpressure=0 result_queue_depth=0 result_queue_high_watermark=1 store_err=0 feature_err=0 runtime_err=0 last_event=45 class=0 confidence_permille=994
imu services=10905 samples=348960 fifo_max_bytes=512 fifo_empty=0 fifo_count_err=0 fifo_capacity_err=0 fifo_read_err=0 fifo_parse_err=0 dma_start_err=0 dma_timeout=0 dma_complete_err=0 pool_min_free=51 pool_backpressure=0 blocks=10905 
event state=0 pretrigger_blocks=25 busy=0 export_err=0 resource_err=0
ai model_ready=1 submitted=2 processed=2 queue_drop=0 result_queue_drop=0 result_queue_backpressure=0 result_queue_depth=0 result_queue_high_watermark=1 store_err=0 feature_err=0 runtime_err=0 last_event=45 class=0 confidence_permille=994
imu services=10958 samples=350624 fifo_max_bytes=512 fifo_empty=0 fifo_count_err=0 fifo_capacity_err=0 fifo_read_err=0 fifo_parse_err=0 dma_start_err=0 dma_timeout=0 dma_complete_err=0 pool_min_free=51 pool_backpressure=0 blocks=10957 
event state=0 pretrigger_blocks=25 busy=0 export_err=0 resource_err=0
ai model_ready=1 submitted=2 processed=2 queue_drop=0 result_queue_drop=0 result_queue_backpressure=0 result_queue_depth=0 result_queue_high_watermark=1 store_err=0 feature_err=0 runtime_err=0 last_event=45 class=0 confidence_permille=994
imu services=11010 samples=352320 fifo_max_bytes=512 fifo_empty=0 fifo_count_err=0 fifo_capacity_err=0 fifo_read_err=0 fifo_parse_err=0 dma_start_err=0 dma_timeout=0 dma_complete_err=0 pool_min_free=51 pool_backpressure=0 blocks=11010 
event state=0 pretrigger_blocks=25 busy=0 export_err=0 resource_err=0
ai model_ready=1 submitted=2 processed=2 queue_drop=0 result_queue_drop=0 result_queue_backpressure=0 result_queue_depth=0 result_queue_high_watermark=1 store_err=0 feature_err=0 runtime_err=0 last_event=45 class=0 confidence_permille=994
imu services=11062 samples=353984 fifo_max_bytes=512 fifo_empty=0 fifo_count_err=0 fifo_capacity_err=0 fifo_read_err=0 fifo_parse_err=0 dma_start_err=0 dma_timeout=0 dma_complete_err=0 pool_min_free=51 pool_backpressure=0 blocks=11062 
event state=0 pretrigger_blocks=25 busy=0 export_err=0 resource_err=0
ai model_ready=1 submitted=2 processed=2 queue_drop=0 result_queue_drop=0 result_queue_backpressure=0 result_queue_depth=0 result_queue_high_watermark=1 store_err=0 feature_err=0 runtime_err=0 last_event=45 class=0 confidence_permille=994
imu services=11115 samples=355648 fifo_max_bytes=512 fifo_empty=0 fifo_count_err=0 fifo_capacity_err=0 fifo_read_err=0 fifo_parse_err=0 dma_start_err=0 dma_timeout=0 dma_complete_err=0 pool_min_free=51 pool_backpressure=0 blocks=11114 
event state=0 pretrigger_blocks=25 busy=0 export_err=0 resource_err=0
ai model_ready=1 submitted=2 processed=2 queue_drop=0 result_queue_drop=0 result_queue_backpressure=0 result_queue_depth=0 result_queue_high_watermark=1 store_err=0 feature_err=0 runtime_err=0 last_event=45 class=0 confidence_permille=994
imu services=11167 samples=357344 fifo_max_bytes=512 fifo_empty=0 fifo_count_err=0 fifo_capacity_err=0 fifo_read_err=0 fifo_parse_err=0 dma_start_err=0 dma_timeout=0 dma_complete_err=0 pool_min_free=51 pool_backpressure=0 blocks=11167 
event state=0 pretrigger_blocks=25 busy=0 export_err=0 resource_err=0
ai model_ready=1 submitted=2 processed=2 queue_drop=0 result_queue_drop=0 result_queue_backpressure=0 result_queue_depth=0 result_queue_high_watermark=1 store_err=0 feature_err=0 runtime_err=0 last_event=45 class=0 confidence_permille=994
imu services=11219 samples=359008 fifo_max_bytes=512 fifo_empty=0 fifo_count_err=0 fifo_capacity_err=0 fifo_read_err=0 fifo_parse_err=0 dma_start_err=0 dma_timeout=0 dma_complete_err=0 pool_min_free=51 pool_backpressure=0 blocks=11219 
event state=0 pretrigger_blocks=25 busy=0 export_err=0 resource_err=0
ai model_ready=1 submitted=2 processed=2 queue_drop=0 result_queue_drop=0 result_queue_backpressure=0 result_queue_depth=0 result_queue_high_watermark=1 store_err=0 feature_err=0 runtime_err=0 last_event=45 class=0 confidence_permille=994
imu services=11272 samples=360672 fifo_max_bytes=512 fifo_empty=0 fifo_count_err=0 fifo_capacity_err=0 fifo_read_err=0 fifo_parse_err=0 dma_start_err=0 dma_timeout=0 dma_complete_err=0 pool_min_free=51 pool_backpressure=0 blocks=11271 
event state=0 pretrigger_blocks=25 busy=0 export_err=0 resource_err=0
ai model_ready=1 submitted=2 processed=2 queue_drop=0 result_queue_drop=0 result_queue_backpressure=0 result_queue_depth=0 result_queue_high_watermark=1 store_err=0 feature_err=0 runtime_err=0 last_event=45 class=0 confidence_permille=994
imu services=11324 samples=362368 fifo_max_bytes=512 fifo_empty=0 fifo_count_err=0 fifo_capacity_err=0 fifo_read_err=0 fifo_parse_err=0 dma_start_err=0 dma_timeout=0 dma_complete_err=0 pool_min_free=51 pool_backpressure=0 blocks=11324 
event state=0 pretrigger_blocks=25 busy=0 export_err=0 resource_err=0
ai model_ready=1 submitted=2 processed=2 queue_drop=0 result_queue_drop=0 result_queue_backpressure=0 result_queue_depth=0 result_queue_high_watermark=1 store_err=0 feature_err=0 runtime_err=0 last_event=45 class=0 confidence_permille=994
imu services=11376 samples=364032 fifo_max_bytes=512 fifo_empty=0 fifo_count_err=0 fifo_capacity_err=0 fifo_read_err=0 fifo_parse_err=0 dma_start_err=0 dma_timeout=0 dma_complete_err=0 pool_min_free=51 pool_backpressure=0 blocks=11376 
event state=0 pretrigger_blocks=25 busy=0 export_err=0 resource_err=0
ai model_ready=1 submitted=2 processed=2 queue_drop=0 result_queue_drop=0 result_queue_backpressure=0 result_queue_depth=0 result_queue_high_watermark=1 store_err=0 feature_err=0 runtime_err=0 last_event=45 class=0 confidence_permille=994

[2026-08-22T02:07:30.220022+00:00] TX
ps

[2026-08-22T02:07:32.091389+00:00] RX
ps
thread       pri  status      sp     stack size max used left tick   error  tcb addr   usage
------------ ---  ------- ---------- ----------  ------  ---------- ------- ---------- -----
sysreport     12  suspend 0x000001ec 0x00000800     75%   0x00000009 EINTRPT 0x24046068  N/A
led_hb        20  suspend 0x0000006c 0x00000200     22%   0x0000000a EINTRPT 0x24045da8  N/A
event          9  suspend 0x00000114 0x00000800     79%   0x00000009 EINTRPT 0x240454e8  N/A
imu_acq        8  suspend 0x00000094 0x00000800     15%   0x00000005 EINTRPT 0x24044c28  N/A
ai            15  suspend 0x000003c4 0x00000600     86%   0x00000001 EINTRPT 0x24044568  N/A
terp_rx       18  suspend 0x00000084 0x00001000     34%   0x00000008 EINTRPT 0x240434a8  N/A
tshell        20  running 0x00000214 0x00000800     56%   0x0000000a OK      0x240427c8  N/A
tidle0        31  ready   0x00000054 0x00000400     12%   0x00000015 OK      0x24041320  N/A
timer          4  suspend 0x00000074 0x00000200     22%   0x0000000a EINTRPT 0x24041900  N/A
msh >
msh >imu services=11429 samples=365696 fifo_max_bytes=512 fifo_empty=0 fifo_count_err=0 fifo_capacity_err=0 fifo_read_err=0 fifo_parse_err=0 dma_start_err=0 dma_timeout=0 dma_complete_err=0 pool_min_free=51 pool_backpressure=0 blocks=11428 
event state=0 pretrigger_blocks=25 busy=0 export_err=0 resource_err=0
ai model_ready=1 submitted=2 processed=2 queue_drop=0 result_queue_drop=0 result_queue_backpressure=0 result_queue_depth=0 result_queue_high_watermark=1 store_err=0 feature_err=0 runtime_err=0 last_event=45 class=0 confidence_permille=994
imu services=11481 samples=367392 fifo_max_bytes=512 fifo_empty=0 fifo_count_err=0 fifo_capacity_err=0 fifo_read_err=0 fifo_parse_err=0 dma_start_err=0 dma_timeout=0 dma_complete_err=0 pool_min_free=51 pool_backpressure=0 blocks=11481 
event state=0 pretrigger_blocks=25 busy=0 export_err=0 resource_err=0
ai model_ready=1 submitted=2 processed=2 queue_drop=0 result_queue_drop=0 result_queue_backpressure=0 result_queue_depth=0 result_queue_high_watermark=1 store_err=0 feature_err=0 runtime_err=0 last_event=45 class=0 confidence_permille=994

[2026-08-22T02:07:32.339639+00:00] TX
event status

[2026-08-22T02:07:34.189000+00:00] RX
event status
event state=0 pretrigger_blocks=25 busy=0 export_err=0 resource_err=0
msh >
msh >imu services=11533 samples=369056 fifo_max_bytes=512 fifo_empty=0 fifo_count_err=0 fifo_capacity_err=0 fifo_read_err=0 fifo_parse_err=0 dma_start_err=0 dma_timeout=0 dma_complete_err=0 pool_min_free=51 pool_backpressure=0 blocks=11533 
event state=0 pretrigger_blocks=25 busy=0 export_err=0 resource_err=0
ai model_ready=1 submitted=2 processed=2 queue_drop=0 result_queue_drop=0 result_queue_backpressure=0 result_queue_depth=0 result_queue_high_watermark=1 store_err=0 feature_err=0 runtime_err=0 last_event=45 class=0 confidence_permille=994
imu services=11586 samples=370720 fifo_max_bytes=512 fifo_empty=0 fifo_count_err=0 fifo_capacity_err=0 fifo_read_err=0 fifo_parse_err=0 dma_start_err=0 dma_timeout=0 dma_complete_err=0 pool_min_free=51 pool_backpressure=0 blocks=11585 
event state=0 pretrigger_blocks=25 busy=0 export_err=0 resource_err=0
ai model_ready=1 submitted=2 processed=2 queue_drop=0 result_queue_drop=0 result_queue_backpressure=0 result_queue_depth=0 result_queue_high_watermark=1 store_err=0 feature_err=0 runtime_err=0 last_event=45 class=0 confidence_permille=994

[2026-08-22T02:07:45.456075+00:00] RX_PRE_COMMAND
imu services=11638 samples=372416 fifo_max_bytes=512 fifo_empty=0 fifo_count_err=0 fifo_capacity_err=0 fifo_read_err=0 fifo_parse_err=0 dma_start_err=0 dma_timeout=0 dma_complete_err=0 pool_min_free=51 pool_backpressure=0 blocks=11638 
event state=0 pretrigger_blocks=25 busy=0 export_err=0 resource_err=0
ai model_ready=1 submitted=2 processed=2 queue_drop=0 result_queue_drop=0 result_queue_backpressure=0 result_queue_depth=0 result_queue_high_watermark=1 store_err=0 feature_err=0 runtime_err=0 last_event=45 class=0 confidence_permille=994
imu services=11690 samples=374080 fifo_max_bytes=512 fifo_empty=0 fifo_count_err=0 fifo_capacity_err=0 fifo_read_err=0 fifo_parse_err=0 dma_start_err=0 dma_timeout=0 dma_complete_err=0 pool_min_free=51 pool_backpressure=0 blocks=11690 
event state=0 pretrigger_blocks=25 busy=0 export_err=0 resource_err=0
ai model_ready=1 submitted=2 processed=2 queue_drop=0 result_queue_drop=0 result_queue_backpressure=0 result_queue_depth=0 result_queue_high_watermark=1 store_err=0 feature_err=0 runtime_err=0 last_event=45 class=0 confidence_permille=994
imu services=11743 samples=375744 fifo_max_bytes=512 fifo_empty=0 fifo_count_err=0 fifo_capacity_err=0 fifo_read_err=0 fifo_parse_err=0 dma_start_err=0 dma_timeout=0 dma_complete_err=0 pool_min_free=51 pool_backpressure=0 blocks=11742 
event state=0 pretrigger_blocks=25 busy=0 export_err=0 resource_err=0
ai model_ready=1 submitted=2 processed=2 queue_drop=0 result_queue_drop=0 result_queue_backpressure=0 result_queue_depth=0 result_queue_high_watermark=1 store_err=0 feature_err=0 runtime_err=0 last_event=45 class=0 confidence_permille=994
imu services=11795 samples=377440 fifo_max_bytes=512 fifo_empty=0 fifo_count_err=0 fifo_capacity_err=0 fifo_read_err=0 fifo_parse_err=0 dma_start_err=0 dma_timeout=0 dma_complete_err=0 pool_min_free=51 pool_backpressure=0 blocks=11795 
event state=0 pretrigger_blocks=25 busy=0 export_err=0 resource_err=0
ai model_ready=1 submitted=2 processed=2 queue_drop=0 result_queue_drop=0 result_queue_backpressure=0 result_queue_depth=0 result_queue_high_watermark=1 store_err=0 feature_err=0 runtime_err=0 last_event=45 class=0 confidence_permille=994
imu services=11847 samples=379104 fifo_max_bytes=512 fifo_empty=0 fifo_count_err=0 fifo_capacity_err=0 fifo_read_err=0 fifo_parse_err=0 dma_start_err=0 dma_timeout=0 dma_complete_err=0 pool_min_free=51 pool_backpressure=0 blocks=11847 
event state=0 pretrigger_blocks=25 busy=0 export_err=0 resource_err=0
ai model_ready=1 submitted=2 processed=2 queue_drop=0 result_queue_drop=0 result_queue_backpressure=0 result_queue_depth=0 result_queue_high_watermark=1 store_err=0 feature_err=0 runtime_err=0 last_event=45 class=0 confidence_permille=994
imu services=11900 samples=380768 fifo_max_bytes=512 fifo_empty=0 fifo_count_err=0 fifo_capacity_err=0 fifo_read_err=0 fifo_parse_err=0 dma_start_err=0 dma_timeout=0 dma_complete_err=0 pool_min_free=51 pool_backpressure=0 blocks=11899 
event state=0 pretrigger_blocks=25 busy=0 export_err=0 resource_err=0
ai model_ready=1 submitted=2 processed=2 queue_drop=0 result_queue_drop=0 result_queue_backpressure=0 result_queue_depth=0 result_queue_high_watermark=1 store_err=0 feature_err=0 runtime_err=0 last_event=45 class=0 confidence_permille=994
imu services=11952 samples=382464 fifo_max_bytes=512 fifo_empty=0 fifo_count_err=0 fifo_capacity_err=0 fifo_read_err=0 fifo_parse_err=0 dma_start_err=0 dma_timeout=0 dma_complete_err=0 pool_min_free=51 pool_backpressure=0 blocks=11952 
event state=0 pretrigger_blocks=25 busy=0 export_err=0 resource_err=0
ai model_ready=1 submitted=2 processed=2 queue_drop=0 result_queue_drop=0 result_queue_backpressure=0 result_queue_depth=0 result_queue_high_watermark=1 store_err=0 feature_err=0 runtime_err=0 last_event=45 class=0 confidence_permille=994
imu services=12004 samples=384128 fifo_max_bytes=512 fifo_empty=0 fifo_count_err=0 fifo_capacity_err=0 fifo_read_err=0 fifo_parse_err=0 dma_start_err=0 dma_timeout=0 dma_complete_err=0 pool_min_free=51 pool_backpressure=0 blocks=12004 
event state=0 pretrigger_blocks=25 busy=0 export_err=0 resource_err=0
ai model_ready=1 submitted=2 processed=2 queue_drop=0 result_queue_drop=0 result_queue_backpressure=0 result_queue_depth=0 result_queue_high_watermark=1 store_err=0 feature_err=0 runtime_err=0 last_event=45 class=0 confidence_permille=994
imu services=12057 samples=385792 fifo_max_bytes=512 fifo_empty=0 fifo_count_err=0 fifo_capacity_err=0 fifo_read_err=0 fifo_parse_err=0 dma_start_err=0 dma_timeout=0 dma_complete_err=0 pool_min_free=51 pool_backpressure=0 blocks=12056 
event state=0 pretrigger_blocks=25 busy=0 export_err=0 resource_err=0
ai model_ready=1 submitted=2 processed=2 queue_drop=0 result_queue_drop=0 result_queue_backpressure=0 result_queue_depth=0 result_queue_high_watermark=1 store_err=0 feature_err=0 runtime_err=0 last_event=45 class=0 confidence_permille=994
imu services=12109 samples=387488 fifo_max_bytes=512 fifo_empty=0 fifo_count_err=0 fifo_capacity_err=0 fifo_read_err=0 fifo_parse_err=0 dma_start_err=0 dma_timeout=0 dma_complete_err=0 pool_min_free=51 pool_backpressure=0 blocks=12109 
event state=0 pretrigger_blocks=25 busy=0 export_err=0 resource_err=0
ai model_ready=1 submitted=2 processed=2 queue_drop=0 result_queue_drop=0 result_queue_backpressure=0 result_queue_depth=0 result_queue_high_watermark=1 store_err=0 feature_err=0 runtime_err=0 last_event=45 class=0 confidence_permille=994
imu services=12161 samples=389152 fifo_max_bytes=512 fifo_empty=0 fifo_count_err=0 fifo_capacity_err=0 fifo_read_err=0 fifo_parse_err=0 dma_start_err=0 dma_timeout=0 dma_complete_err=0 pool_min_free=51 pool_backpressure=0 blocks=12161 
event state=0 pretrigger_blocks=25 busy=0 export_err=0 resource_err=0
ai model_ready=1 submitted=2 processed=2 queue_drop=0 result_queue_drop=0 result_queue_backpressure=0 result_queue_depth=0 result_queue_high_watermark=1 store_err=0 feature_err=0 runtime_err=0 last_event=45 class=0 confidence_permille=994

[2026-08-22T02:07:45.456590+00:00] TX
ps

[2026-08-22T02:07:47.258431+00:00] RX
ps
thread       pri  status      sp     stack size max used left tick   error  tcb addr   usage
------------ ---  ------- ---------- ----------  ------  ---------- ------- ---------- -----
sysreport     12  suspend 0x000001ec 0x00000800     75%   0x00000002 EINTRPT 0x24046068  N/A
led_hb        20  suspend 0x0000006c 0x00000200     22%   0x00000008 EINTRPT 0x24045da8  N/A
event          9  suspend 0x00000114 0x00000800     79%   0x00000007 EINTRPT 0x240454e8  N/A
imu_acq        8  suspend 0x000000ec 0x00000800     15%   0x00000009 EINTRPT 0x24044c28  N/A
ai            15  suspend 0x000003c4 0x00000600     86%   0x0000000a EINTRPT 0x24044568  N/A
terp_rx       18  suspend 0x00000084 0x00001000     34%   0x00000005 EINTRPT 0x240434a8  N/A
tshell        20  running 0x00000214 0x00000800     56%   0x00000001 OK      0x240427c8  N/A
tidle0        31  ready   0x0000007c 0x00000400     12%   0x0000000c OK      0x24041320  N/A
timer          4  suspend 0x00000074 0x00000200     22%   0x0000000a EINTRPT 0x24041900  N/A
msh >
msh >imu services=12214 samples=390816 fifo_max_bytes=512 fifo_empty=0 fifo_count_err=0 fifo_capacity_err=0 fifo_read_err=0 fifo_parse_err=0 dma_start_err=0 dma_timeout=0 dma_complete_err=0 pool_min_free=51 pool_backpressure=0 blocks=12213 
event state=0 pretrigger_blocks=25 busy=0 export_err=0 resource_err=0
ai model_ready=1 submitted=2 processed=2 queue_drop=0 result_queue_drop=0 result_queue_backpressure=0 result_queue_depth=0 result_queue_high_watermark=1 store_err=0 feature_err=0 runtime_err=0 last_event=45 class=0 confidence_permille=994
imu services=12266 samples=392512 fifo_max_bytes=512 fifo_empty=0 fifo_count_err=0 fifo_capacity_
[2026-08-22T02:07:47.548235+00:00] RX_PRE_COMMAND
err=0 fifo_read_err=0 fifo_parse_err=0 dma_start_err=0 dma_timeout=0 dma_complete_err=0 pool_min_free=51 pool_backpressure=0 blocks=12266 
event state=0 pretrigger_blocks=25 busy=0 export_err=0 resource_err=0
ai model_ready=1 submitted=2 processed=2 queue_drop=0 result_queue_drop=0 result_queue_backpressure=0 result_queue_depth=0 result_queue_high_watermark=1 store_err=0 feature_err=0 runtime_err=0 last_event=45 class=0 confidence_permille=994

[2026-08-22T02:07:47.548235+00:00] TX
event status

[2026-08-22T02:07:49.350660+00:00] RX
event status
event state=0 pretrigger_blocks=25 busy=0 export_err=0 resource_err=0
msh >
msh >imu services=12318 samples=394176 fifo_max_bytes=512 fifo_empty=0 fifo_count_err=0 fifo_capacity_err=0 fifo_read_err=0 fifo_parse_err=0 dma_start_err=0 dma_timeout=0 dma_complete_err=0 pool_min_free=51 pool_backpressure=0 blocks=12318 
event state=0 pretrigger_blocks=25 busy=0 export_err=0 resource_err=0
ai model_ready=1 submitted=2 processed=2 queue_drop=0 result_queue_drop=0 result_queue_backpressure=0 result_queue_depth=0 result_queue_high_watermark=1 store_err=0 feature_err=0 runtime_err=0 last_event=45 class=0 confidence_permille=994
imu services=12371 samples=395840 fifo_max_bytes=512 fifo_empty=0
[2026-08-22T02:08:00.413176+00:00] RX_PRE_COMMAND
 fifo_count_err=0 fifo_capacity_err=0 fifo_read_err=0 fifo_parse_err=0 dma_start_err=0 dma_timeout=0 dma_complete_err=0 pool_min_free=51 pool_backpressure=0 blocks=12370 
event state=0 pretrigger_blocks=25 busy=0 export_err=0 resource_err=0
ai model_ready=1 submitted=2 processed=2 queue_drop=0 result_queue_drop=0 result_queue_backpressure=0 result_queue_depth=0 result_queue_high_watermark=1 store_err=0 feature_err=0 runtime_err=0 last_event=45 class=0 confidence_permille=994
imu services=12423 samples=397536 fifo_max_bytes=512 fifo_empty=0 fifo_count_err=0 fifo_capacity_err=0 fifo_read_err=0 fifo_parse_err=0 dma_start_err=0 dma_timeout=0 dma_complete_err=0 pool_min_free=51 pool_backpressure=0 blocks=12423 
event state=0 pretrigger_blocks=25 busy=0 export_err=0 resource_err=0
ai model_ready=1 submitted=2 processed=2 queue_drop=0 result_queue_drop=0 result_queue_backpressure=0 result_queue_depth=0 result_queue_high_watermark=1 store_err=0 feature_err=0 runtime_err=0 last_event=45 class=0 confidence_permille=994
imu services=12475 samples=399200 fifo_max_bytes=512 fifo_empty=0 fifo_count_err=0 fifo_capacity_err=0 fifo_read_err=0 fifo_parse_err=0 dma_start_err=0 dma_timeout=0 dma_complete_err=0 pool_min_free=51 pool_backpressure=0 blocks=12475 
event state=0 pretrigger_blocks=25 busy=0 export_err=0 resource_err=0
ai model_ready=1 submitted=2 processed=2 queue_drop=0 result_queue_drop=0 result_queue_backpressure=0 result_queue_depth=0 result_queue_high_watermark=1 store_err=0 feature_err=0 runtime_err=0 last_event=45 class=0 confidence_permille=994
imu services=12528 samples=400864 fifo_max_bytes=512 fifo_empty=0 fifo_count_err=0 fifo_capacity_err=0 fifo_read_err=0 fifo_parse_err=0 dma_start_err=0 dma_timeout=0 dma_complete_err=0 pool_min_free=51 pool_backpressure=0 blocks=12527 
event state=0 pretrigger_blocks=25 busy=0 export_err=0 resource_err=0
ai model_ready=1 submitted=2 processed=2 queue_drop=0 result_queue_drop=0 result_queue_backpressure=0 result_queue_depth=0 result_queue_high_watermark=1 store_err=0 feature_err=0 runtime_err=0 last_event=45 class=0 confidence_permille=994
imu services=12580 samples=402560 fifo_max_bytes=512 fifo_empty=0 fifo_count_err=0 fifo_capacity_err=0 fifo_read_err=0 fifo_parse_err=0 dma_start_err=0 dma_timeout=0 dma_complete_err=0 pool_min_free=51 pool_backpressure=0 blocks=12580 
event state=0 pretrigger_blocks=25 busy=0 export_err=0 resource_err=0
ai model_ready=1 submitted=2 processed=2 queue_drop=0 result_queue_drop=0 result_queue_backpressure=0 result_queue_depth=0 result_queue_high_watermark=1 store_err=0 feature_err=0 runtime_err=0 last_event=45 class=0 confidence_permille=994
imu services=12632 samples=404224 fifo_max_bytes=512 fifo_empty=0 fifo_count_err=0 fifo_capacity_err=0 fifo_read_err=0 fifo_parse_err=0 dma_start_err=0 dma_timeout=0 dma_complete_err=0 pool_min_free=51 pool_backpressure=0 blocks=12632 
event state=0 pretrigger_blocks=25 busy=0 export_err=0 resource_err=0
ai model_ready=1 submitted=2 processed=2 queue_drop=0 result_queue_drop=0 result_queue_backpressure=0 result_queue_depth=0 result_queue_high_watermark=1 store_err=0 feature_err=0 runtime_err=0 last_event=45 class=0 confidence_permille=994
imu services=12685 samples=405888 fifo_max_bytes=512 fifo_empty=0 fifo_count_err=0 fifo_capacity_err=0 fifo_read_err=0 fifo_parse_err=0 dma_start_err=0 dma_timeout=0 dma_complete_err=0 pool_min_free=51 pool_backpressure=0 blocks=12684 
event state=0 pretrigger_blocks=25 busy=0 export_err=0 resource_err=0
ai model_ready=1 submitted=2 processed=2 queue_drop=0 result_queue_drop=0 result_queue_backpressure=0 result_queue_depth=0 result_queue_high_watermark=1 store_err=0 feature_err=0 runtime_err=0 last_event=45 class=0 confidence_permille=994
firmware_version=phase08-terp-uart3
git_revision_or_local=ee588c47ffaf07436626b00f4a3884c908a5138f
build_time=Aug 22 2026 09:44:21
sysclk_hz=240000000
rt_tick_hz=1000
reset_reason=0x01fe0000
heap_free_bytes=236392
thread_count=9
imu services=12738 samples=407616 fifo_max_bytes=512 fifo_empty=0 fifo_count_err=0 fifo_capacity_err=0 fifo_read_err=0 fifo_parse_err=0 dma_start_err=0 dma_timeout=0 dma_complete_err=0 pool_min_free=51 pool_backpressure=0 blocks=12738 
event state=0 pretrigger_blocks=25 busy=0 export_err=0 resource_err=0
ai model_ready=1 submitted=2 processed=2 queue_drop=0 result_queue_drop=0 result_queue_backpressure=0 result_queue_depth=0 result_queue_high_watermark=1 store_err=0 feature_err=0 runtime_err=0 last_event=45 class=0 confidence_permille=994
imu services=12790 samples=409280 fifo_max_bytes=512 fifo_empty=0 fifo_count_err=0 fifo_capacity_err=0 fifo_read_err=0 fifo_parse_err=0 dma_start_err=0 dma_timeout=0 dma_complete_err=0 pool_min_free=51 pool_backpressure=0 blocks=12790 
event state=0 pretrigger_blocks=25 busy=0 export_err=0 resource_err=0
ai model_ready=1 submitted=2 processed=2 queue_drop=0 result_queue_drop=0 result_queue_backpressure=0 result_queue_depth=0 result_queue_high_watermark=1 store_err=0 feature_err=0 runtime_err=0 last_event=45 class=0 confidence_permille=994
imu services=12843 samples=410944 fifo_max_bytes=512 fifo_empty=0 fifo_count_err=0 fifo_capacity_err=0 fifo_read_err=0 fifo_parse_err=0 dma_start_err=0 dma_timeout=0 dma_complete_err=0 pool_min_free=51 pool_backpressure=0 blocks=12842 
event state=0 pretrigger_blocks=25 busy=0 export_err=0 resource_err=0
ai model_ready=1 submitted=2 processed=2 queue_drop=0 result_queue_drop=0 result_queue_backpressure=0 result_queue_depth=0 result_queue_high_watermark=1 store_err=0 feature_err=0 runtime_err=0 last_event=45 class=0 confidence_permille=994
imu services=12895 samples=412640 fifo_max_bytes=512 fifo_empty=0 fifo_count_err=0 fifo_capacity_err=0 fifo_read_err=0 fifo_parse_err=0 dma_start_err=0 dma_timeout=0 dma_complete_err=0 pool_min_free=51 pool_backpressure=0 blocks=12895 
event state=0 pretrigger_blocks=25 busy=0 export_err=0 resource_err=0
ai model_ready=1 submitted=2 processed=2 queue_drop=0 result_queue_drop=0 result_queue_backpressure=0 result_queue_depth=0 result_queue_high_watermark=1 store_err=0 feature_err=0 runtime_err=0 last_event=45 class=0 confidence_permille=994

[2026-08-22T02:08:00.413176+00:00] TX
ps

[2026-08-22T02:08:02.240464+00:00] RX
ps
thread       pri  status      sp     stack size max used left tick   error  tcb addr   usage
------------ ---  ------- ---------- ----------  ------  ---------- ------- ---------- -----
sysreport     12  suspend 0x000001ec 0x00000800     75%   0x00000005 EINTRPT 0x24046068  N/A
led_hb        20  suspend 0x0000006c 0x00000200     22%   0x00000006 EINTRPT 0x24045da8  N/A
event          9  suspend 0x00000114 0x00000800     79%   0x0000000a EINTRPT 0x240454e8  N/A
imu_acq        8  suspend 0x00000094 0x00000800     15%   0x0000000a EINTRPT 0x24044c28  N/A
ai            15  suspend 0x000003c4 0x00000600     86%   0x00000009 EINTRPT 0x24044568  N/A
terp_rx       18  suspend 0x00000084 0x00001000     34%   0x00000007 EINTRPT 0x240434a8  N/A
tshell        20  running 0x00000214 0x00000800     56%   0x0000000a OK      0x240427c8  N/A
tidle0        31  ready   0x00000054 0x00000400     12%   0x00000016 OK      0x24041320  N/A
timer          4  suspend 0x00000074 0x00000200     22%   0x0000000a EINTRPT 0x24041900  N/A
msh >
msh >imu services=12947 samples=414304 fifo_max_bytes=512 fifo_empty=0 fifo_count_err=0 fifo_capacity_err=0 fifo_read_err=0 fifo_parse_err=0 dma_start_err=0 dma_timeout=0 dma_complete_err=0 pool_min_free=51 pool_backpressure=0 blocks=12947 
event state=0 pretrigger_blocks=25 busy=0 export_err=0 resource_err=0
ai model_ready=1 submitted=2 processed=2 queue_drop=0 result_queue_drop=0 result_queue_backpressure=0 result_queue_depth=0 result_queue_high_watermark=1 store_err=0 feature_err=0 runtime_err=0 last_event=45 class=0 confidence_permille=994
imu services=13000 samples=415968 fifo_max_bytes=512 fifo_empty=0 fifo_count_err=0 fifo_capacity_err=0 fifo_read_err=0 fifo_parse_err=0 dma_start_err=0 dma_timeout=0 dma_complete_err=0 pool_min_free=51 pool_backpressure=0 blocks=12999 
event state=0 pretrigger_blocks=25 busy=0 export_err=0 resource_err=0
ai model_ready=1 submitted=2 processed=2 queue_drop=0 result_queue_drop=0 result_queue_backpressure=0 result_queue_depth=0 result_queue_high_watermark=1 store_err=0 feature_err=0 runtime_err=0 last_event=45 class=0 confidence_permille=994

[2026-08-22T02:08:02.489612+00:00] TX
event status

[2026-08-22T02:08:04.332096+00:00] RX
event status
event state=0 pretrigger_blocks=25 busy=0 export_err=0 resource_err=0
msh >
msh >imu services=13052 samples=417664 fifo_max_bytes=512 fifo_empty=0 fifo_count_err=0 fifo_capacity_err=0 fifo_read_err=0 fifo_parse_err=0 dma_start_err=0 dma_timeout=0 dma_complete_err=0 pool_min_free=51 pool_backpressure=0 blocks=13052 
event state=0 pretrigger_blocks=25 busy=0 export_err=0 resource_err=0
ai model_ready=1 submitted=2 processed=2 queue_drop=0 result_queue_drop=0 result_queue_backpressure=0 result_queue_depth=0 result_queue_high_watermark=1 store_err=0 feature_err=0 runtime_err=0 last_event=45 class=0 confidence_permille=994
imu services=13104 samples=419328 fifo_max_bytes=512 fifo_empty=0 fifo_count_err=0 fifo_capacity_err=0 fifo_read_err=0 fifo_parse_err=0 dma_start_err=0 dma_timeout=0 dma_complete_err=0 pool_min_free=51 pool_backpressure=0 blocks=13104 
event state=0 pretrigger_blocks=25 busy=0 export_err=0 resource_err=0
ai model_ready=1 submitted=2 processed=2 queue_drop=0 result_queue_drop=0 result_queue_backpressure=0 result_queue_depth=0 result_queue_high_watermark=1 store_err=0 feature_err=0 runtime_err=0 last_event=45 class=0 confidence_permille=994

[2026-08-22T02:08:15.549335+00:00] RX_PRE_COMMAND
imu services=13157 samples=420992 fifo_max_bytes=512 fifo_empty=0 fifo_count_err=0 fifo_capacity_err=0 fifo_read_err=0 fifo_parse_err=0 dma_start_err=0 dma_timeout=0 dma_complete_err=0 pool_min_free=51 pool_backpressure=0 blocks=13156 
event state=0 pretrigger_blocks=25 busy=0 export_err=0 resource_err=0
ai model_ready=1 submitted=2 processed=2 queue_drop=0 result_queue_drop=0 result_queue_backpressure=0 result_queue_depth=0 result_queue_high_watermark=1 store_err=0 feature_err=0 runtime_err=0 last_event=45 class=0 confidence_permille=994
imu services=13209 samples=422688 fifo_max_bytes=512 fifo_empty=0 fifo_count_err=0 fifo_capacity_err=0 fifo_read_err=0 fifo_parse_err=0 dma_start_err=0 dma_timeout=0 dma_complete_err=0 pool_min_free=51 pool_backpressure=0 blocks=13209 
event state=0 pretrigger_blocks=25 busy=0 export_err=0 resource_err=0
ai model_ready=1 submitted=2 processed=2 queue_drop=0 result_queue_drop=0 result_queue_backpressure=0 result_queue_depth=0 result_queue_high_watermark=1 store_err=0 feature_err=0 runtime_err=0 last_event=45 class=0 confidence_permille=994
imu services=13261 samples=424352 fifo_max_bytes=512 fifo_empty=0 fifo_count_err=0 fifo_capacity_err=0 fifo_read_err=0 fifo_parse_err=0 dma_start_err=0 dma_timeout=0 dma_complete_err=0 pool_min_free=51 pool_backpressure=0 blocks=13261 
event state=0 pretrigger_blocks=25 busy=0 export_err=0 resource_err=0
ai model_ready=1 submitted=2 processed=2 queue_drop=0 result_queue_drop=0 result_queue_backpressure=0 result_queue_depth=0 result_queue_high_watermark=1 store_err=0 feature_err=0 runtime_err=0 last_event=45 class=0 confidence_permille=994
imu services=13314 samples=426016 fifo_max_bytes=512 fifo_empty=0 fifo_count_err=0 fifo_capacity_err=0 fifo_read_err=0 fifo_parse_err=0 dma_start_err=0 dma_timeout=0 dma_complete_err=0 pool_min_free=51 pool_backpressure=0 blocks=13313 
event state=0 pretrigger_blocks=25 busy=0 export_err=0 resource_err=0
ai model_ready=1 submitted=2 processed=2 queue_drop=0 result_queue_drop=0 result_queue_backpressure=0 result_queue_depth=0 result_queue_high_watermark=1 store_err=0 feature_err=0 runtime_err=0 last_event=45 class=0 confidence_permille=994
imu services=13366 samples=427712 fifo_max_bytes=512 fifo_empty=0 fifo_count_err=0 fifo_capacity_err=0 fifo_read_err=0 fifo_parse_err=0 dma_start_err=0 dma_timeout=0 dma_complete_err=0 pool_min_free=51 pool_backpressure=0 blocks=13366 
event state=0 pretrigger_blocks=25 busy=0 export_err=0 resource_err=0
ai model_ready=1 submitted=2 processed=2 queue_drop=0 result_queue_drop=0 result_queue_backpressure=0 result_queue_depth=0 result_queue_high_watermark=1 store_err=0 feature_err=0 runtime_err=0 last_event=45 class=0 confidence_permille=994
imu services=13418 samples=429376 fifo_max_bytes=512 fifo_empty=0 fifo_count_err=0 fifo_capacity_err=0 fifo_read_err=0 fifo_parse_err=0 dma_start_err=0 dma_timeout=0 dma_complete_err=0 pool_min_free=51 pool_backpressure=0 blocks=13418 
event state=0 pretrigger_blocks=25 busy=0 export_err=0 resource_err=0
ai model_ready=1 submitted=2 processed=2 queue_drop=0 result_queue_drop=0 result_queue_backpressure=0 result_queue_depth=0 result_queue_high_watermark=1 store_err=0 feature_err=0 runtime_err=0 last_event=45 class=0 confidence_permille=994
imu services=13471 samples=431040 fifo_max_bytes=512 fifo_empty=0 fifo_count_err=0 fifo_capacity_err=0 fifo_read_err=0 fifo_parse_err=0 dma_start_err=0 dma_timeout=0 dma_complete_err=0 pool_min_free=51 pool_backpressure=0 blocks=13470 
event state=0 pretrigger_blocks=25 busy=0 export_err=0 resource_err=0
ai model_ready=1 submitted=2 processed=2 queue_drop=0 result_queue_drop=0 result_queue_backpressure=0 result_queue_depth=0 result_queue_high_watermark=1 store_err=0 feature_err=0 runtime_err=0 last_event=45 class=0 confidence_permille=994
imu services=13523 samples=432736 fifo_max_bytes=512 fifo_empty=0 fifo_count_err=0 fifo_capacity_err=0 fifo_read_err=0 fifo_parse_err=0 dma_start_err=0 dma_timeout=0 dma_complete_err=0 pool_min_free=51 pool_backpressure=0 blocks=13523 
event state=0 pretrigger_blocks=25 busy=0 export_err=0 resource_err=0
ai model_ready=1 submitted=2 processed=2 queue_drop=0 result_queue_drop=0 result_queue_backpressure=0 result_queue_depth=0 result_queue_high_watermark=1 store_err=0 feature_err=0 runtime_err=0 last_event=45 class=0 confidence_permille=994
imu services=13575 samples=434400 fifo_max_bytes=512 fifo_empty=0 fifo_count_err=0 fifo_capacity_err=0 fifo_read_err=0 fifo_parse_err=0 dma_start_err=0 dma_timeout=0 dma_complete_err=0 pool_min_free=51 pool_backpressure=0 blocks=13575 
event state=0 pretrigger_blocks=25 busy=0 export_err=0 resource_err=0
ai model_ready=1 submitted=2 processed=2 queue_drop=0 result_queue_drop=0 result_queue_backpressure=0 result_queue_depth=0 result_queue_high_watermark=1 store_err=0 feature_err=0 runtime_err=0 last_event=45 class=0 confidence_permille=994
imu services=13628 samples=436064 fifo_max_bytes=512 fifo_empty=0 fifo_count_err=0 fifo_capacity_err=0 fifo_read_err=0 fifo_parse_err=0 dma_start_err=0 dma_timeout=0 dma_complete_err=0 pool_min_free=51 pool_backpressure=0 blocks=13627 
event state=0 pretrigger_blocks=25 busy=0 export_err=0 resource_err=0
ai model_ready=1 submitted=2 processed=2 queue_drop=0 result_queue_drop=0 result_queue_backpressure=0 result_queue_depth=0 result_queue_high_watermark=1 store_err=0 feature_err=0 runtime_err=0 last_event=45 class=0 confidence_permille=994
i
[2026-08-22T02:08:15.550335+00:00] TX
ps

[2026-08-22T02:08:17.393947+00:00] RX
mu services=13680 samples=437760 fifo_max_bytes=512 fifo_empty=0 fifo_count_err=0 fifo_capacity_err=0 fifo_read_err=0 fifo_parse_err=0 dma_start_err=0 dma_timeout=0 dma_complete_err=0 pool_min_free=51 pool_backpressure=0 blocks=13680 
event state=0 pretrigger_blocks=25 busy=0 export_err=0 resource_err=0
ai model_ready=1 submitted=2 processed=2 queue_drop=0 result_queue_drop=0 result_queue_backpressure=0 result_queue_depth=0 result_queue_high_watermark=1 store_err=0 feature_err=0 runtime_err=0 last_event=45 class=0 confidence_permille=994
ps
thread       pri  status      sp     stack size max used left tick   error  tcb addr   usage
------------ ---  ------- ---------- ----------  ------  ---------- ------- ---------- -----
sysreport     12  suspend 0x000001ec 0x00000800     75%   0x00000008 EINTRPT 0x24046068  N/A
led_hb        20  suspend 0x0000006c 0x00000200     22%   0x00000004 EINTRPT 0x24045da8  N/A
event          9  suspend 0x00000114 0x00000800     79%   0x00000004 EINTRPT 0x240454e8  N/A
imu_acq        8  suspend 0x000000ec 0x00000800     15%   0x00000006 EINTRPT 0x24044c28  N/A
ai            15  suspend 0x000003c4 0x00000600     86%   0x00000008 EINTRPT 0x24044568  N/A
terp_rx       18  suspend 0x00000084 0x00001000     34%   0x00000007 EINTRPT 0x240434a8  N/A
tshell        20  running 0x00000214 0x00000800     56%   0x0000000a OK      0x240427c8  N/A
tidle0        31  ready   0x00000054 0x00000400     12%   0x00000004 OK      0x24041320  N/A
timer          4  suspend 0x00000074 0x00000200     22%   0x0000000a EINTRPT 0x24041900  N/A
msh >
msh >imu services=13732 samples=439424 fifo_max_bytes=512 fifo_empty=0 fifo_count_err=0 fifo_capacity_err=0 fifo_read_err=0 fifo_parse_err=0 dma_start_err=0 dma_timeout=0 dma_complete_err=0 pool_min_free=51 pool_backpressure=0 blocks=13732 
event state=0 pretrigger_blocks=25 busy=0 export_err=0 resource_err=0
ai model_ready=1 submitted=2 processed=2 queue_drop=0 result_queue_drop=0 result_queue_backpressure=0 result_queue_depth=0 result_queue_high_watermark=1 store_err=0 feature_err=0 runtime_err=0 last_event=45 class=0 confidence_permille=994

[2026-08-22T02:08:17.641677+00:00] TX
event status

[2026-08-22T02:08:19.487532+00:00] RX
imu services=13785 samples=441088 fifo_max_bytes=512 fifo_empty=0 fifo_count_err=0 fifo_capacity_err=0 fifo_read_err=0 fifo_parse_err=0 dma_start_err=0 dma_timeout=0 dma_complete_err=0 pool_min_free=51 pool_backpressure=0 blocks=13784 
event state=0 pretrigger_blocks=25 busy=0 export_err=0 resource_err=0
ai model_ready=1 submitted=2 processed=2 queue_drop=0 result_queue_drop=0 result_queue_backpressure=0 result_queue_depth=0 result_queue_high_watermark=1 store_err=0 feature_err=0 runtime_err=0 last_event=45 class=0 confidence_permille=994
event status
event state=0 pretrigger_blocks=25 busy=0 export_err=0 resource_err=0
msh >
msh >imu services=13837 samples=442784 fifo_max_bytes=512 fifo_empty=0 fifo_count_err=0 fifo_capacity_err=0 fifo_read_err=0 fifo_parse_err=0 dma_start_err=0 dma_timeout=0 dma_complete_err=0 pool_min_free=51 pool_backpressure=0 blocks=13837 
event state=0 pretrigger_blocks=25 busy=0 export_err=0 resource_err=0
ai model_ready=1 submitted=2 processed=2 queue_drop=0 result_queue_drop=0 result_queue_backpressure=0 result_queue_depth=0 result_queue_high_watermark=1 store_err=0 feature_err=0 runtime_err=0 last_event=45 class=0 confidence_permille=994

[2026-08-22T02:08:30.704108+00:00] RX_PRE_COMMAND
imu services=13889 samples=444448 fifo_max_bytes=512 fifo_empty=0 fifo_count_err=0 fifo_capacity_err=0 fifo_read_err=0 fifo_parse_err=0 dma_start_err=0 dma_timeout=0 dma_complete_err=0 pool_min_free=51 pool_backpressure=0 blocks=13889 
event state=0 pretrigger_blocks=25 busy=0 export_err=0 resource_err=0
ai model_ready=1 submitted=2 processed=2 queue_drop=0 result_queue_drop=0 result_queue_backpressure=0 result_queue_depth=0 result_queue_high_watermark=1 store_err=0 feature_err=0 runtime_err=0 last_event=45 class=0 confidence_permille=994
imu services=13942 samples=446112 fifo_max_bytes=512 fifo_empty=0 fifo_count_err=0 fifo_capacity_err=0 fifo_read_err=0 fifo_parse_err=0 dma_start_err=0 dma_timeout=0 dma_complete_err=0 pool_min_free=51 pool_backpressure=0 blocks=13941 
event state=0 pretrigger_blocks=25 busy=0 export_err=0 resource_err=0
ai model_ready=1 submitted=2 processed=2 queue_drop=0 result_queue_drop=0 result_queue_backpressure=0 result_queue_depth=0 result_queue_high_watermark=1 store_err=0 feature_err=0 runtime_err=0 last_event=45 class=0 confidence_permille=994
imu services=13994 samples=447808 fifo_max_bytes=512 fifo_empty=0 fifo_count_err=0 fifo_capacity_err=0 fifo_read_err=0 fifo_parse_err=0 dma_start_err=0 dma_timeout=0 dma_complete_err=0 pool_min_free=51 pool_backpressure=0 blocks=13994 
event state=0 pretrigger_blocks=25 busy=0 export_err=0 resource_err=0
ai model_ready=1 submitted=2 processed=2 queue_drop=0 result_queue_drop=0 result_queue_backpressure=0 result_queue_depth=0 result_queue_high_watermark=1 store_err=0 feature_err=0 runtime_err=0 last_event=45 class=0 confidence_permille=994
imu services=14046 samples=449472 fifo_max_bytes=512 fifo_empty=0 fifo_count_err=0 fifo_capacity_err=0 fifo_read_err=0 fifo_parse_err=0 dma_start_err=0 dma_timeout=0 dma_complete_err=0 pool_min_free=51 pool_backpressure=0 blocks=14046 
event state=0 pretrigger_blocks=25 busy=0 export_err=0 resource_err=0
ai model_ready=1 submitted=2 processed=2 queue_drop=0 result_queue_drop=0 result_queue_backpressure=0 result_queue_depth=0 result_queue_high_watermark=1 store_err=0 feature_err=0 runtime_err=0 last_event=45 class=0 confidence_permille=994
imu services=14099 samples=451136 fifo_max_bytes=512 fifo_empty=0 fifo_count_err=0 fifo_capacity_err=0 fifo_read_err=0 fifo_parse_err=0 dma_start_err=0 dma_timeout=0 dma_complete_err=0 pool_min_free=51 pool_backpressure=0 blocks=14098 
event state=0 pretrigger_blocks=25 busy=0 export_err=0 resource_err=0
ai model_ready=1 submitted=2 processed=2 queue_drop=0 result_queue_drop=0 result_queue_backpressure=0 result_queue_depth=0 result_queue_high_watermark=1 store_err=0 feature_err=0 runtime_err=0 last_event=45 class=0 confidence_permille=994
imu services=14151 samples=452832 fifo_max_bytes=512 fifo_empty=0 fifo_count_err=0 fifo_capacity_err=0 fifo_read_err=0 fifo_parse_err=0 dma_start_err=0 dma_timeout=0 dma_complete_err=0 pool_min_free=51 pool_backpressure=0 blocks=14151 
event state=0 pretrigger_blocks=25 busy=0 export_err=0 resource_err=0
ai model_ready=1 submitted=2 processed=2 queue_drop=0 result_queue_drop=0 result_queue_backpressure=0 result_queue_depth=0 result_queue_high_watermark=1 store_err=0 feature_err=0 runtime_err=0 last_event=45 class=0 confidence_permille=994
imu services=14203 samples=454496 fifo_max_bytes=512 fifo_empty=0 fifo_count_err=0 fifo_capacity_err=0 fifo_read_err=0 fifo_parse_err=0 dma_start_err=0 dma_timeout=0 dma_complete_err=0 pool_min_free=51 pool_backpressure=0 blocks=14203 
event state=0 pretrigger_blocks=25 busy=0 export_err=0 resource_err=0
ai model_ready=1 submitted=2 processed=2 queue_drop=0 result_queue_drop=0 result_queue_backpressure=0 result_queue_depth=0 result_queue_high_watermark=1 store_err=0 feature_err=0 runtime_err=0 last_event=45 class=0 confidence_permille=994
imu services=14256 samples=456160 fifo_max_bytes=512 fifo_empty=0 fifo_count_err=0 fifo_capacity_err=0 fifo_read_err=0 fifo_parse_err=0 dma_start_err=0 dma_timeout=0 dma_complete_err=0 pool_min_free=51 pool_backpressure=0 blocks=14255 
event state=0 pretrigger_blocks=25 busy=0 export_err=0 resource_err=0
ai model_ready=1 submitted=2 processed=2 queue_drop=0 result_queue_drop=0 result_queue_backpressure=0 result_queue_depth=0 result_queue_high_watermark=1 store_err=0 feature_err=0 runtime_err=0 last_event=45 class=0 confidence_permille=994
imu services=14308 samples=457856 fifo_max_bytes=512 fifo_empty=0 fifo_count_err=0 fifo_capacity_err=0 fifo_read_err=0 fifo_parse_err=0 dma_start_err=0 dma_timeout=0 dma_complete_err=0 pool_min_free=51 pool_backpressure=0 blocks=14308 
event state=0 pretrigger_blocks=25 busy=0 export_err=0 resource_err=0
ai model_ready=1 submitted=2 processed=2 queue_drop=0 result_queue_drop=0 result_queue_backpressure=0 result_queue_depth=0 result_queue_high_watermark=1 store_err=0 feature_err=0 runtime_err=0 last_event=45 class=0 confidence_permille=994
imu services=14360 samples=459520 fifo_max_bytes=512 fifo_empty=0 fifo_count_err=0 fifo_capacity_err=0 fifo_read_err=0 fifo_parse_err=0 dma_start_err=0 dma_timeout=0 dma_complete_err=0 pool_min_free=51 pool_backpressure=0 blocks=14360 
event state=0 pretrigger_blocks=25 busy=0 export_err=0 resource_err=0
ai model_ready=1 submitted=2 processed=2 queue_drop=0 result_queue_drop=0 result_queue_backpressure=0 result_queue_depth=0 result_queue_high_watermark=1 store_err=0 feature_err=0 runtime_err=0 last_event=45 class=0 confidence_permille=994
imu services=14413 samples=461184 fifo_max_bytes=512 fifo_empty=0 fifo_count_err=0 fifo_capacity_err=0 fifo_read_err=0 fifo_parse_err=0 dma_start_err=0 dma_timeout=0 dma_complete_err=0 pool_min_free=51 pool_backpressure=0 blocks=14412 
event state=0 pretrigger_blocks=25 busy=0 export_err=0 resource_err=0
ai model_ready=1 submitted=2 processed=2 queue_drop=0 result_queue_drop=0 result_queue_backpressure=0 result_queue_depth=0 result_queue_high_watermark=1 store_err=0 feature_err=0 runtime_err=0 last_event=45 class=0 confidence_permille=994

[2026-08-22T02:08:30.704618+00:00] TX
ps

[2026-08-22T02:08:32.611087+00:00] RX
ps
thread       pri  status      sp     stack size max used left tick   error  tcb addr   usage
------------ ---  ------- ---------- ----------  ------  ---------- ------- ---------- -----
sysreport     12  suspend 0x000001ec 0x00000800     75%   0x00000007 EINTRPT 0x24046068  N/A
led_hb        20  suspend 0x0000006c 0x00000200     22%   0x00000003 EINTRPT 0x24045da8  N/A
event          9  suspend 0x00000114 0x00000800     79%   0x00000001 EINTRPT 0x240454e8  N/A
imu_acq        8  suspend 0x000000ec 0x00000800     15%   0x00000007 EINTRPT 0x24044c28  N/A
ai            15  suspend 0x000003c4 0x00000600     86%   0x00000007 EINTRPT 0x24044568  N/A
terp_rx       18  suspend 0x00000084 0x00001000     34%   0x0000000a EINTRPT 0x240434a8  N/A
tshell        20  running 0x00000214 0x00000800     56%   0x00000001 OK      0x240427c8  N/A
tidle0        31  ready   0x00000054 0x00000400     12%   0x00000009 OK      0x24041320  N/A
timer          4  suspend 0x00000074 0x00000200     22%   0x0000000a EINTRPT 0x24041900  N/A
msh >
msh >imu services=14465 samples=462880 fifo_max_bytes=512 fifo_empty=0 fifo_count_err=0 fifo_capacity_err=0 fifo_read_err=0 fifo_parse_err=0 dma_start_err=0 dma_timeout=0 dma_complete_err=0 pool_min_free=51 pool_backpressure=0 blocks=14465 
event state=0 pretrigger_blocks=25 busy=0 export_err=0 resource_err=0
ai model_ready=1 submitted=2 processed=2 queue_drop=0 result_queue_drop=0 result_queue_backpressure=0 result_queue_depth=0 result_queue_high_watermark=1 store_err=0 feature_err=0 runtime_err=0 last_event=45 class=0 confidence_permille=994
imu services=14517 samples=464544 fifo_max_bytes=512 fifo_empty=0 fifo_count_err=0 fifo_capacity_err=0 fifo_read_err=0 fifo_parse_err=0 dma_start_err=0 dma_timeout=0 dma_complete_err=0 pool_min_free=51 pool_backpressure=0 blocks=14517 
event state=0 pretrigger_blocks=25 busy=0 export_err=0 resource_err=0
ai model_ready=1 submitted=2 processed=2 queue_drop=0 result_queue_drop=0 result_queue_backpressure=0 result_queue_depth=0 result_queue_high_watermark=1 store_err=0 feature_err=0 runtime_err=0 last_event=45 class=0 confidence_permille=994

[2026-08-22T02:08:32.858537+00:00] TX
event status

[2026-08-22T02:08:34.703454+00:00] RX
event status
event state=0 pretrigger_blocks=25 busy=0 export_err=0 resource_err=0
msh >
msh >imu services=14570 samples=466208 fifo_max_bytes=512 fifo_empty=0 fifo_count_err=0 fifo_capacity_err=0 fifo_read_err=0 fifo_parse_err=0 dma_start_err=0 dma_timeout=0 dma_complete_err=0 pool_min_free=51 pool_backpressure=0 blocks=14569 
event state=0 pretrigger_blocks=25 busy=0 export_err=0 resource_err=0
ai model_ready=1 submitted=2 processed=2 queue_drop=0 result_queue_drop=0 result_queue_backpressure=0 result_queue_depth=0 result_queue_high_watermark=1 store_err=0 feature_err=0 runtime_err=0 last_event=45 class=0 confidence_permille=994
imu services=14622 samples=467904 fifo_max_bytes=512 fifo_empty=0 fifo_count_err=0 fifo_capacity_err=0 fifo_read_err=0 fifo_parse_err=0 dma_start_err=0 dma_timeout=0 dma_complete_err=0 pool_min_free=51 pool_backpressure=0 blocks=14622 
event state=0 pretrigger_blocks=25 busy=0 export_err=0 resource_err=0
ai model_ready=1 submitted=2 processed=2 queue_drop=0 result_queue_drop=0 result_queue_backpressure=0 result_queue_depth=0 result_queue_high_watermark=1 store_err=0 feature_err=0 runtime_err=0 last_event=45 class=0 confidence_permille=994

[2026-08-22T02:08:45.739894+00:00] RX_PRE_COMMAND
imu services=14674 samples=469568 fifo_max_bytes=512 fifo_empty=0 fifo_count_err=0 fifo_capacity_err=0 fifo_read_err=0 fifo_parse_err=0 dma_start_err=0 dma_timeout=0 dma_complete_err=0 pool_min_free=51 pool_backpressure=0 blocks=14674 
event state=0 pretrigger_blocks=25 busy=0 export_err=0 resource_err=0
ai model_ready=1 submitted=2 processed=2 queue_drop=0 result_queue_drop=0 result_queue_backpressure=0 result_queue_depth=0 result_queue_high_watermark=1 store_err=0 feature_err=0 runtime_err=0 last_event=45 class=0 confidence_permille=994
imu services=14727 samples=471232 fifo_max_bytes=512 fifo_empty=0 fifo_count_err=0 fifo_capacity_err=0 fifo_read_err=0 fifo_parse_err=0 dma_start_err=0 dma_timeout=0 dma_complete_err=0 pool_min_free=51 pool_backpressure=0 blocks=14726 
event state=0 pretrigger_blocks=25 busy=0 export_err=0 resource_err=0
ai model_ready=1 submitted=2 processed=2 queue_drop=0 result_queue_drop=0 result_queue_backpressure=0 result_queue_depth=0 result_queue_high_watermark=1 store_err=0 feature_err=0 runtime_err=0 last_event=45 class=0 confidence_permille=994
imu services=14779 samples=472928 fifo_max_bytes=512 fifo_empty=0 fifo_count_err=0 fifo_capacity_err=0 fifo_read_err=0 fifo_parse_err=0 dma_start_err=0 dma_timeout=0 dma_complete_err=0 pool_min_free=51 pool_backpressure=0 blocks=14779 
event state=0 pretrigger_blocks=25 busy=0 export_err=0 resource_err=0
ai model_ready=1 submitted=2 processed=2 queue_drop=0 result_queue_drop=0 result_queue_backpressure=0 result_queue_depth=0 result_queue_high_watermark=1 store_err=0 feature_err=0 runtime_err=0 last_event=45 class=0 confidence_permille=994
imu services=14831 samples=474592 fifo_max_bytes=512 fifo_empty=0 fifo_count_err=0 fifo_capacity_err=0 fifo_read_err=0 fifo_parse_err=0 dma_start_err=0 dma_timeout=0 dma_complete_err=0 pool_min_free=51 pool_backpressure=0 blocks=14831 
event state=0 pretrigger_blocks=25 busy=0 export_err=0 resource_err=0
ai model_ready=1 submitted=2 processed=2 queue_drop=0 result_queue_drop=0 result_queue_backpressure=0 result_queue_depth=0 result_queue_high_watermark=1 store_err=0 feature_err=0 runtime_err=0 last_event=45 class=0 confidence_permille=994
imu services=14884 samples=476256 fifo_max_bytes=512 fifo_empty=0 fifo_count_err=0 fifo_capacity_err=0 fifo_read_err=0 fifo_parse_err=0 dma_start_err=0 dma_timeout=0 dma_complete_err=0 pool_min_free=51 pool_backpressure=0 blocks=14883 
event state=0 pretrigger_blocks=25 busy=0 export_err=0 resource_err=0
ai model_ready=1 submitted=2 processed=2 queue_drop=0 result_queue_drop=0 result_queue_backpressure=0 result_queue_depth=0 result_queue_high_watermark=1 store_err=0 feature_err=0 runtime_err=0 last_event=45 class=0 confidence_permille=994
imu services=14936 samples=477952 fifo_max_bytes=512 fifo_empty=0 fifo_count_err=0 fifo_capacity_err=0 fifo_read_err=0 fifo_parse_err=0 dma_start_err=0 dma_timeout=0 dma_complete_err=0 pool_min_free=51 pool_backpressure=0 blocks=14936 
event state=0 pretrigger_blocks=25 busy=0 export_err=0 resource_err=0
ai model_ready=1 submitted=2 processed=2 queue_drop=0 result_queue_drop=0 result_queue_backpressure=0 result_queue_depth=0 result_queue_high_watermark=1 store_err=0 feature_err=0 runtime_err=0 last_event=45 class=0 confidence_permille=994
imu services=14988 samples=479616 fifo_max_bytes=512 fifo_empty=0 fifo_count_err=0 fifo_capacity_err=0 fifo_read_err=0 fifo_parse_err=0 dma_start_err=0 dma_timeout=0 dma_complete_err=0 pool_min_free=51 pool_backpressure=0 blocks=14988 
event state=0 pretrigger_blocks=25 busy=0 export_err=0 resource_err=0
ai model_ready=1 submitted=2 processed=2 queue_drop=0 result_queue_drop=0 result_queue_backpressure=0 result_queue_depth=0 result_queue_high_watermark=1 store_err=0 feature_err=0 runtime_err=0 last_event=45 class=0 confidence_permille=994
imu services=15041 samples=481280 fifo_max_bytes=512 fifo_empty=0 fifo_count_err=0 fifo_capacity_err=0 fifo_read_err=0 fifo_parse_err=0 dma_start_err=0 dma_timeout=0 dma_complete_err=0 pool_min_free=51 pool_backpressure=0 blocks=15040 
event state=0 pretrigger_blocks=25 busy=0 export_err=0 resource_err=0
ai model_ready=1 submitted=2 processed=2 queue_drop=0 result_queue_drop=0 result_queue_backpressure=0 result_queue_depth=0 result_queue_high_watermark=1 store_err=0 feature_err=0 runtime_err=0 last_event=45 class=0 confidence_permille=994
imu services=15093 samples=482976 fifo_max_bytes=512 fifo_empty=0 fifo_count_err=0 fifo_capacity_err=0 fifo_read_err=0 fifo_parse_err=0 dma_start_err=0 dma_timeout=0 dma_complete_err=0 pool_min_free=51 pool_backpressure=0 blocks=15093 
event state=0 pretrigger_blocks=25 busy=0 export_err=0 resource_err=0
ai model_ready=1 submitted=2 processed=2 queue_drop=0 result_queue_drop=0 result_queue_backpressure=0 result_queue_depth=0 result_queue_high_watermark=1 store_err=0 feature_err=0 runtime_err=0 last_event=45 class=0 confidence_permille=994
imu services=15145 samples=484640 fifo_max_bytes=512 fifo_empty=0 fifo_count_err=0 fifo_capacity_err=0 fifo_read_err=0 fifo_parse_err=0 dma_start_err=0 dma_timeout=0 dma_complete_err=0 pool_min_free=51 pool_backpressure=0 blocks=15145 
event state=0 pretrigger_blocks=25 busy=0 export_err=0 resource_err=0
ai model_ready=1 submitted=2 processed=2 queue_drop=0 result_queue_drop=0 result_queue_backpressure=0 result_queue_depth=0 result_queue_high_watermark=1 store_err=0 feature_err=0 runtime_err=0 last_event=45 class=0 confidence_permille=994

[2026-08-22T02:08:45.739894+00:00] TX
ps

[2026-08-22T02:08:47.638589+00:00] RX
ps
thread       pri  status      sp     stack size max used left tick   error  tcb addr   usage
------------ ---  ------- ---------- ----------  ------  ---------- ------- ---------- -----
sysreport     12  suspend 0x000001ec 0x00000800     75%   0x00000009 EINTRPT 0x24046068  N/A
led_hb        20  suspend 0x0000006c 0x00000200     22%   0x00000003 EINTRPT 0x24045da8  N/A
event          9  suspend 0x00000114 0x00000800     79%   0x00000005 EINTRPT 0x240454e8  N/A
imu_acq        8  suspend 0x00000094 0x00000800     15%   0x00000001 EINTRPT 0x24044c28  N/A
ai            15  suspend 0x000003c4 0x00000600     86%   0x00000005 EINTRPT 0x24044568  N/A
terp_rx       18  suspend 0x00000084 0x00001000     34%   0x00000002 EINTRPT 0x240434a8  N/A
tshell        20  running 0x00000214 0x00000800     56%   0x00000002 OK      0x240427c8  N/A
tidle0        31  ready   0x00000054 0x00000400     12%   0x0000001e OK      0x24041320  N/A
timer          4  suspend 0x00000074 0x00000200     22%   0x0000000a EINTRPT 0x24041900  N/A
msh >
msh >imu services=15198 samples=486304 fifo_max_bytes=512 fifo_empty=0 fifo_count_err=0 fifo_capacity_err=0 fifo_read_err=0 fifo_parse_err=0 dma_start_err=0 dma_timeout=0 dma_complete_err=0 pool_min_free=51 pool_backpressure=0 blocks=15197 
event state=0 pretrigger_blocks=25 busy=0 export_err=0 resource_err=0
ai model_ready=1 submitted=2 processed=2 queue_drop=0 result_queue_drop=0 result_queue_backpressure=0 result_queue_depth=0 result_queue_high_watermark=1 store_err=0 feature_err=0 runtime_err=0 last_event=45 class=0 confidence_permille=994
imu services=15250 samples=488000 fifo_max_bytes=512 fifo_empty=0 fifo_count_err=0 fifo_capacity_err=0 fifo_read_err=0 fifo_parse_err=0 dma_start_err=0 dma_timeout=0 dma_complete_err=0 pool_min_free=51 pool_backpressure=0 blocks=15250 
event state=0 pretrigger_blocks=25 busy=0 export_err=0 resource_err=0
ai model_ready=1 submitted=2 processed=2 queue_drop=0 result_queue_drop=0 result_queue_backpressure=0 result_queue_depth=0 result_queue_high_watermark=1 store_err=0 feature_err=0 runtime_err=0 last_event=45 class=0 confidence_permille=994

[2026-08-22T02:08:47.888831+00:00] TX
event status

[2026-08-22T02:08:49.745528+00:00] RX
event status
event state=0 pretrigger_blocks=25 busy=0 export_err=0 resource_err=0
msh >
msh >imu services=15302 samples=489664 fifo_max_bytes=512 fifo_empty=0 fifo_count_err=0 fifo_capacity_err=0 fifo_read_err=0 fifo_parse_err=0 dma_start_err=0 dma_timeout=0 dma_complete_err=0 pool_min_free=51 pool_backpressure=0 blocks=15302 
event state=0 pretrigger_blocks=25 busy=0 export_err=0 resource_err=0
ai model_ready=1 submitted=2 processed=2 queue_drop=0 result_queue_drop=0 result_queue_backpressure=0 result_queue_depth=0 result_queue_high_watermark=1 store_err=0 feature_err=0 runtime_err=0 last_event=45 class=0 confidence_permille=994
imu services=15355 samples=491328 fifo_max_bytes=512 fifo_empty=0 fifo_count_err=0 fifo_capacity_err=0 fifo_read_err=0 fifo_parse_err=0 dma_start_err=0 dma_timeout=0 dma_complete_err=0 pool_min_free=51 pool_backpressure=0 blocks=15354 
event state=0 pretrigger_blocks=25 busy=0 export_err=0 resource_err=0
ai model_ready=1 submitted=2 processed=2 queue_drop=0 result_queue_drop=0 result_queue_backpressure=0 result_queue_depth=0 result_queue_high_watermark=1 store_err=0 feature_err=0 runtime_err=0 last_event=45 class=0 confidence_permille=994

[2026-08-22T02:08:51.335065+00:00] RX_PRE_COMMAND
imu services=15407 samples=493024 fifo_max_bytes=512 fifo_empty=0 fifo_count_err=0 fifo_capacity_err=0 fifo_read_err=0 fifo_parse_err=0 dma_start_err=0 dma_timeout=0 dma_complete_err=0 pool_min_free=51 pool_backpressure=0 blocks=15407 
event state=0 pretrigger_blocks=25 busy=0 export_err=0 resource_err=0
ai model_ready=1 submitted=2 processed=2 queue_drop=0 result_queue_drop=0 result_queue_backpressure=0 result_queue_depth=0 result_queue_high_watermark=1 store_err=0 feature_err=0 runtime_err=0 last_event=45 class=0 confidence_permille=994
imu services=15459 samples=494688 fifo_max_bytes=512 fifo_empty=0 fifo_count_err=0 fifo_capacity_err=0 fifo_read_err=0 fifo_parse_err=0 dma_start_err=0 dma_timeout=0 dma_complete_err=0 pool_min_free=51 pool_backpressure=0 blocks=15459 
event state=0 pretrigger_blocks=25 busy=0 export_err=0 resource_err=0
ai model_ready=1 submitted=2 processed=2 queue_drop=0 result_queue_drop=0 result_queue_backpressure=0 result_queue_depth=0 result_queue_high_watermark=1 store_err=0 feature_err=0 runtime_err=0 last_event=45 class=0 confidence_permille=994

[2026-08-22T02:08:51.335065+00:00] TX
event trigger_test

[2026-08-22T02:08:53.953035+00:00] RX
event trigger_test
msh >
msh >imu services=15512 samples=496352 fifo_max_bytes=512 fifo_empty=0 fifo_count_err=0 fifo_capacity_err=0 fifo_read_err=0 fifo_parse_err=0 dma_start_err=0 dma_timeout=0 dma_complete_err=0 pool_min_free=51 pool_backpressure=0 blocks=15511 
event state=1 pretrigger_blocks=0 busy=0 export_err=0 resource_err=0
ai model_ready=1 submitted=2 processed=2 queue_drop=0 result_queue_drop=0 result_queue_backpressure=0 result_queue_depth=0 result_queue_high_watermark=1 store_err=0 feature_err=0 runtime_err=0 last_event=45 class=0 confidence_permille=994
event log write begins
event log write complete
imu services=15584 samples=498688 fifo_max_bytes=512 fifo_empty=0 fifo_count_err=0 fifo_capacity_err=0 fifo_read_err=0 fifo_parse_err=0 dma_start_err=0 dma_timeout=0 dma_complete_err=0 pool_min_free=51 pool_backpressure=0 blocks=15584 
event state=0 pretrigger_blocks=25 busy=0 export_err=0 resource_err=0
ai model_ready=1 submitted=3 processed=2 queue_drop=0 result_queue_drop=0 result_queue_backpressure=0 result_queue_depth=0 result_queue_high_watermark=1 store_err=0 feature_err=0 runtime_err=0 last_event=45 class=0 confidence_permille=994

[2026-08-22T02:09:00.830637+00:00] RX_PRE_COMMAND
imu services=15637 samples=500352 fifo_max_bytes=512 fifo_empty=0 fifo_count_err=0 fifo_capacity_err=0 fifo_read_err=0 fifo_parse_err=0 dma_start_err=0 dma_timeout=0 dma_complete_err=0 pool_min_free=51 pool_backpressure=0 blocks=15636 
event state=0 pretrigger_blocks=25 busy=0 export_err=0 resource_err=0
ai model_ready=1 submitted=3 processed=3 queue_drop=0 result_queue_drop=0 result_queue_backpressure=0 result_queue_depth=0 result_queue_high_watermark=1 store_err=0 feature_err=0 runtime_err=0 last_event=46 class=0 confidence_permille=981
imu services=15689 samples=502048 fifo_max_bytes=512 fifo_empty=0 fifo_count_err=0 fifo_capacity_err=0 fifo_read_err=0 fifo_parse_err=0 dma_start_err=0 dma_timeout=0 dma_complete_err=0 pool_min_free=51 pool_backpressure=0 blocks=15689 
event state=0 pretrigger_blocks=25 busy=0 export_err=0 resource_err=0
ai model_ready=1 submitted=3 processed=3 queue_drop=0 result_queue_drop=0 result_queue_backpressure=0 result_queue_depth=0 result_queue_high_watermark=1 store_err=0 feature_err=0 runtime_err=0 last_event=46 class=0 confidence_permille=981
imu services=15741 samples=503712 fifo_max_bytes=512 fifo_empty=0 fifo_count_err=0 fifo_capacity_err=0 fifo_read_err=0 fifo_parse_err=0 dma_start_err=0 dma_timeout=0 dma_complete_err=0 pool_min_free=51 pool_backpressure=0 blocks=15741 
event state=0 pretrigger_blocks=25 busy=0 export_err=0 resource_err=0
ai model_ready=1 submitted=3 processed=3 queue_drop=0 result_queue_drop=0 result_queue_backpressure=0 result_queue_depth=0 result_queue_high_watermark=1 store_err=0 feature_err=0 runtime_err=0 last_event=46 class=0 confidence_permille=981
imu services=15794 samples=505376 fifo_max_bytes=512 fifo_empty=0 fifo_count_err=0 fifo_capacity_err=0 fifo_read_err=0 fifo_parse_err=0 dma_start_err=0 dma_timeout=0 dma_complete_err=0 pool_min_free=51 pool_backpressure=0 blocks=15793 
event state=0 pretrigger_blocks=25 busy=0 export_err=0 resource_err=0
ai model_ready=1 submitted=3 processed=3 queue_drop=0 result_queue_drop=0 result_queue_backpressure=0 result_queue_depth=0 result_queue_high_watermark=1 store_err=0 feature_err=0 runtime_err=0 last_event=46 class=0 confidence_permille=981
imu services=15846 samples=507072 fifo_max_bytes=512 fifo_empty=0 fifo_count_err=0 fifo_capacity_err=0 fifo_read_err=0 fifo_parse_err=0 dma_start_err=0 dma_timeout=0 dma_complete_err=0 pool_min_free=51 pool_backpressure=0 blocks=15846 
event state=0 pretrigger_blocks=25 busy=0 export_err=0 resource_err=0
ai model_ready=1 submitted=3 processed=3 queue_drop=0 result_queue_drop=0 result_queue_backpressure=0 result_queue_depth=0 result_queue_high_watermark=1 store_err=0 feature_err=0 runtime_err=0 last_event=46 class=0 confidence_permille=981
firmware_version=phase08-terp-uart3
git_revision_or_local=ee588c47ffaf07436626b00f4a3884c908a5138f
build_time=Aug 22 2026 09:44:21
sysclk_hz=240000000
rt_tick_hz=1000
reset_reason=0x01fe0000
heap_free_bytes=236392
thread_count=9
imu services=15899 samples=508768 fifo_max_bytes=512 fifo_empty=0 fifo_count_err=0 fifo_capacity_err=0 fifo_read_err=0 fifo_parse_err=0 dma_start_err=0 dma_timeout=0 dma_complete_err=0 pool_min_free=51 pool_backpressure=0 blocks=15899 
event state=0 pretrigger_blocks=25 busy=0 export_err=0 resource_err=0
ai model_ready=1 submitted=3 processed=3 queue_drop=0 result_queue_drop=0 result_queue_backpressure=0 result_queue_depth=0 result_queue_high_watermark=1 store_err=0 feature_err=0 runtime_err=0 last_event=46 class=0 confidence_permille=981

[2026-08-22T02:09:00.831228+00:00] TX
ps

[2026-08-22T02:09:02.739287+00:00] RX
ps
thread       pri  status      sp     stack size max used left tick   error  tcb addr   usage
------------ ---  ------- ---------- ----------  ------  ---------- ------- ---------- -----
sysreport     12  suspend 0x000001ec 0x00000800     75%   0x00000009 EINTRPT 0x24046068  N/A
led_hb        20  suspend 0x0000006c 0x00000200     22%   0x00000002 EINTRPT 0x24045da8  N/A
event          9  suspend 0x00000114 0x00000800     79%   0x00000009 EINTRPT 0x240454e8  N/A
imu_acq        8  suspend 0x00000094 0x00000800     15%   0x0000000a EINTRPT 0x24044c28  N/A
ai            15  suspend 0x000003c4 0x00000600     86%   0x00000001 EINTRPT 0x24044568  N/A
terp_rx       18  suspend 0x00000084 0x00001000     34%   0x00000005 EINTRPT 0x240434a8  N/A
tshell        20  running 0x00000214 0x00000800     56%   0x00000009 OK      0x240427c8  N/A
tidle0        31  ready   0x00000054 0x00000400     12%   0x0000001b OK      0x24041320  N/A
timer          4  suspend 0x00000074 0x00000200     22%   0x0000000a EINTRPT 0x24041900  N/A
msh >
msh >imu services=15952 samples=510432 fifo_max_bytes=512 fifo_empty=0 fifo_count_err=0 fifo_capacity_err=0 fifo_read_err=0 fifo_parse_err=0 dma_start_err=0 dma_timeout=0 dma_complete_err=0 pool_min_free=51 pool_backpressure=0 blocks=15951 
event state=0 pretrigger_blocks=25 busy=0 export_err=0 resource_err=0
ai model_ready=1 submitted=3 processed=3 queue_drop=0 result_queue_drop=0 result_queue_backpressure=0 result_queue_depth=0 result_queue_high_watermark=1 store_err=0 feature_err=0 runtime_err=0 last_event=46 class=0 confidence_permille=981
imu services=16004 samples=512128 fifo_max_bytes=512 fifo_empty=0 fifo_count_err=0 fifo_capacity_err=0 fifo_read_err=0 fifo_parse_err=0 dma_start_err=0 dma_timeout=0 dma_complete_err=0 pool_min_free=51 pool_backpressure=0 blocks=16004 
event state=0 pretrigger_blocks=25 busy=0 export_err=0 resource_err=0
ai model_ready=1 submitted=3 processed=3 queue_drop=0 result_queue_drop=0 result_queue_backpressure=0 result_queue_depth=0 result_queue_high_watermark=1 store_err=0 feature_err=0 runtime_err=0 last_event=46 class=0 confidence_permille=981

[2026-08-22T02:09:02.986800+00:00] TX
event status

[2026-08-22T02:09:04.825191+00:00] RX
event status
event state=0 pretrigger_blocks=25 busy=0 export_err=0 resource_err=0
msh >
msh >imu services=16056 samples=513792 fifo_max_bytes=512 fifo_empty=0 fifo_count_err=0 fifo_capacity_err=0 fifo_read_err=0 fifo_parse_err=0 dma_start_err=0 dma_timeout=0 dma_complete_err=0 pool_min_free=51 pool_backpressure=0 blocks=16056 
event state=0 pretrigger_blocks=25 busy=0 export_err=0 resource_err=0
ai model_ready=1 submitted=3 processed=3 queue_drop=0 result_queue_drop=0 result_queue_backpressure=0 result_queue_depth=0 result_queue_high_watermark=1 store_err=0 feature_err=0 runtime_err=0 last_event=46 class=0 confidence_permille=981
imu services=16109 samples=515456 fifo_max_bytes=512 fifo_empty=0 fifo_count_err=0 fifo_capacity_err=0 fifo_read_err=0 fifo_parse_err=0 dma_start_err=0 dma_timeout=0 dma_complete_err=0 pool_min_free=51 pool_backpressure=0 blocks=16108 
event state=0 pretrigger_blocks=25 busy=0 export_err=0 resource_err=0
ai model_ready=1 submitted=3 processed=3 queue_drop=0 result_queue_drop=0 result_queue_backpressure=0 result_queue_depth=0 result_queue_high_watermark=1 store_err=0 feature_err=0 runtime_err=0 last_event=46 class=0 confidence_permille=981

[2026-08-22T02:09:15.848484+00:00] RX_PRE_COMMAND
imu services=16161 samples=517152 fifo_max_bytes=512 fifo_empty=0 fifo_count_err=0 fifo_capacity_err=0 fifo_read_err=0 fifo_parse_err=0 dma_start_err=0 dma_timeout=0 dma_complete_err=0 pool_min_free=51 pool_backpressure=0 blocks=16161 
event state=0 pretrigger_blocks=25 busy=0 export_err=0 resource_err=0
ai model_ready=1 submitted=3 processed=3 queue_drop=0 result_queue_drop=0 result_queue_backpressure=0 result_queue_depth=0 result_queue_high_watermark=1 store_err=0 feature_err=0 runtime_err=0 last_event=46 class=0 confidence_permille=981
imu services=16213 samples=518816 fifo_max_bytes=512 fifo_empty=0 fifo_count_err=0 fifo_capacity_err=0 fifo_read_err=0 fifo_parse_err=0 dma_start_err=0 dma_timeout=0 dma_complete_err=0 pool_min_free=51 pool_backpressure=0 blocks=16213 
event state=0 pretrigger_blocks=25 busy=0 export_err=0 resource_err=0
ai model_ready=1 submitted=3 processed=3 queue_drop=0 result_queue_drop=0 result_queue_backpressure=0 result_queue_depth=0 result_queue_high_watermark=1 store_err=0 feature_err=0 runtime_err=0 last_event=46 class=0 confidence_permille=981
imu services=16266 samples=520480 fifo_max_bytes=512 fifo_empty=0 fifo_count_err=0 fifo_capacity_err=0 fifo_read_err=0 fifo_parse_err=0 dma_start_err=0 dma_timeout=0 dma_complete_err=0 pool_min_free=51 pool_backpressure=0 blocks=16265 
event state=0 pretrigger_blocks=25 busy=0 export_err=0 resource_err=0
ai model_ready=1 submitted=3 processed=3 queue_drop=0 result_queue_drop=0 result_queue_backpressure=0 result_queue_depth=0 result_queue_high_watermark=1 store_err=0 feature_err=0 runtime_err=0 last_event=46 class=0 confidence_permille=981
imu services=16318 samples=522176 fifo_max_bytes=512 fifo_empty=0 fifo_count_err=0 fifo_capacity_err=0 fifo_read_err=0 fifo_parse_err=0 dma_start_err=0 dma_timeout=0 dma_complete_err=0 pool_min_free=51 pool_backpressure=0 blocks=16318 
event state=0 pretrigger_blocks=25 busy=0 export_err=0 resource_err=0
ai model_ready=1 submitted=3 processed=3 queue_drop=0 result_queue_drop=0 result_queue_backpressure=0 result_queue_depth=0 result_queue_high_watermark=1 store_err=0 feature_err=0 runtime_err=0 last_event=46 class=0 confidence_permille=981
imu services=16370 samples=523840 fifo_max_bytes=512 fifo_empty=0 fifo_count_err=0 fifo_capacity_err=0 fifo_read_err=0 fifo_parse_err=0 dma_start_err=0 dma_timeout=0 dma_complete_err=0 pool_min_free=51 pool_backpressure=0 blocks=16370 
event state=0 pretrigger_blocks=25 busy=0 export_err=0 resource_err=0
ai model_ready=1 submitted=3 processed=3 queue_drop=0 result_queue_drop=0 result_queue_backpressure=0 result_queue_depth=0 result_queue_high_watermark=1 store_err=0 feature_err=0 runtime_err=0 last_event=46 class=0 confidence_permille=981
imu services=16423 samples=525504 fifo_max_bytes=512 fifo_empty=0 fifo_count_err=0 fifo_capacity_err=0 fifo_read_err=0 fifo_parse_err=0 dma_start_err=0 dma_timeout=0 dma_complete_err=0 pool_min_free=51 pool_backpressure=0 blocks=16422 
event state=0 pretrigger_blocks=25 busy=0 export_err=0 resource_err=0
ai model_ready=1 submitted=3 processed=3 queue_drop=0 result_queue_drop=0 result_queue_backpressure=0 result_queue_depth=0 result_queue_high_watermark=1 store_err=0 feature_err=0 runtime_err=0 last_event=46 class=0 confidence_permille=981
imu services=16475 samples=527200 fifo_max_bytes=512 fifo_empty=0 fifo_count_err=0 fifo_capacity_err=0 fifo_read_err=0 fifo_parse_err=0 dma_start_err=0 dma_timeout=0 dma_complete_err=0 pool_min_free=51 pool_backpressure=0 blocks=16475 
event state=0 pretrigger_blocks=25 busy=0 export_err=0 resource_err=0
ai model_ready=1 submitted=3 processed=3 queue_drop=0 result_queue_drop=0 result_queue_backpressure=0 result_queue_depth=0 result_queue_high_watermark=1 store_err=0 feature_err=0 runtime_err=0 last_event=46 class=0 confidence_permille=981
imu services=16527 samples=528864 fifo_max_bytes=512 fifo_empty=0 fifo_count_err=0 fifo_capacity_err=0 fifo_read_err=0 fifo_parse_err=0 dma_start_err=0 dma_timeout=0 dma_complete_err=0 pool_min_free=51 pool_backpressure=0 blocks=16527 
event state=0 pretrigger_blocks=25 busy=0 export_err=0 resource_err=0
ai model_ready=1 submitted=3 processed=3 queue_drop=0 result_queue_drop=0 result_queue_backpressure=0 result_queue_depth=0 result_queue_high_watermark=1 store_err=0 feature_err=0 runtime_err=0 last_event=46 class=0 confidence_permille=981
imu services=16580 samples=530528 fifo_max_bytes=512 fifo_empty=0 fifo_count_err=0 fifo_capacity_err=0 fifo_read_err=0 fifo_parse_err=0 dma_start_err=0 dma_timeout=0 dma_complete_err=0 pool_min_free=51 pool_backpressure=0 blocks=16579 
event state=0 pretrigger_blocks=25 busy=0 export_err=0 resource_err=0
ai model_ready=1 submitted=3 processed=3 queue_drop=0 result_queue_drop=0 result_queue_backpressure=0 result_queue_depth=0 result_queue_high_watermark=1 store_err=0 feature_err=0 runtime_err=0 last_event=46 class=0 confidence_permille=981
imu services=16632 samples=532224 fifo_max_bytes=512 fifo_empty=0 fifo_count_err=0 fifo_capacity_err=0 fifo_read_err=0 fifo_parse_err=0 dma_start_err=0 dma_timeout=0 dma_complete_err=0 pool_min_free=51 pool_backpressure=0 blocks=16632 
event state=0 pretrigger_blocks=25 busy=0 export_err=0 resource_err=0
ai model_ready=1 submitted=3 processed=3 queue_drop=0 result_queue_drop=0 result_queue_backpressure=0 result_queue_depth=0 result_queue_high_watermark=1 store_err=0 feature_err=0 runtime_err=0 last_event=46 class=0 confidence_permille=981
imu services=16684 samples=533888 fifo_max_bytes=512 fifo_empty=0 fifo_count_err=0 fifo_capacity_err=0 fifo_read_err=0 fifo_parse_err=0 dma_start_err=0 dma_timeout=0 dma_complete_err=0 pool_min_free=51 pool_backpressure=0 blocks=16684 
event state=0 pretrigger_blocks=25 busy=0 export_err=0 resource_err=0
ai model_ready=1 submitted=3 processed=3 queue_drop=0 result_queue_drop=0 result_queue_backpressure=0 result_queue_depth=0 result_queue_high_watermark=1 store_err=0 feature_err=0 runtime_err=0 last_event=46 class=0 confidence_permille=981

[2026-08-22T02:09:15.848484+00:00] TX
ps

[2026-08-22T02:09:17.769893+00:00] RX
ps
thread       pri  status      sp     stack size max used left tick   error  tcb addr   usage
------------ ---  ------- ---------- ----------  ------  ---------- ------- ---------- -----
sysreport     12  suspend 0x000001ec 0x00000800     75%   0x00000001 EINTRPT 0x24046068  N/A
led_hb        20  ready   0x0000006c 0x00000200     22%   0x00000001 EINTRPT 0x24045da8  N/A
event          9  suspend 0x00000114 0x00000800     79%   0x00000004 EINTRPT 0x240454e8  N/A
imu_acq        8  suspend 0x00000094 0x00000800     15%   0x00000009 EINTRPT 0x24044c28  N/A
ai            15  suspend 0x000003c4 0x00000600     86%   0x00000001 EINTRPT 0x24044568  N/A
terp_rx       18  suspend 0x00000084 0x00001000     34%   0x00000001 EINTRPT 0x240434a8  N/A
tshell        20  running 0x00000214 0x00000800     56%   0x00000009 OK      0x240427c8  N/A
tidle0        31  ready   0x00000054 0x00000400     12%   0x0000001d OK      0x24041320  N/A
timer          4  suspend 0x00000074 0x00000200     22%   0x0000000a EINTRPT 0x24041900  N/A
msh >
msh >imu services=16737 samples=535552 fifo_max_bytes=512 fifo_empty=0 fifo_count_err=0 fifo_capacity_err=0 fifo_read_err=0 fifo_parse_err=0 dma_start_err=0 dma_timeout=0 dma_complete_err=0 pool_min_free=51 pool_backpressure=0 blocks=16736 
event state=0 pretrigger_blocks=25 busy=0 export_err=0 resource_err=0
ai model_ready=1 submitted=3 processed=3 queue_drop=0 result_queue_drop=0 result_queue_backpressure=0 result_queue_depth=0 result_queue_high_watermark=1 store_err=0 feature_err=0 runtime_err=0 last_event=46 class=0 confidence_permille=981

[2026-08-22T02:09:18.065754+00:00] RX_PRE_COMMAND
imu services=16789 samples=537248 fifo_max_bytes=512 fifo_empty=0 fifo_count_err=0 fifo_capacity_err=0 fifo_read_err=0 fifo_parse_err=0 dma_start_err=0 dma_timeout=0 dma_complete_err=0 pool_min_free=51 pool_backpressure=0 blocks=16789 
event state=0 pretrigger_blocks=25 busy=0 export_err=0 resource_err=0
ai model_ready=1 submitted=3 processed=3 queue_drop=0 result_queue_drop=0 result_queue_backpressure=0 result_queue_depth=0 result_queue_high_watermark=1 store_err=0 feature_err=0 runtime_err=0 last_event=46 class=0 confidence_permille=981

[2026-08-22T02:09:18.065754+00:00] TX
event status

[2026-08-22T02:09:19.865585+00:00] RX
event status
event state=0 pretrigger_blocks=25 busy=0 export_err=0 resource_err=0
msh >
msh >imu services=16841 samples=538912 fifo_max_bytes=512 fifo_empty=0 fifo_count_err=0 fifo_capacity_err=0 fifo_read_err=0 fifo_parse_err=0 dma_start_err=0 dma_timeout=0 dma_complete_err=0 pool_min_free=51 pool_backpressure=0 blocks=16841 
event state=0 pretrigger_blocks=25 busy=0 export_err=0 resource_err=0
ai model_ready=1 submitted=3 processed=3 queue_drop=0 result_queue_drop=0 result_queue_backpressure=0 result_queue_depth=0 result_queue_high_watermark=1 store_err=0 feature_err=0 runtime_err=0 last_event=46 class=0 confidence_permille=981
i
[2026-08-22T02:09:30.934992+00:00] RX_PRE_COMMAND
mu services=16894 samples=540576 fifo_max_bytes=512 fifo_empty=0 fifo_count_err=0 fifo_capacity_err=0 fifo_read_err=0 fifo_parse_err=0 dma_start_err=0 dma_timeout=0 dma_complete_err=0 pool_min_free=51 pool_backpressure=0 blocks=16893 
event state=0 pretrigger_blocks=25 busy=0 export_err=0 resource_err=0
ai model_ready=1 submitted=3 processed=3 queue_drop=0 result_queue_drop=0 result_queue_backpressure=0 result_queue_depth=0 result_queue_high_watermark=1 store_err=0 feature_err=0 runtime_err=0 last_event=46 class=0 confidence_permille=981
imu services=16946 samples=542272 fifo_max_bytes=512 fifo_empty=0 fifo_count_err=0 fifo_capacity_err=0 fifo_read_err=0 fifo_parse_err=0 dma_start_err=0 dma_timeout=0 dma_complete_err=0 pool_min_free=51 pool_backpressure=0 blocks=16946 
event state=0 pretrigger_blocks=25 busy=0 export_err=0 resource_err=0
ai model_ready=1 submitted=3 processed=3 queue_drop=0 result_queue_drop=0 result_queue_backpressure=0 result_queue_depth=0 result_queue_high_watermark=1 store_err=0 feature_err=0 runtime_err=0 last_event=46 class=0 confidence_permille=981
imu services=16998 samples=543936 fifo_max_bytes=512 fifo_empty=0 fifo_count_err=0 fifo_capacity_err=0 fifo_read_err=0 fifo_parse_err=0 dma_start_err=0 dma_timeout=0 dma_complete_err=0 pool_min_free=51 pool_backpressure=0 blocks=16998 
event state=0 pretrigger_blocks=25 busy=0 export_err=0 resource_err=0
ai model_ready=1 submitted=3 processed=3 queue_drop=0 result_queue_drop=0 result_queue_backpressure=0 result_queue_depth=0 result_queue_high_watermark=1 store_err=0 feature_err=0 runtime_err=0 last_event=46 class=0 confidence_permille=981
imu services=17051 samples=545600 fifo_max_bytes=512 fifo_empty=0 fifo_count_err=0 fifo_capacity_err=0 fifo_read_err=0 fifo_parse_err=0 dma_start_err=0 dma_timeout=0 dma_complete_err=0 pool_min_free=51 pool_backpressure=0 blocks=17050 
event state=0 pretrigger_blocks=25 busy=0 export_err=0 resource_err=0
ai model_ready=1 submitted=3 processed=3 queue_drop=0 result_queue_drop=0 result_queue_backpressure=0 result_queue_depth=0 result_queue_high_watermark=1 store_err=0 feature_err=0 runtime_err=0 last_event=46 class=0 confidence_permille=981
imu services=17103 samples=547296 fifo_max_bytes=512 fifo_empty=0 fifo_count_err=0 fifo_capacity_err=0 fifo_read_err=0 fifo_parse_err=0 dma_start_err=0 dma_timeout=0 dma_complete_err=0 pool_min_free=51 pool_backpressure=0 blocks=17103 
event state=0 pretrigger_blocks=25 busy=0 export_err=0 resource_err=0
ai model_ready=1 submitted=3 processed=3 queue_drop=0 result_queue_drop=0 result_queue_backpressure=0 result_queue_depth=0 result_queue_high_watermark=1 store_err=0 feature_err=0 runtime_err=0 last_event=46 class=0 confidence_permille=981
imu services=17155 samples=548960 fifo_max_bytes=512 fifo_empty=0 fifo_count_err=0 fifo_capacity_err=0 fifo_read_err=0 fifo_parse_err=0 dma_start_err=0 dma_timeout=0 dma_complete_err=0 pool_min_free=51 pool_backpressure=0 blocks=17155 
event state=0 pretrigger_blocks=25 busy=0 export_err=0 resource_err=0
ai model_ready=1 submitted=3 processed=3 queue_drop=0 result_queue_drop=0 result_queue_backpressure=0 result_queue_depth=0 result_queue_high_watermark=1 store_err=0 feature_err=0 runtime_err=0 last_event=46 class=0 confidence_permille=981
imu services=17208 samples=550624 fifo_max_bytes=512 fifo_empty=0 fifo_count_err=0 fifo_capacity_err=0 fifo_read_err=0 fifo_parse_err=0 dma_start_err=0 dma_timeout=0 dma_complete_err=0 pool_min_free=51 pool_backpressure=0 blocks=17207 
event state=0 pretrigger_blocks=25 busy=0 export_err=0 resource_err=0
ai model_ready=1 submitted=3 processed=3 queue_drop=0 result_queue_drop=0 result_queue_backpressure=0 result_queue_depth=0 result_queue_high_watermark=1 store_err=0 feature_err=0 runtime_err=0 last_event=46 class=0 confidence_permille=981
imu services=17260 samples=552320 fifo_max_bytes=512 fifo_empty=0 fifo_count_err=0 fifo_capacity_err=0 fifo_read_err=0 fifo_parse_err=0 dma_start_err=0 dma_timeout=0 dma_complete_err=0 pool_min_free=51 pool_backpressure=0 blocks=17260 
event state=0 pretrigger_blocks=25 busy=0 export_err=0 resource_err=0
ai model_ready=1 submitted=3 processed=3 queue_drop=0 result_queue_drop=0 result_queue_backpressure=0 result_queue_depth=0 result_queue_high_watermark=1 store_err=0 feature_err=0 runtime_err=0 last_event=46 class=0 confidence_permille=981
imu services=17312 samples=553984 fifo_max_bytes=512 fifo_empty=0 fifo_count_err=0 fifo_capacity_err=0 fifo_read_err=0 fifo_parse_err=0 dma_start_err=0 dma_timeout=0 dma_complete_err=0 pool_min_free=51 pool_backpressure=0 blocks=17312 
event state=0 pretrigger_blocks=25 busy=0 export_err=0 resource_err=0
ai model_ready=1 submitted=3 processed=3 queue_drop=0 result_queue_drop=0 result_queue_backpressure=0 result_queue_depth=0 result_queue_high_watermark=1 store_err=0 feature_err=0 runtime_err=0 last_event=46 class=0 confidence_permille=981
imu services=17365 samples=555648 fifo_max_bytes=512 fifo_empty=0 fifo_count_err=0 fifo_capacity_err=0 fifo_read_err=0 fifo_parse_err=0 dma_start_err=0 dma_timeout=0 dma_complete_err=0 pool_min_free=51 pool_backpressure=0 blocks=17364 
event state=0 pretrigger_blocks=25 busy=0 export_err=0 resource_err=0
ai model_ready=1 submitted=3 processed=3 queue_drop=0 result_queue_drop=0 result_queue_backpressure=0 result_queue_depth=0 result_queue_high_watermark=1 store_err=0 feature_err=0 runtime_err=0 last_event=46 class=0 confidence_permille=981
imu services=17417 samples=557344 fifo_max_bytes=512 fifo_empty=0 fifo_count_err=0 fifo_capacity_err=0 fifo_read_err=0 fifo_parse_err=0 dma_start_err=0 dma_timeout=0 dma_complete_err=0 pool_min_free=51 pool_backpressure=0 blocks=17417 
event state=0 pretrigger_blocks=25 busy=0 export_err=0 resource_err=0
ai model_ready=1 submitted=3 processed=3 queue_drop=0 result_queue_drop=0 result_queue_backpressure=0 result_queue_depth=0 result_queue_high_watermark=1 store_err=0 feature_err=0 runtime_err=0 last_event=46 class=0 confidence_permille=981

[2026-08-22T02:09:30.934992+00:00] TX
ps

[2026-08-22T02:09:32.852523+00:00] RX
ps
thread       pri  status      sp     stack size max used left tick   error  tcb addr   usage
------------ ---  ------- ---------- ----------  ------  ---------- ------- ---------- -----
sysreport     12  suspend 0x000001ec 0x00000800     75%   0x00000001 EINTRPT 0x24046068  N/A
led_hb        20  suspend 0x0000006c 0x00000200     22%   0x00000009 EINTRPT 0x24045da8  N/A
event          9  suspend 0x00000114 0x00000800     79%   0x00000006 EINTRPT 0x240454e8  N/A
imu_acq        8  suspend 0x00000094 0x00000800     15%   0x00000008 EINTRPT 0x24044c28  N/A
ai            15  suspend 0x000003c4 0x00000600     86%   0x0000000a EINTRPT 0x24044568  N/A
terp_rx       18  suspend 0x00000084 0x00001000     34%   0x00000003 EINTRPT 0x240434a8  N/A
tshell        20  running 0x00000214 0x00000800     56%   0x00000001 OK      0x240427c8  N/A
tidle0        31  ready   0x00000054 0x00000400     12%   0x00000017 OK      0x24041320  N/A
timer          4  suspend 0x00000074 0x00000200     22%   0x0000000a EINTRPT 0x24041900  N/A
msh >
msh >imu services=17469 samples=559008 fifo_max_bytes=512 fifo_empty=0 fifo_count_err=0 fifo_capacity_err=0 fifo_read_err=0 fifo_parse_err=0 dma_start_err=0 dma_timeout=0 dma_complete_err=0 pool_min_free=51 pool_backpressure=0 blocks=17469 
event state=0 pretrigger_blocks=25 busy=0 export_err=0 resource_err=0
ai model_ready=1 submitted=3 processed=3 queue_drop=0 result_queue_drop=0 result_queue_backpressure=0 result_queue_depth=0 result_queue_high_watermark=1 store_err=0 feature_err=0 runtime_err=0 last_event=46 class=0 confidence_permille=981
imu services=17522 samples=560672 fifo_max_bytes=512 fifo_empty=0 fifo_count_err=0 fifo_capacity_err=0 fifo_read_err=0 fifo_parse_err=0 dma_start_err=0 dma_timeout=0 dma_complete_err=0 pool_min_free=51 pool_backpressure=0 blocks=17521 
event state=0 pretrigger_blocks=25 busy=0 export_err=0 resource_err=0
ai model_ready=1 submitted=3 processed=3 queue_drop=0 result_queue_drop=0 result_queue_backpressure=0 result_queue_depth=0 result_queue_high_watermark=1 store_err=0 feature_err=0 runtime_err=0 last_event=46 class=0 confidence_permille=981

[2026-08-22T02:09:33.101514+00:00] TX
event status

[2026-08-22T02:09:34.961207+00:00] RX
event status
event state=0 pretrigger_blocks=25 busy=0 export_err=0 resource_err=0
msh >
msh >imu services=17574 samples=562368 fifo_max_bytes=512 fifo_empty=0 fifo_count_err=0 fifo_capacity_err=0 fifo_read_err=0 fifo_parse_err=0 dma_start_err=0 dma_timeout=0 dma_complete_err=0 pool_min_free=51 pool_backpressure=0 blocks=17574 
event state=0 pretrigger_blocks=25 busy=0 export_err=0 resource_err=0
ai model_ready=1 submitted=3 processed=3 queue_drop=0 result_queue_drop=0 result_queue_backpressure=0 result_queue_depth=0 result_queue_high_watermark=1 store_err=0 feature_err=0 runtime_err=0 last_event=46 class=0 confidence_permille=981
imu services=17626 samples=564032 fifo_max_bytes=512 fifo_empty=0 fifo_count_err=0 fifo_capacity_err=0 fifo_read_err=0 fifo_parse_err=0 dma_start_err=0 dma_timeout=0 dma_complete_err=0 pool_min_free=51 pool_backpressure=0 blocks=17626 
event state=0 pretrigger_blocks=25 busy=0 export_err=0 resource_err=0
ai model_ready=1 submitted=3 processed=3 queue_drop=0 result_queue_drop=0 result_queue_backpressure=0 result_queue_depth=0 result_queue_high_watermark=1 store_err=0 feature_err=0 runtime_err=0 last_event=46 class=0 confidence_permille=981

[2026-08-22T02:09:45.969319+00:00] RX_PRE_COMMAND
imu services=17679 samples=565696 fifo_max_bytes=512 fifo_empty=0 fifo_count_err=0 fifo_capacity_err=0 fifo_read_err=0 fifo_parse_err=0 dma_start_err=0 dma_timeout=0 dma_complete_err=0 pool_min_free=51 pool_backpressure=0 blocks=17678 
event state=0 pretrigger_blocks=25 busy=0 export_err=0 resource_err=0
ai model_ready=1 submitted=3 processed=3 queue_drop=0 result_queue_drop=0 result_queue_backpressure=0 result_queue_depth=0 result_queue_high_watermark=1 store_err=0 feature_err=0 runtime_err=0 last_event=46 class=0 confidence_permille=981
imu services=17731 samples=567392 fifo_max_bytes=512 fifo_empty=0 fifo_count_err=0 fifo_capacity_err=0 fifo_read_err=0 fifo_parse_err=0 dma_start_err=0 dma_timeout=0 dma_complete_err=0 pool_min_free=51 pool_backpressure=0 blocks=17731 
event state=0 pretrigger_blocks=25 busy=0 export_err=0 resource_err=0
ai model_ready=1 submitted=3 processed=3 queue_drop=0 result_queue_drop=0 result_queue_backpressure=0 result_queue_depth=0 result_queue_high_watermark=1 store_err=0 feature_err=0 runtime_err=0 last_event=46 class=0 confidence_permille=981
imu services=17783 samples=569056 fifo_max_bytes=512 fifo_empty=0 fifo_count_err=0 fifo_capacity_err=0 fifo_read_err=0 fifo_parse_err=0 dma_start_err=0 dma_timeout=0 dma_complete_err=0 pool_min_free=51 pool_backpressure=0 blocks=17783 
event state=0 pretrigger_blocks=25 busy=0 export_err=0 resource_err=0
ai model_ready=1 submitted=3 processed=3 queue_drop=0 result_queue_drop=0 result_queue_backpressure=0 result_queue_depth=0 result_queue_high_watermark=1 store_err=0 feature_err=0 runtime_err=0 last_event=46 class=0 confidence_permille=981
imu services=17836 samples=570720 fifo_max_bytes=512 fifo_empty=0 fifo_count_err=0 fifo_capacity_err=0 fifo_read_err=0 fifo_parse_err=0 dma_start_err=0 dma_timeout=0 dma_complete_err=0 pool_min_free=51 pool_backpressure=0 blocks=17835 
event state=0 pretrigger_blocks=25 busy=0 export_err=0 resource_err=0
ai model_ready=1 submitted=3 processed=3 queue_drop=0 result_queue_drop=0 result_queue_backpressure=0 result_queue_depth=0 result_queue_high_watermark=1 store_err=0 feature_err=0 runtime_err=0 last_event=46 class=0 confidence_permille=981
imu services=17888 samples=572416 fifo_max_bytes=512 fifo_empty=0 fifo_count_err=0 fifo_capacity_err=0 fifo_read_err=0 fifo_parse_err=0 dma_start_err=0 dma_timeout=0 dma_complete_err=0 pool_min_free=51 pool_backpressure=0 blocks=17888 
event state=0 pretrigger_blocks=25 busy=0 export_err=0 resource_err=0
ai model_ready=1 submitted=3 processed=3 queue_drop=0 result_queue_drop=0 result_queue_backpressure=0 result_queue_depth=0 result_queue_high_watermark=1 store_err=0 feature_err=0 runtime_err=0 last_event=46 class=0 confidence_permille=981
imu services=17940 samples=574080 fifo_max_bytes=512 fifo_empty=0 fifo_count_err=0 fifo_capacity_err=0 fifo_read_err=0 fifo_parse_err=0 dma_start_err=0 dma_timeout=0 dma_complete_err=0 pool_min_free=51 pool_backpressure=0 blocks=17940 
event state=0 pretrigger_blocks=25 busy=0 export_err=0 resource_err=0
ai model_ready=1 submitted=3 processed=3 queue_drop=0 result_queue_drop=0 result_queue_backpressure=0 result_queue_depth=0 result_queue_high_watermark=1 store_err=0 feature_err=0 runtime_err=0 last_event=46 class=0 confidence_permille=981
imu services=17993 samples=575744 fifo_max_bytes=512 fifo_empty=0 fifo_count_err=0 fifo_capacity_err=0 fifo_read_err=0 fifo_parse_err=0 dma_start_err=0 dma_timeout=0 dma_complete_err=0 pool_min_free=51 pool_backpressure=0 blocks=17992 
event state=0 pretrigger_blocks=25 busy=0 export_err=0 resource_err=0
ai model_ready=1 submitted=3 processed=3 queue_drop=0 result_queue_drop=0 result_queue_backpressure=0 result_queue_depth=0 result_queue_high_watermark=1 store_err=0 feature_err=0 runtime_err=0 last_event=46 class=0 confidence_permille=981
imu services=18045 samples=577440 fifo_max_bytes=512 fifo_empty=0 fifo_count_err=0 fifo_capacity_err=0 fifo_read_err=0 fifo_parse_err=0 dma_start_err=0 dma_timeout=0 dma_complete_err=0 pool_min_free=51 pool_backpressure=0 blocks=18045 
event state=0 pretrigger_blocks=25 busy=0 export_err=0 resource_err=0
ai model_ready=1 submitted=3 processed=3 queue_drop=0 result_queue_drop=0 result_queue_backpressure=0 result_queue_depth=0 result_queue_high_watermark=1 store_err=0 feature_err=0 runtime_err=0 last_event=46 class=0 confidence_permille=981
imu services=18097 samples=579104 fifo_max_bytes=512 fifo_empty=0 fifo_count_err=0 fifo_capacity_err=0 fifo_read_err=0 fifo_parse_err=0 dma_start_err=0 dma_timeout=0 dma_complete_err=0 pool_min_free=51 pool_backpressure=0 blocks=18097 
event state=0 pretrigger_blocks=25 busy=0 export_err=0 resource_err=0
ai model_ready=1 submitted=3 processed=3 queue_drop=0 result_queue_drop=0 result_queue_backpressure=0 result_queue_depth=0 result_queue_high_watermark=1 store_err=0 feature_err=0 runtime_err=0 last_event=46 class=0 confidence_permille=981
imu services=18150 samples=580768 fifo_max_bytes=512 fifo_empty=0 fifo_count_err=0 fifo_capacity_err=0 fifo_read_err=0 fifo_parse_err=0 dma_start_err=0 dma_timeout=0 dma_complete_err=0 pool_min_free=51 pool_backpressure=0 blocks=18149 
event state=0 pretrigger_blocks=25 busy=0 export_err=0 resource_err=0
ai model_ready=1 submitted=3 processed=3 queue_drop=0 result_queue_drop=0 result_queue_backpressure=0 result_queue_depth=0 result_queue_high_watermark=1 store_err=0 feature_err=0 runtime_err=0 last_event=46 class=0 confidence_permille=981

[2026-08-22T02:09:45.969319+00:00] TX
ps

[2026-08-22T02:09:47.773138+00:00] RX
ps
thread       pri  status      sp     stack size max used left tick   error  tcb addr   usage
------------ ---  ------- ---------- ----------  ------  ---------- ------- ---------- -----
sysreport     12  suspend 0x000001ec 0x00000800     75%   0x00000001 EINTRPT 0x24046068  N/A
led_hb        20  suspend 0x0000006c 0x00000200     22%   0x00000005 EINTRPT 0x24045da8  N/A
event          9  suspend 0x00000114 0x00000800     79%   0x00000003 EINTRPT 0x240454e8  N/A
imu_acq        8  suspend 0x00000094 0x00000800     15%   0x00000001 EINTRPT 0x24044c28  N/A
ai            15  suspend 0x000003c4 0x00000600     86%   0x0000000a EINTRPT 0x24044568  N/A
terp_rx       18  suspend 0x00000084 0x00001000     34%   0x00000005 EINTRPT 0x240434a8  N/A
tshell        20  running 0x00000214 0x00000800     56%   0x00000001 OK      0x240427c8  N/A
tidle0        31  ready   0x00000054 0x00000imu services=18202 samples=582464 fifo_max_bytes=512 fifo_empty=0 fifo_count_err=0 fifo_capacity_err=0 fifo_read_err=0 fifo_parse_err=0 dma_start_err=0 dma_timeout=0 dma_complete_err=0 pool_min_free=51 pool_backpressure=0 blocks=18202 
event state=0 pretrigger_blocks=25 busy=0 export_err=0 resource_err=0
ai model_ready=1 submitted=3 processed=3 queue_drop=0 result_queue_drop=0 result_queue_backpressure=0 result_queue_depth=0 result_queue_high_watermark=1 store_err=0 feature_err=0 runtime_err=0 last_event=46 class=0 confidence_permille=981
bmitted=3 processed=3 queue_drop=0 result_q  N/A
timer          4  suspend 0x00000074 0x00000200     22%   0x0000000a EINTRPT 0x24041900  N/A
msh >
msh >imu services=18254 samples=584128 fifo_max_bytes=512 fifo_empty=0 fifo_count_err=0 fifo_capacity_err=0 fifo_read_err=0 fifo_parse_err=0 dma_start_err=0 dma_timeout=0 dma_complete_err=0 pool_min_free=51 pool_backpressure=0 blocks=18254 
event state=0 pretrigger_blocks=25 busy=0 export_err=0 resource_err=0
ai model_ready=1 submitted=3 processed=3 queue_drop=0 result_queue_drop=0 result_queue_backpressure=0 result_queue_depth=0 result_queue_high_watermark=1 store_err=0 feature_err=0 runtime_err=0 last_event=46 class=0 confidence_permille=981

[2026-08-22T02:09:48.020149+00:00] TX
event status

[2026-08-22T02:09:49.885936+00:00] RX
event status
event state=0 pretrigger_blocks=25 busy=0 export_err=0 resource_err=0
msh >
msh >imu services=18307 samples=585792 fifo_max_bytes=512 fifo_empty=0 fifo_count_err=0 fifo_capacity_err=0 fifo_read_err=0 fifo_parse_err=0 dma_start_err=0 dma_timeout=0 dma_complete_err=0 pool_min_free=51 pool_backpressure=0 blocks=18306 
event state=0 pretrigger_blocks=25 busy=0 export_err=0 resource_err=0
ai model_ready=1 submitted=3 processed=3 queue_drop=0 result_queue_drop=0 result_queue_backpressure=0 result_queue_depth=0 result_queue_high_watermark=1 store_err=0 feature_err=0 runtime_err=0 last_event=46 class=0 confidence_permille=981
imu services=18359 samples=587488 fifo_max_bytes=512 fifo_empty=0 fifo_count_err=0 fifo_capacity_err=0 fifo_read_err=0 fifo_parse_err=0 dma_start_err=0 dma_timeout=0 dma_complete_err=0 pool_min_free=51 pool_backpressure=0 blocks=18359 
event state=0 pretrigger_blocks=25 busy=0 export_err=0 resource_err=0
ai model_ready=1 submitted=3 processed=3 queue_drop=0 result_queue_drop=0 result_queue_backpressure=0 result_queue_depth=0 result_queue_high_watermark=1 store_err=0 feature_err=0 runtime_err=0 last_event=46 class=0 confidence_permille=981

[2026-08-22T02:10:01.110302+00:00] RX_PRE_COMMAND
imu services=18411 samples=589152 fifo_max_bytes=512 fifo_empty=0 fifo_count_err=0 fifo_capacity_err=0 fifo_read_err=0 fifo_parse_err=0 dma_start_err=0 dma_timeout=0 dma_complete_err=0 pool_min_free=51 pool_backpressure=0 blocks=18411 
event state=0 pretrigger_blocks=25 busy=0 export_err=0 resource_err=0
ai model_ready=1 submitted=3 processed=3 queue_drop=0 result_queue_drop=0 result_queue_backpressure=0 result_queue_depth=0 result_queue_high_watermark=1 store_err=0 feature_err=0 runtime_err=0 last_event=46 class=0 confidence_permille=981
imu services=18464 samples=590816 fifo_max_bytes=512 fifo_empty=0 fifo_count_err=0 fifo_capacity_err=0 fifo_read_err=0 fifo_parse_err=0 dma_start_err=0 dma_timeout=0 dma_complete_err=0 pool_min_free=51 pool_backpressure=0 blocks=18463 
event state=0 pretrigger_blocks=25 busy=0 export_err=0 resource_err=0
ai model_ready=1 submitted=3 processed=3 queue_drop=0 result_queue_drop=0 result_queue_backpressure=0 result_queue_depth=0 result_queue_high_watermark=1 store_err=0 feature_err=0 runtime_err=0 last_event=46 class=0 confidence_permille=981
imu services=18516 samples=592512 fifo_max_bytes=512 fifo_empty=0 fifo_count_err=0 fifo_capacity_err=0 fifo_read_err=0 fifo_parse_err=0 dma_start_err=0 dma_timeout=0 dma_complete_err=0 pool_min_free=51 pool_backpressure=0 blocks=18516 
event state=0 pretrigger_blocks=25 busy=0 export_err=0 resource_err=0
ai model_ready=1 submitted=3 processed=3 queue_drop=0 result_queue_drop=0 result_queue_backpressure=0 result_queue_depth=0 result_queue_high_watermark=1 store_err=0 feature_err=0 runtime_err=0 last_event=46 class=0 confidence_permille=981
imu services=18568 samples=594176 fifo_max_bytes=512 fifo_empty=0 fifo_count_err=0 fifo_capacity_err=0 fifo_read_err=0 fifo_parse_err=0 dma_start_err=0 dma_timeout=0 dma_complete_err=0 pool_min_free=51 pool_backpressure=0 blocks=18568 
event state=0 pretrigger_blocks=25 busy=0 export_err=0 resource_err=0
ai model_ready=1 submitted=3 processed=3 queue_drop=0 result_queue_drop=0 result_queue_backpressure=0 result_queue_depth=0 result_queue_high_watermark=1 store_err=0 feature_err=0 runtime_err=0 last_event=46 class=0 confidence_permille=981
imu services=18621 samples=595840 fifo_max_bytes=512 fifo_empty=0 fifo_count_err=0 fifo_capacity_err=0 fifo_read_err=0 fifo_parse_err=0 dma_start_err=0 dma_timeout=0 dma_complete_err=0 pool_min_free=51 pool_backpressure=0 blocks=18620 
event state=0 pretrigger_blocks=25 busy=0 export_err=0 resource_err=0
ai model_ready=1 submitted=3 processed=3 queue_drop=0 result_queue_drop=0 result_queue_backpressure=0 result_queue_depth=0 result_queue_high_watermark=1 store_err=0 feature_err=0 runtime_err=0 last_event=46 class=0 confidence_permille=981
imu services=18673 samples=597536 fifo_max_bytes=512 fifo_empty=0 fifo_count_err=0 fifo_capacity_err=0 fifo_read_err=0 fifo_parse_err=0 dma_start_err=0 dma_timeout=0 dma_complete_err=0 pool_min_free=51 pool_backpressure=0 blocks=18673 
event state=0 pretrigger_blocks=25 busy=0 export_err=0 resource_err=0
ai model_ready=1 submitted=3 processed=3 queue_drop=0 result_queue_drop=0 result_queue_backpressure=0 result_queue_depth=0 result_queue_high_watermark=1 store_err=0 feature_err=0 runtime_err=0 last_event=46 class=0 confidence_permille=981
imu services=18725 samples=599200 fifo_max_bytes=512 fifo_empty=0 fifo_count_err=0 fifo_capacity_err=0 fifo_read_err=0 fifo_parse_err=0 dma_start_err=0 dma_timeout=0 dma_complete_err=0 pool_min_free=51 pool_backpressure=0 blocks=18725 
event state=0 pretrigger_blocks=25 busy=0 export_err=0 resource_err=0
ai model_ready=1 submitted=3 processed=3 queue_drop=0 result_queue_drop=0 result_queue_backpressure=0 result_queue_depth=0 result_queue_high_watermark=1 store_err=0 feature_err=0 runtime_err=0 last_event=46 class=0 confidence_permille=981
imu services=18778 samples=600864 fifo_max_bytes=512 fifo_empty=0 fifo_count_err=0 fifo_capacity_err=0 fifo_read_err=0 fifo_parse_err=0 dma_start_err=0 dma_timeout=0 dma_complete_err=0 pool_min_free=51 pool_backpressure=0 blocks=18777 
event state=0 pretrigger_blocks=25 busy=0 export_err=0 resource_err=0
ai model_ready=1 submitted=3 processed=3 queue_drop=0 result_queue_drop=0 result_queue_backpressure=0 result_queue_depth=0 result_queue_high_watermark=1 store_err=0 feature_err=0 runtime_err=0 last_event=46 class=0 confidence_permille=981
imu services=18830 samples=602560 fifo_max_bytes=512 fifo_empty=0 fifo_count_err=0 fifo_capacity_err=0 fifo_read_err=0 fifo_parse_err=0 dma_start_err=0 dma_timeout=0 dma_complete_err=0 pool_min_free=51 pool_backpressure=0 blocks=18830 
event state=0 pretrigger_blocks=25 busy=0 export_err=0 resource_err=0
ai model_ready=1 submitted=3 processed=3 queue_drop=0 result_queue_drop=0 result_queue_backpressure=0 result_queue_depth=0 result_queue_high_watermark=1 store_err=0 feature_err=0 runtime_err=0 last_event=46 class=0 confidence_permille=981
imu services=18882 samples=604224 fifo_max_bytes=512 fifo_empty=0 fifo_count_err=0 fifo_capacity_err=0 fifo_read_err=0 fifo_parse_err=0 dma_start_err=0 dma_timeout=0 dma_complete_err=0 pool_min_free=51 pool_backpressure=0 blocks=18882 
event state=0 pretrigger_blocks=25 busy=0 export_err=0 resource_err=0
ai model_ready=1 submitted=3 processed=3 queue_drop=0 result_queue_drop=0 result_queue_backpressure=0 result_queue_depth=0 result_queue_high_watermark=1 store_err=0 feature_err=0 runtime_err=0 last_event=46 class=0 confidence_permille=981
imu services=18935 samples=605888 fifo_max_bytes=512 fifo_empty=0 fifo_count_err=0 fifo_capacity_err=0 fifo_read_err=0 fifo_parse_err=0 dma_start_err=0 dma_timeout=0 dma_complete_err=0 pool_min_free=51 pool_backpressure=0 blocks=18934 
event state=0 pretrigger_blocks=25 busy=0 export_err=0 resource_err=0
ai model_ready=1 submitted=3 processed=3 queue_drop=0 result_queue_drop=0 result_queue_backpressure=0 result_queue_depth=0 result_queue_high_watermark=1 store_err=0 feature_err=0 runtime_err=0 last_event=46 class=0 confidence_permille=981

[2026-08-22T02:10:01.110806+00:00] TX
ps

[2026-08-22T02:10:03.009087+00:00] RX
ps
thread       pri  status      sp     stack size max used left tick   error  tcb addr   usage
------------ ---  ------- ---------- ----------  ------  ---------- ------- ---------- -----
sysreport     12  suspend 0x000001ec 0x00000800     75%   0x00000004 EINTRPT 0x24046068  N/A
led_hb        20  suspend 0x0000006c 0x00000200     22%   0x00000003 EINTRPT 0x24045da8  N/A
event          9  suspend 0x00000114 0x00000800     79%   0x00000002 EINTRPT 0x240454e8  N/A
imu_acq        8  suspend 0x00000094 0x00000800     15%   0x00000008 EINTRPT 0x24044c28  N/A
ai            15  suspend 0x000003c4 0x00000600     86%   0x00000008 EINTRPT 0x24044568  N/A
terp_rx       18  suspend 0x00000084 0x00001000     34%   0x00000007 EINTRPT 0x240434a8  N/A
tshell        20  running 0x00000214 0x00000800     56%   0x00000009 OK      0x240427c8  N/A
tidle0        31  ready   0x00000054 0x00000400     12%   0x00000020 OK      0x24041320  N/A
timer          4  suspend 0x00000074 0x00000200     22%   0x0000000a EINTRPT 0x24041900  N/A
msh >
msh >imu services=18987 samples=607584 fifo_max_bytes=512 fifo_empty=0 fifo_count_err=0 fifo_capacity_err=0 fifo_read_err=0 fifo_parse_err=0 dma_start_err=0 dma_timeout=0 dma_complete_err=0 pool_min_free=51 pool_backpressure=0 blocks=18987 
event state=0 pretrigger_blocks=25 busy=0 export_err=0 resource_err=0
ai model_ready=1 submitted=3 processed=3 queue_drop=0 result_queue_drop=0 result_queue_backpressure=0 result_queue_depth=0 result_queue_high_watermark=1 store_err=0 feature_err=0 runtime_err=0 last_event=46 class=0 confidence_permille=981
firmware_version=phase08-terp-uart3
git_revision_or_local=ee588c47ffaf07436626b00f4a3884c908a5138f
build_time=Aug 22 2026 09:44:21
sysclk_hz=240000000
rt_tick_hz=1000
reset_reason=0x01fe0000
heap_free_bytes=236392
thread_count=9
imu services=19040 samples=609280 fifo_max_bytes=512 fifo_empty=0 fifo_count_err=0 fifo_capacity_err=0 fifo_read_err=0 fifo_parse_err=0 dma_start_err=0 dma_timeout=0 dma_complete_err=0 pool_min_free=51 pool_backpressure=0 blocks=19040 
event state=0 pretrigger_blocks=25 busy=0 export_err=0 resource_err=0
ai model_ready=1 submitted=3 processed=3 queue_drop=0 result_queue_drop=0 result_queue_backpressure=0 result_queue_depth=0 result_queue_high_watermark=1 store_err=0 feature_err=0 runtime_err=0 last_event=46 class=0 confidence_permille=981

[2026-08-22T02:10:03.259533+00:00] TX
event status

[2026-08-22T02:10:05.093372+00:00] RX
event status
event state=0 pretrigger_blocks=25 busy=0 export_err=0 resource_err=0
msh >
msh >imu services=19093 samples=610944 fifo_max_bytes=512 fifo_empty=0 fifo_count_err=0 fifo_capacity_err=0 fifo_read_err=0 fifo_parse_err=0 dma_start_err=0 dma_timeout=0 dma_complete_err=0 pool_min_free=51 pool_backpressure=0 blocks=19092 
event state=0 pretrigger_blocks=25 busy=0 export_err=0 resource_err=0
ai model_ready=1 submitted=3 processed=3 queue_drop=0 result_queue_drop=0 result_queue_backpressure=0 result_queue_depth=0 result_queue_high_watermark=1 store_err=0 feature_err=0 runtime_err=0 last_event=46 class=0 confidence_permille=981
imu services=19145 samples=612640 fifo_max_bytes=512 fifo_empty=0 fifo_count_err=0 fifo_capacity_err=0 fifo_read_err=0 fifo_parse_err=0 dma_start_err=0 dma_timeout=0 dma_complete_err=0 pool_min_free=51 pool_backpressure=0 blocks=19145 
event state=0 pretrigger_blocks=25 busy=0 export_err=0 resource_err=0
ai model_ready=1 submitted=3 processed=3 queue_drop=0 result_queue_drop=0 result_queue_backpressure=0 result_queue_depth=0 result_queue_high_watermark=1 store_err=0 feature_err=0 runtime_err=0 last_event=46 class=0 confidence_permille=981

[2026-08-22T02:10:16.142416+00:00] RX_PRE_COMMAND
imu services=19197 samples=614304 fifo_max_bytes=512 fifo_empty=0 fifo_count_err=0 fifo_capacity_err=0 fifo_read_err=0 fifo_parse_err=0 dma_start_err=0 dma_timeout=0 dma_complete_err=0 pool_min_free=51 pool_backpressure=0 blocks=19197 
event state=0 pretrigger_blocks=25 busy=0 export_err=0 resource_err=0
ai model_ready=1 submitted=3 processed=3 queue_drop=0 result_queue_drop=0 result_queue_backpressure=0 result_queue_depth=0 result_queue_high_watermark=1 store_err=0 feature_err=0 runtime_err=0 last_event=46 class=0 confidence_permille=981
imu services=19250 samples=615968 fifo_max_bytes=512 fifo_empty=0 fifo_count_err=0 fifo_capacity_err=0 fifo_read_err=0 fifo_parse_err=0 dma_start_err=0 dma_timeout=0 dma_complete_err=0 pool_min_free=51 pool_backpressure=0 blocks=19249 
event state=0 pretrigger_blocks=25 busy=0 export_err=0 resource_err=0
ai model_ready=1 submitted=3 processed=3 queue_drop=0 result_queue_drop=0 result_queue_backpressure=0 result_queue_depth=0 result_queue_high_watermark=1 store_err=0 feature_err=0 runtime_err=0 last_event=46 class=0 confidence_permille=981
imu services=19302 samples=617664 fifo_max_bytes=512 fifo_empty=0 fifo_count_err=0 fifo_capacity_err=0 fifo_read_err=0 fifo_parse_err=0 dma_start_err=0 dma_timeout=0 dma_complete_err=0 pool_min_free=51 pool_backpressure=0 blocks=19302 
event state=0 pretrigger_blocks=25 busy=0 export_err=0 resource_err=0
ai model_ready=1 submitted=3 processed=3 queue_drop=0 result_queue_drop=0 result_queue_backpressure=0 result_queue_depth=0 result_queue_high_watermark=1 store_err=0 feature_err=0 runtime_err=0 last_event=46 class=0 confidence_permille=981
imu services=19354 samples=619328 fifo_max_bytes=512 fifo_empty=0 fifo_count_err=0 fifo_capacity_err=0 fifo_read_err=0 fifo_parse_err=0 dma_start_err=0 dma_timeout=0 dma_complete_err=0 pool_min_free=51 pool_backpressure=0 blocks=19354 
event state=0 pretrigger_blocks=25 busy=0 export_err=0 resource_err=0
ai model_ready=1 submitted=3 processed=3 queue_drop=0 result_queue_drop=0 result_queue_backpressure=0 result_queue_depth=0 result_queue_high_watermark=1 store_err=0 feature_err=0 runtime_err=0 last_event=46 class=0 confidence_permille=981
imu services=19407 samples=620992 fifo_max_bytes=512 fifo_empty=0 fifo_count_err=0 fifo_capacity_err=0 fifo_read_err=0 fifo_parse_err=0 dma_start_err=0 dma_timeout=0 dma_complete_err=0 pool_min_free=51 pool_backpressure=0 blocks=19406 
event state=0 pretrigger_blocks=25 busy=0 export_err=0 resource_err=0
ai model_ready=1 submitted=3 processed=3 queue_drop=0 result_queue_drop=0 result_queue_backpressure=0 result_queue_depth=0 result_queue_high_watermark=1 store_err=0 feature_err=0 runtime_err=0 last_event=46 class=0 confidence_permille=981
imu services=19459 samples=622688 fifo_max_bytes=512 fifo_empty=0 fifo_count_err=0 fifo_capacity_err=0 fifo_read_err=0 fifo_parse_err=0 dma_start_err=0 dma_timeout=0 dma_complete_err=0 pool_min_free=51 pool_backpressure=0 blocks=19459 
event state=0 pretrigger_blocks=25 busy=0 export_err=0 resource_err=0
ai model_ready=1 submitted=3 processed=3 queue_drop=0 result_queue_drop=0 result_queue_backpressure=0 result_queue_depth=0 result_queue_high_watermark=1 store_err=0 feature_err=0 runtime_err=0 last_event=46 class=0 confidence_permille=981
imu services=19511 samples=624352 fifo_max_bytes=512 fifo_empty=0 fifo_count_err=0 fifo_capacity_err=0 fifo_read_err=0 fifo_parse_err=0 dma_start_err=0 dma_timeout=0 dma_complete_err=0 pool_min_free=51 pool_backpressure=0 blocks=19511 
event state=0 pretrigger_blocks=25 busy=0 export_err=0 resource_err=0
ai model_ready=1 submitted=3 processed=3 queue_drop=0 result_queue_drop=0 result_queue_backpressure=0 result_queue_depth=0 result_queue_high_watermark=1 store_err=0 feature_err=0 runtime_err=0 last_event=46 class=0 confidence_permille=981
imu services=19564 samples=626048 fifo_max_bytes=512 fifo_empty=0 fifo_count_err=0 fifo_capacity_err=0 fifo_read_err=0 fifo_parse_err=0 dma_start_err=0 dma_timeout=0 dma_complete_err=0 pool_min_free=51 pool_backpressure=0 blocks=19564 
event state=0 pretrigger_blocks=25 busy=0 export_err=0 resource_err=0
ai model_ready=1 submitted=3 processed=3 queue_drop=0 result_queue_drop=0 result_queue_backpressure=0 result_queue_depth=0 result_queue_high_watermark=1 store_err=0 feature_err=0 runtime_err=0 last_event=46 class=0 confidence_permille=981
imu services=19616 samples=627712 fifo_max_bytes=512 fifo_empty=0 fifo_count_err=0 fifo_capacity_err=0 fifo_read_err=0 fifo_parse_err=0 dma_start_err=0 dma_timeout=0 dma_complete_err=0 pool_min_free=51 pool_backpressure=0 blocks=19616 
event state=0 pretrigger_blocks=25 busy=0 export_err=0 resource_err=0
ai model_ready=1 submitted=3 processed=3 queue_drop=0 result_queue_drop=0 result_queue_backpressure=0 result_queue_depth=0 result_queue_high_watermark=1 store_err=0 feature_err=0 runtime_err=0 last_event=46 class=0 confidence_permille=981
imu services=19668 samples=629376 fifo_max_bytes=512 fifo_empty=0 fifo_count_err=0 fifo_capacity_err=0 fifo_read_err=0 fifo_parse_err=0 dma_start_err=0 dma_timeout=0 dma_complete_err=0 pool_min_free=51 pool_backpressure=0 blocks=19668 
event state=0 pretrigger_blocks=25 busy=0 export_err=0 resource_err=0
ai model_ready=1 submitted=3 processed=3 queue_drop=0 result_queue_drop=0 result_queue_backpressure=0 result_queue_depth=0 result_queue_high_watermark=1 store_err=0 feature_err=0 runtime_err=0 last_event=46 class=0 confidence_permille=981

[2026-08-22T02:10:16.143510+00:00] TX
ps

[2026-08-22T02:10:18.047780+00:00] RX
ps
thread       pri  status      sp     stack size max used left tick   error  tcb addr   usage
------------ ---  ------- ---------- ----------  ------  ---------- ------- ---------- -----
sysreport     12  suspend 0x000001ec 0x00000800     75%   0x0000000a EINTRPT 0x24046068  N/A
led_hb        20  suspend 0x0000006c 0x00000200     22%   0x00000003 EINTRPT 0x24045da8  N/A
event          9  suspend 0x00000114 0x00000800     79%   0x0000000a EINTRPT 0x240454e8  N/A
imu_acq        8  suspend 0x00000094 0x00000800     15%   0x00000004 EINTRPT 0x24044c28  N/A
ai            15  suspend 0x000003c4 0x00000600     86%   0x00000008 EINTRPT 0x24044568  N/A
terp_rx       18  suspend 0x00000084 0x00001000     34%   0x00000002 EINTRPT 0x240434a8  N/A
tshell        20  running 0x00000214 0x00000800     56%   0x00000008 OK      0x240427c8  N/A
tidle0        31  ready   0x00000054 0x00000400     12%   0x00000020 OK      0x24041320  N/A
timer          4  suspend 0x00000074 0x00000200     22%   0x0000000a EINTRPT 0x24041900  N/A
msh >
msh >imu services=19721 samples=631072 fifo_max_bytes=512 fifo_empty=0 fifo_count_err=0 fifo_capacity_err=0 fifo_read_err=0 fifo_parse_err=0 dma_start_err=0 dma_timeout=0 dma_complete_err=0 pool_min_free=51 pool_backpressure=0 blocks=19721 
event state=0 pretrigger_blocks=25 busy=0 export_err=0 resource_err=0
ai model_ready=1 submitted=3 processed=3 queue_drop=0 result_queue_drop=0 result_queue_backpressure=0 result_queue_depth=0 result_queue_high_watermark=1 store_err=0 feature_err=0 runtime_err=0 last_event=46 class=0 confidence_permille=981
imu services=19773 samples=632736 fifo_max_bytes=512 fifo_empty=0 fifo_count_err=0 fifo_capacity_err=0 fifo_read_err=0 fifo_parse_err=0 dma_start_err=0 dma_timeout=0 dma_complete_err=0 pool_min_free=51 pool_backpressure=0 blocks=19773 
event state=0 pretrigger_blocks=25 busy=0 export_err=0 resource_err=0
ai model_ready=1 submitted=3 processed=3 queue_drop=0 result_queue_drop=0 result_queue_backpressure=0 result_queue_depth=0 result_queue_high_watermark=1 store_err=0 feature_err=0 runtime_err=0 last_event=46 class=0 confidence_permille=981

[2026-08-22T02:10:18.296775+00:00] TX
event status

[2026-08-22T02:10:20.136463+00:00] RX
event status
event state=0 pretrigger_blocks=25 busy=0 export_err=0 resource_err=0
msh >
msh >imu services=19825 samples=634400 fifo_max_bytes=512 fifo_empty=0 fifo_count_err=0 fifo_capacity_err=0 fifo_read_err=0 fifo_parse_err=0 dma_start_err=0 dma_timeout=0 dma_complete_err=0 pool_min_free=51 pool_backpressure=0 blocks=19825 
event state=0 pretrigger_blocks=25 busy=0 export_err=0 resource_err=0
ai model_ready=1 submitted=3 processed=3 queue_drop=0 result_queue_drop=0 result_queue_backpressure=0 result_queue_depth=0 result_queue_high_watermark=1 store_err=0 feature_err=0 runtime_err=0 last_event=46 class=0 confidence_permille=981
imu services=19878 samples=636096 fifo_max_bytes=512 fifo_empty=0 fifo_count_err=0 fifo_capacity_err=0 fifo_read_err=0 fifo_parse_err=0 dma_start_err=0 dma_timeout=0 dma_complete_err=0 pool_min_free=51 pool_backpressure=0 blocks=19878 
event state=0 pretrigger_blocks=25 busy=0 export_err=0 resource_err=0
ai model_ready=1 submitted=3 processed=3 queue_drop=0 result_queue_drop=0 result_queue_backpressure=0 result_queue_depth=0 result_queue_high_watermark=1 store_err=0 feature_err=0 runtime_err=0 last_event=46 class=0 confidence_permille=981

[2026-08-22T02:10:41.365221+00:00] RX_PRE_COMMAND
imu services=19930 samples=637760 fifo_max_bytes=512 fifo_empty=0 fifo_count_err=0 fifo_capacity_err=0 fifo_read_err=0 fifo_parse_err=0 dma_start_err=0 dma_timeout=0 dma_complete_err=0 pool_min_free=51 pool_backpressure=0 blocks=19930 
event state=0 pretrigger_blocks=25 busy=0 export_err=0 resource_err=0
ai model_ready=1 submitted=3 processed=3 queue_drop=0 result_queue_drop=0 result_queue_backpressure=0 result_queue_depth=0 result_queue_high_watermark=1 store_err=0 feature_err=0 runtime_err=0 last_event=46 class=0 confidence_permille=981
imu services=19982 samples=639424 fifo_max_bytes=512 fifo_empty=0 fifo_count_err=0 fifo_capacity_err=0 fifo_read_err=0 fifo_parse_err=0 dma_start_err=0 dma_timeout=0 dma_complete_err=0 pool_min_free=51 pool_backpressure=0 blocks=19982 
event state=0 pretrigger_blocks=25 busy=0 export_err=0 resource_err=0
ai model_ready=1 submitted=3 processed=3 queue_drop=0 result_queue_drop=0 result_queue_backpressure=0 result_queue_depth=0 result_queue_high_watermark=1 store_err=0 feature_err=0 runtime_err=0 last_event=46 class=0 confidence_permille=981
imu services=20035 samples=641088 fifo_max_bytes=512 fifo_empty=0 fifo_count_err=0 fifo_capacity_err=0 fifo_read_err=0 fifo_parse_err=0 dma_start_err=0 dma_timeout=0 dma_complete_err=0 pool_min_free=51 pool_backpressure=0 blocks=20034 
event state=0 pretrigger_blocks=25 busy=0 export_err=0 resource_err=0
ai model_ready=1 submitted=3 processed=3 queue_drop=0 result_queue_drop=0 result_queue_backpressure=0 result_queue_depth=0 result_queue_high_watermark=1 store_err=0 feature_err=0 runtime_err=0 last_event=46 class=0 confidence_permille=981
imu services=20087 samples=642784 fifo_max_bytes=512 fifo_empty=0 fifo_count_err=0 fifo_capacity_err=0 fifo_read_err=0 fifo_parse_err=0 dma_start_err=0 dma_timeout=0 dma_complete_err=0 pool_min_free=51 pool_backpressure=0 blocks=20087 
event state=0 pretrigger_blocks=25 busy=0 export_err=0 resource_err=0
ai model_ready=1 submitted=3 processed=3 queue_drop=0 result_queue_drop=0 result_queue_backpressure=0 result_queue_depth=0 result_queue_high_watermark=1 store_err=0 feature_err=0 runtime_err=0 last_event=46 class=0 confidence_permille=981
imu services=20139 samples=644448 fifo_max_bytes=512 fifo_empty=0 fifo_count_err=0 fifo_capacity_err=0 fifo_read_err=0 fifo_parse_err=0 dma_start_err=0 dma_timeout=0 dma_complete_err=0 pool_min_free=51 pool_backpressure=0 blocks=20139 
event state=0 pretrigger_blocks=25 busy=0 export_err=0 resource_err=0
ai model_ready=1 submitted=3 processed=3 queue_drop=0 result_queue_drop=0 result_queue_backpressure=0 result_queue_depth=0 result_queue_high_watermark=1 store_err=0 feature_err=0 runtime_err=0 last_event=46 class=0 confidence_permille=981
imu services=20192 samples=646144 fifo_max_bytes=512 fifo_empty=0 fifo_count_err=0 fifo_capacity_err=0 fifo_read_err=0 fifo_parse_err=0 dma_start_err=0 dma_timeout=0 dma_complete_err=0 pool_min_free=51 pool_backpressure=0 blocks=20192 
event state=0 pretrigger_blocks=25 busy=0 export_err=0 resource_err=0
ai model_ready=1 submitted=3 processed=3 queue_drop=0 result_queue_drop=0 result_queue_backpressure=0 result_queue_depth=0 result_queue_high_watermark=1 store_err=0 feature_err=0 runtime_err=0 last_event=46 class=0 confidence_permille=981
imu services=20244 samples=647808 fifo_max_bytes=512 fifo_empty=0 fifo_count_err=0 fifo_capacity_err=0 fifo_read_err=0 fifo_parse_err=0 dma_start_err=0 dma_timeout=0 dma_complete_err=0 pool_min_free=51 pool_backpressure=0 blocks=20244 
event state=0 pretrigger_blocks=25 busy=0 export_err=0 resource_err=0
ai model_ready=1 submitted=3 processed=3 queue_drop=0 result_queue_drop=0 result_queue_backpressure=0 result_queue_depth=0 result_queue_high_watermark=1 store_err=0 feature_err=0 runtime_err=0 last_event=46 class=0 confidence_permille=981
imu services=20296 samples=649472 fifo_max_bytes=512 fifo_empty=0 fifo_count_err=0 fifo_capacity_err=0 fifo_read_err=0 fifo_parse_err=0 dma_start_err=0 dma_timeout=0 dma_complete_err=0 pool_min_free=51 pool_backpressure=0 blocks=20296 
event state=0 pretrigger_blocks=25 busy=0 export_err=0 resource_err=0
ai model_ready=1 submitted=3 processed=3 queue_drop=0 result_queue_drop=0 result_queue_backpressure=0 result_queue_depth=0 result_queue_high_watermark=1 store_err=0 feature_err=0 runtime_err=0 last_event=46 class=0 confidence_permille=981
imu services=20349 samples=651136 fifo_max_bytes=512 fifo_empty=0 fifo_count_err=0 fifo_capacity_err=0 fifo_read_err=0 fifo_parse_err=0 dma_start_err=0 dma_timeout=0 dma_complete_err=0 pool_min_free=51 pool_backpressure=0 blocks=20348 
event state=0 pretrigger_blocks=25 busy=0 export_err=0 resource_err=0
ai model_ready=1 submitted=3 processed=3 queue_drop=0 result_queue_drop=0 result_queue_backpressure=0 result_queue_depth=0 result_queue_high_watermark=1 store_err=0 feature_err=0 runtime_err=0 last_event=46 class=0 confidence_permille=981
imu services=20401 samples=652832 fifo_max_bytes=512 fifo_empty=0 fifo_count_err=0 fifo_capacity_err=0 fifo_read_err=0 fifo_parse_err=0 dma_start_err=0 dma_timeout=0 dma_complete_err=0 pool_min_free=51 pool_backpressure=0 blocks=20401 
event state=0 pretrigger_blocks=25 busy=0 export_err=0 resource_err=0
ai model_ready=1 submitted=3 processed=3 queue_drop=0 result_queue_drop=0 result_queue_backpressure=0 result_queue_depth=0 result_queue_high_watermark=1 store_err=0 feature_err=0 runtime_err=0 last_event=46 class=0 confidence_permille=981
imu services=20453 samples=654496 fifo_max_bytes=512 fifo_empty=0 fifo_count_err=0 fifo_capacity_err=0 fifo_read_err=0 fifo_parse_err=0 dma_start_err=0 dma_timeout=0 dma_complete_err=0 pool_min_free=51 pool_backpressure=0 blocks=20453 
event state=0 pretrigger_blocks=25 busy=0 export_err=0 resource_err=0
ai model_ready=1 submitted=3 processed=3 queue_drop=0 result_queue_drop=0 result_queue_backpressure=0 result_queue_depth=0 result_queue_high_watermark=1 store_err=0 feature_err=0 runtime_err=0 last_event=46 class=0 confidence_permille=981
imu services=20506 samples=656192 fifo_max_bytes=512 fifo_empty=0 fifo_count_err=0 fifo_capacity_err=0 fifo_read_err=0 fifo_parse_err=0 dma_start_err=0 dma_timeout=0 dma_complete_err=0 pool_min_free=51 pool_backpressure=0 blocks=20506 
event state=0 pretrigger_blocks=25 busy=0 export_err=0 resource_err=0
ai model_ready=1 submitted=3 processed=3 queue_drop=0 result_queue_drop=0 result_queue_backpressure=0 result_queue_depth=0 result_queue_high_watermark=1 store_err=0 feature_err=0 runtime_err=0 last_event=46 class=0 confidence_permille=981
imu services=20558 samples=657856 fifo_max_bytes=512 fifo_empty=0 fifo_count_err=0 fifo_capacity_err=0 fifo_read_err=0 fifo_parse_err=0 dma_start_err=0 dma_timeout=0 dma_complete_err=0 pool_min_free=51 pool_backpressure=0 blocks=20558 
event state=0 pretrigger_blocks=25 busy=0 export_err=0 resource_err=0
ai model_ready=1 submitted=3 processed=3 queue_drop=0 result_queue_drop=0 result_queue_backpressure=0 result_queue_depth=0 result_queue_high_watermark=1 store_err=0 feature_err=0 runtime_err=0 last_event=46 class=0 confidence_permille=981
imu services=20610 samples=659520 fifo_max_bytes=512 fifo_empty=0 fifo_count_err=0 fifo_capacity_err=0 fifo_read_err=0 fifo_parse_err=0 dma_start_err=0 dma_timeout=0 dma_complete_err=0 pool_min_free=51 pool_backpressure=0 blocks=20610 
event state=0 pretrigger_blocks=25 busy=0 export_err=0 resource_err=0
ai model_ready=1 submitted=3 processed=3 queue_drop=0 result_queue_drop=0 result_queue_backpressure=0 result_queue_depth=0 result_queue_high_watermark=1 store_err=0 feature_err=0 runtime_err=0 last_event=46 class=0 confidence_permille=981
imu services=20663 samples=661184 fifo_max_bytes=512 fifo_empty=0 fifo_count_err=0 fifo_capacity_err=0 fifo_read_err=0 fifo_parse_err=0 dma_start_err=0 dma_timeout=0 dma_complete_err=0 pool_min_free=51 pool_backpressure=0 blocks=20662 
event state=0 pretrigger_blocks=25 busy=0 export_err=0 resource_err=0
ai model_ready=1 submitted=3 processed=3 queue_drop=0 result_queue_drop=0 result_queue_backpressure=0 result_queue_depth=0 result_queue_high_watermark=1 store_err=0 feature_err=0 runtime_err=0 last_event=46 class=0 confidence_permille=981
imu services=20715 samples=662880 fifo_max_bytes=512 fifo_empty=0 fifo_count_err=0 fifo_capacity_err=0 fifo_read_err=0 fifo_parse_err=0 dma_start_err=0 dma_timeout=0 dma_complete_err=0 pool_min_free=51 pool_backpressure=0 blocks=20715 
event state=0 pretrigger_blocks=25 busy=0 export_err=0 resource_err=0
ai model_ready=1 submitted=3 processed=3 queue_drop=0 result_queue_drop=0 result_queue_backpressure=0 result_queue_depth=0 result_queue_high_watermark=1 store_err=0 feature_err=0 runtime_err=0 last_event=46 class=0 confidence_permille=981
imu services=20767 samples=664544 fifo_max_bytes=512 fifo_empty=0 fifo_count_err=0 fifo_capacity_err=0 fifo_read_err=0 fifo_parse_err=0 dma_start_err=0 dma_timeout=0 dma_complete_err=0 pool_min_free=51 pool_backpressure=0 blocks=20767 
event state=0 pretrigger_blocks=25 busy=0 export_err=0 resource_err=0
ai model_ready=1 submitted=3 processed=3 queue_drop=0 result_queue_drop=0 result_queue_backpressure=0 result_queue_depth=0 result_queue_high_watermark=1 store_err=0 feature_err=0 runtime_err=0 last_event=46 class=0 confidence_permille=981
imu services=20820 samples=666240 fifo_max_bytes=512 fifo_empty=0 fifo_count_err=0 fifo_capacity_err=0 fifo_read_err=0 fifo_parse_err=0 dma_start_err=0 dma_timeout=0 dma_complete_err=0 pool_min_free=51 pool_backpressure=0 blocks=20820 
event state=0 pretrigger_blocks=25 busy=0 export_err=0 resource_err=0
ai model_ready=1 submitted=3 processed=3 queue_drop=0 result_queue_drop=0 result_queue_backpressure=0 result_queue_depth=0 result_queue_high_watermark=1 store_err=0 feature_err=0 runtime_err=0 last_event=46 class=0 confidence_permille=981
imu services=20872 samples=667904 fifo_max_bytes=512 fifo_empty=0 fifo_count_err=0 fifo_capacity_err=0 fifo_read_err=0 fifo_parse_err=0 dma_start_err=0 dma_timeout=0 dma_complete_err=0 pool_min_free=51 pool_backpressure=0 blocks=20872 
event state=0 pretrigger_blocks=25 busy=0 export_err=0 resource_err=0
ai model_ready=1 submitted=3 processed=3 queue_drop=0 result_queue_drop=0 result_queue_backpressure=0 result_queue_depth=0 result_queue_high_watermark=1 store_err=0 feature_err=0 runtime_err=0 last_event=46 class=0 confidence_permille=981
imu services=20924 samples=669568 fifo_max_bytes=512 fifo_empty=0 fifo_count_err=0 fifo_capacity_err=0 fifo_read_err=0 fifo_parse_err=0 dma_start_err=0 dma_timeout=0 dma_complete_err=0 pool_min_free=51 pool_backpressure=0 blocks=20924 
event state=0 pretrigger_blocks=25 busy=0 export_err=0 resource_err=0
ai model_ready=1 submitted=3 processed=3 queue_drop=0 result_queue_drop=0 result_queue_backpressure=0 result_queue_depth=0 result_queue_high_watermark=1 store_err=0 feature_err=0 runtime_err=0 last_event=46 class=0 confidence_permille=981

[2026-08-22T02:10:41.366532+00:00] TX
ps

[2026-08-22T02:10:43.435472+00:00] RX
ps
thread       pri  status      sp     stack size max used left tick   error  tcb addr   usage
------------ ---  ------- ---------- ----------  ------  ---------- ------- ---------- -----
sysreport     12  suspend 0x000001ec 0x00000800     75%   0x00000001 EINTRPT 0x24046068  N/A
led_hb        20  suspend 0x0000006c 0x00000200     22%   0x00000009 EINTRPT 0x24045da8  N/A
event          9  suspend 0x00000114 0x00000800     79%   0x00000004 EINTRPT 0x240454e8  N/A
imu_acq        8  suspend 0x00000094 0x00000800     15%   0x00000005 EINTRPT 0x24044c28  N/A
ai            15  suspend 0x000003c4 0x00000600     86%   0x00000008 EINTRPT 0x24044568  N/A
terp_rx       18  suspend 0x00000084 0x00001000     34%   0x00000001 EINTRPT 0x240434a8  N/A
tshell        20  running 0x00000214 0x00000800     56%   0x00000001 OK      0x240427c8  N/A
tidle0        31  ready   0x00000054 0x00000400     12%   0x0000000d OK      0x24041320  N/A
timer          4  suspend 0x00000074 0x00000200     22%   0x0000000a EINTRPT 0x24041900  N/A
msh >
msh >imu services=20977 samples=671232 fifo_max_bytes=512 fifo_empty=0 fifo_count_err=0 fifo_capacity_err=0 fifo_read_err=0 fifo_parse_err=0 dma_start_err=0 dma_timeout=0 dma_complete_err=0 pool_min_free=51 pool_backpressure=0 blocks=20976 
event state=0 pretrigger_blocks=25 busy=0 export_err=0 resource_err=0
ai model_ready=1 submitted=3 processed=3 queue_drop=0 result_queue_drop=0 result_queue_backpressure=0 result_queue_depth=0 result_queue_high_watermark=1 store_err=0 feature_err=0 runtime_err=0 last_event=46 class=0 confidence_permille=981
imu services=21029 samples=672928 fifo_max_bytes=512 fifo_empty=0 fifo_count_err=0 fifo_capacity_err=0 fifo_read_err=0 fifo_parse_err=0 dma_start_err=0 dma_timeout=0 dma_complete_err=0 pool_min_free=51 pool_backpressure=0 blocks=21029 
event state=0 pretrigger_blocks=25 busy=0 export_err=0 resource_err=0
ai model_ready=1 submitted=3 processed=3 queue_drop=0 result_queue_drop=0 result_queue_backpressure=0 result_queue_depth=0 result_queue_high_watermark=1 store_err=0 feature_err=0 runtime_err=0 last_event=46 class=0 confidence_permille=981

[2026-08-22T02:10:43.682237+00:00] TX
event status

[2026-08-22T02:10:45.767626+00:00] RX
imu services=21081 samples=674592 fifo_max_bytes=512 fifo_empty=0 fifo_count_err=0 fifo_capacity_err=0 fifo_read_err=0 fifo_parse_err=0 dma_start_err=0 dma_timeout=0 dma_complete_err=0 pool_min_free=51 pool_backpressure=0 blocks=21081 
event state=0 pretrigger_blocks=25 busy=0 export_err=0 resource_err=0
ai model_ready=1 submitted=3 processed=3 queue_drop=0 result_queue_drop=0 result_queue_backpressure=0 result_queue_depth=0 result_queue_high_watermark=1 store_err=0 feature_err=0 runtime_err=0 last_event=46 class=0 confidence_permille=981
event status
event state=0 pretrigger_blocks=25 busy=0 export_err=0 resource_err=0
msh >
msh >imu services=21134 samples=676256 fifo_max_bytes=512 fifo_empty=0 fifo_count_err=0 fifo_capacity_err=0 fifo_read_err=0 fifo_parse_err=0 dma_start_err=0 dma_timeout=0 dma_complete_err=0 pool_min_free=51 pool_backpressure=0 blocks=21133 
event state=0 pretrigger_blocks=25 busy=0 export_err=0 resource_err=0
ai model_ready=1 submitted=3 processed=3 queue_drop=0 result_queue_drop=0 result_queue_backpressure=0 result_queue_depth=0 result_queue_high_watermark=1 store_err=0 feature_err=0 runtime_err=0 last_event=46 class=0 confidence_permille=981

[2026-08-22T02:10:46.076257+00:00] RX_PRE_COMMAND
imu services=21186 samples=677952 fifo_max_bytes=512 fifo_empty=0 fifo_count_err=0 fifo_capacity_err=0 fifo_read_err=0 fifo_parse_err=0 dma_start_err=0 dma_timeout=0 dma_complete_err=0 pool_min_free=51 pool_backpressure=0 blocks=21186 
event state=0 pretrigger_blocks=25 busy=0 export_err=0 resource_err=0
ai model_ready=1 submitted=3 processed=3 queue_drop=0 result_queue_drop=0 result_queue_backpressure=0 result_queue_depth=0 result_queue_high_watermark=1 store_err=0 feature_err=0 runtime_err=0 last_event=46 class=0 confidence_permille=981

[2026-08-22T02:10:46.076871+00:00] TX
log status

[2026-08-22T02:10:48.165243+00:00] RX
log status
log state=1 events=46 next_id=47 next_offset=0x001ce000 jedec=ef4017
msh >
msh >imu services=21238 samples=679616 fifo_max_bytes=512 fifo_empty=0 fifo_count_err=0 fifo_capacity_err=0 fifo_read_err=0 fifo_parse_err=0 dma_start_err=0 dma_timeout=0 dma_complete_err=0 pool_min_free=51 pool_backpressure=0 blocks=21238 
event state=0 pretrigger_blocks=25 busy=0 export_err=0 resource_err=0
ai model_ready=1 submitted=3 processed=3 queue_drop=0 result_queue_drop=0 result_queue_backpressure=0 result_queue_depth=0 result_queue_high_watermark=1 store_err=0 feature_err=0 runtime_err=0 last_event=46 class=0 confidence_permille=981
imu services=21291 samples=681312 fifo_max_bytes=512 fifo_empty=0 fifo_count_err=0 fifo_capacity_err=0 fifo_read_err=0 fifo_parse_err=0 dma_start_err=0 dma_timeout=0 dma_complete_err=0 pool_min_free=51 pool_backpressure=0 blocks=21291 
event state=0 pretrigger_blocks=25 busy=0 export_err=0 resource_err=0
ai model_ready=1 submitted=3 processed=3 queue_drop=0 result_queue_drop=0 result_queue_backpressure=0 result_queue_depth=0 result_queue_high_watermark=1 store_err=0 feature_err=0 runtime_err=0 last_event=46 class=0 confidence_permille=981

[2026-08-22T02:10:48.416545+00:00] TX
log inspect

[2026-08-22T02:10:50.512195+00:00] RX
log inspect
recovery source=superblock_b generation=4 scanned=12 discarded=0 ticks=7589
msh >
msh >imu services=21343 samples=682976 fifo_max_bytes=512 fifo_empty=0 fifo_count_err=0 fifo_capacity_err=0 fifo_read_err=0 fifo_parse_err=0 dma_start_err=0 dma_timeout=0 dma_complete_err=0 pool_min_free=51 pool_backpressure=0 blocks=21343 
event state=0 pretrigger_blocks=25 busy=0 export_err=0 resource_err=0
ai model_ready=1 submitted=3 processed=3 queue_drop=0 result_queue_drop=0 result_queue_backpressure=0 result_queue_depth=0 result_queue_high_watermark=1 store_err=0 feature_err=0 runtime_err=0 last_event=46 class=0 confidence_permille=981
imu services=21395 samples=684640 fifo_max_bytes=512 fifo_empty=0 fifo_count_err=0 fifo_capacity_err=0 fifo_read_err=0 fifo_parse_err=0 dma_start_err=0 dma_timeout=0 dma_complete_err=0 pool_min_free=51 pool_backpressure=0 blocks=21395 
event state=0 pretrigger_blocks=25 busy=0 export_err=0 resource_err=0
ai model_ready=1 submitted=3 processed=3 queue_drop=0 result_queue_drop=0 result_queue_backpressure=0 result_queue_depth=0 result_queue_high_watermark=1 store_err=0 feature_err=0 runtime_err=0 last_event=46 class=0 confidence_permille=981

