TX_FRAME type=0x0001 seq=1 length=1
TX_HEX=54520114010000000100000001000000697fb9d7011bdf05a5
RX_HEX=5452011401800080010000000d00000001f5db8c0100100000a00f00002b00000096e42257
RX_FRAME type=0x8001 seq=1 length=13 payload=0100100000a00f00002b000000
HELLO=0100100000a00f00002b000000
TX_FRAME type=0x0002 seq=2 length=0
TX_HEX=545201140200000002000000000000001fcd149600000000
RX_HEX=5452011402800080020000003e0000005d7754970953544d33324837343312706861736530382d746572702d7561727433146f70656e6d76342d683734332d7064382d7064390770656e64696e672b000000f5136fde
RX_FRAME type=0x8002 seq=2 length=62 payload=0953544d33324837343312706861736530382d746572702d7561727433146f70656e6d76342d683734332d7064382d7064390770656e64696e672b000000
DEVICE_INFO=0953544d33324837343312706861736530382d746572702d7561727433146f70656e6d76342d683734332d7064382d7064390770656e64696e672b000000
TX_FRAME type=0x0102 seq=3 length=0
TX_HEX=545201140201000003000000000000004112309b00000000
RX_HEX=545201140281008003000000090000001b688cf7000000000000000000ae1409e6
RX_FRAME type=0x8102 seq=3 length=9 payload=000000000000000000
QUERY_BEFORE: total=0 verified=0 pending=0
TX_FRAME type=0x0100 seq=4 length=4
TX_HEX=545201140001000004000000040000009012acf2f43e0200f4f48334
RX_HEX=545201140081008004000000090000009dff7211f43e020000000000005ed6cb2a
RX_FRAME type=0x8100 seq=4 length=9 payload=f43e02000000000000
BEGIN: total=147188 verified=0 pending=0
TX_FRAME type=0x0101 seq=5 length=264
TX_HEX=54520114010100000500000008010000ee8bb7ee00000000af2fcaab545246570100c4007472616e73706f72742d7265636f7264657200000000000000000000000000006f70656e6d76342d68373433000000000000000000000000000000000000000063616e6469646174652d312e312e300000000000000000000000000000000000312e302e3000000000000000000000000000000000000000000000000000000000000208303e0200cc2bdfd25b14233fcdbae35fbc32523991ee52403e915d73e111f829901b8936228c14430000000000000000000000000000000000160024097202085d720208c50302085d7202085d7202085d720208000000000000000000000000000000005d7202085d7202080000000007030208a716d7b3
RX_HEX=545201140181008005000000090000006cb37d46f43e020000010000003bb17792
RX_FRAME type=0x8101 seq=5 length=9 payload=f43e02000001000000
WRITE offset=0: total=147188 verified=256 pending=0
TX_FRAME type=0x0101 seq=6 length=264
TX_HEX=545201140101000006000000080100000d8c3860000100008e49f80a197102085d7202085d7202085d7202085d7202085d7202085d720208576602086d6602088366020899660208af660208095d0208255d02085d7202085d7202085d7202085d7202085d7202085d7202085d7202085d7202085d7202085d720208c56602085d7202085d7202085d7202085d7202085d7202085d7202085d7202085d7202085d7202085d7202085d7202085d7202085d7202080d6f02085d720208296f0208f76602085d720208000000005d7202085d7202085d7202085d7202085d7202085d7202085d7202085d7202085d7202085d7202085d7202085d7202085d7202085d7202085d7202085d7202085d7202085d7202085d7202085d7202088a2c9d18
RX_HEX=545201140181008006000000090000008fb4f2c8f43e02000002000000d51ec280
RX_FRAME type=0x8101 seq=6 length=9 payload=f43e02000002000000
WRITE offset=256: total=147188 verified=512 pending=0
TX_FRAME type=0x0101 seq=7 length=264
TX_HEX=54520114010100000700000008010000938c92ac0002000026ecb0125d720208000000000000000000000000000000005d7202085d7202085d7202085d7202085d7202085d7202085d7202085d7202085d7202085d7202085d720208000000005d7202085d7202085d7202085d7202085d7202085d7202085d7202085d7202085d7202085d7202085d7202085d7202085d7202085d7202085d7202085d7202085d7202085d7202085d7202085d7202085d7202085d7202085d7202085d7202085d7202085d7202085d7202085d7202085d7202085d7202085d7202085d7202085d7202085d7202085d7202085d7202085d7202085d7202085d7202085d7202085d7202085d7202085d720208000000005d7202085d720208000000000dbd0647
RX_HEX=5452011401810080070000000900000011b45804f43e02000003000000b0797e38
RX_FRAME type=0x8101 seq=7 length=9 payload=f43e02000003000000
WRITE offset=512: total=147188 verified=768 pending=0
TX_FRAME type=0x0101 seq=8 length=264
TX_HEX=545201140101000008000000080100003f9eb275000300006958d5755d7202085d7202085d7202085d7202085d7202085d7202085d7202085d7202085d7202085d7202085d7202085d7202085d7202085d7202085d7202085d720208000000005d7202085d7202085d72020800000000000000005d72020810b5054c237833b9044b13b10448aff300800123237010bd00160024000000002c38040808b5034b1bb103490348aff3008008bd00000000041600242c380408eff3108072b6704780f310887047464a1368012b04d04ff001031360434a1060434a116043484ff0805101607047eff3108272b63c48016851b34ff0000101603a48016891b1eff309811ef0100f08bf21ed108b21e9f00f4ff000041ef0100f08bf01240ec99ace
RX_HEX=54520114018100800800000009000000bda678ddf43e020000040000000941a9a5
RX_FRAME type=0x8101 seq=8 length=9 payload=f43e02000004000000
WRITE offset=768: total=147188 verified=1024 pending=0
TX_FRAME type=0x0101 seq=9 length=264
TX_HEX=54520114010100000900000008010000a19e18b900040000ab24d46f41f8044d0068016030490968096808c9b1e8f00f002b18bfb1ec108b81f309884ef0100e002b18bf2ef0100e82f310884ef0040e704725490860eff3148222f0040282f3148820494ff0000008601d494ff0010008601f481f49d0f8002041ea020101601a484ff0805101601b480068006800bf80f3088861b662b6bff34f8fbff36f8f704700bfeff308801ef0040f01d0eff3098020e9f00f40f804ed40f804ed1ef0040f02d080f3098801e080f3088800b500f08cfd5df804eb4ef0040e70470000241600241c1600242016002404ed00e020ed00e00000ffff08ed00e0034613f8012b002afbd1181a013870470000000001f0ff01102a2bdb10f0070f8e4f7958
RX_HEX=5452011401810080090000000900000023a6d211f43e020000050000006c26151d
RX_FRAME type=0x8101 seq=9 length=9 payload=f43e02000005000000
WRITE offset=1024: total=147188 verified=1280 pending=0
TX_FRAME type=0x0101 seq=10 length=264
TX_HEX=54520114010100000a000000080100004299973700050000451a3cd108d010f8013b013a8b422dd010f0070f42b3f6d1f0b441ea012141ea014122f007047ff000070023f0e80256083c85ea010586ea010685fa47f5a3fa87f586fa47f6a5fa87f68eb9eed1f0bc01f0ff0102f0070232b110f8013b013a83ea010313b1f8d10020704701387047002d06bf35460338073815f0010f07d1013015f4807f02bf013015f4c03f0130f0bc0138704700bf53b94ab9002908bf00281cbf4ff0ff314ff0ff3000f088b9adf1080c6de904ce00f006f8ddf804e0dde9022304b070472de9f047089d8e4604468846002b4ad18a42174662d9b2fa82f64eb1c6f1200301fa06f820fa03f3b74043ea0808b4404fea174e1ffa87fcb8fbfef179c60642
RX_HEX=54520114018100800a00000009000000c0a15d9ff43e020000060000008289a00f
RX_FRAME type=0x8101 seq=10 length=9 payload=f43e02000006000000
WRITE offset=1280: total=147188 verified=1536 pending=0
TX_FRAME type=0x0101 seq=11 length=264
TX_HEX=54520114010100000b00000008010000dc993dfb00060000db0a52b8230c0efb118843ea084301fb0cf29a4209d9fb1801f1ff3080f0ea809a4240f2e78002393b449a1aa3b2b2fbfef00efb102243ea024300fb0cfc9c4509d9fb1800f1ff3280f0d6809c4540f2d3803b44023840ea0140a3eb0c0300211db1f3400022c5e90032bde8f0878b4205d90db1c5e9000100210846f5e7b3fa83f1002946d1734502d3824200f20581841a6eeb030201209046002de5d0c5e90048e2e7002a00f09080b2fa82f6002e40f0a4808a1a030c4fea174e80b2bcb20121b2fbfefc0efb1c2243ea024304fb0cf29a4207d9fb180cf1ff3802d29a4200f2e080c4469b1ab3fbfef20efb123340ea034302fb04f49c4207d9fb1802f1ff3002d22f7b079e
RX_HEX=54520114018100800b000000090000005ea1f753f43e02000007000000e7ee1cb7
RX_FRAME type=0x8101 seq=11 length=9 payload=f43e02000007000000
WRITE offset=1536: total=147188 verified=1792 pending=0
TX_FRAME type=0x0101 seq=12 length=264
TX_HEX=54520114010100000c00000008010000c590f8f10007000052fcbb019c4200f2ca8002461b1b42ea0c40a5e7c1f120068b4022fa06f71f430efa01f420fa06f32efa06fe4fea1749234300fa01f81ffa87fcbefbf9f01c0c09fb10ee44ea0e4400fb0cfea64502fa01f209d93c1900f1ff3a80f09c80a64540f2998002383c44a4eb0e041ffa83feb4fbf9f309fb13444eea044403fb0cfca44508d93c1903f1ff3e80f08280a4457fd9023b3c4443ea0040a4eb0c04a0fb02ec64457346e14662d35fd05db1b8eb030264eb090404fa06f622fa01f31e43cc40c5e9006400214fe7b1fbf2fc010c41ea0e4180b240ea01423b4638463c46b846be462026b1fbf7f1a2eb080241ea0c4166e7014618e710462ce7c6f120022efa02f3ab387fd1
RX_HEX=54520114018100800c0000000900000047a83259f43e02000008000000b1fe7fef
RX_FRAME type=0x8101 seq=12 length=9 payload=f43e02000008000000
WRITE offset=1792: total=147188 verified=2048 pending=0
TX_FRAME type=0x0101 seq=13 length=264
TX_HEX=54520114010100000d000000080100005b90523d00080000b664cdd1b740b14020fa02f24fea174e0a43b3fbfef8bcb20efb1833110c41ea034108fb04f9b04089454fea104380b23ed9791808f1ff3c01d289451fd8a1eb0901b1fbfef909fb04f80efb191192b242ea0142424529d2ba1809f1ff31c4d24245c2d2a9f102013a44bee7f0459dd2beeb02036ceb070c0138e14696e7a7eb09094944a8f1020cb1fbfef909fb04f8dbe773467fe7504666e70846fde63b44023a33e7acf1020c3b441ce749469ce7a1eb0901c446b1fbfef909fb04f8c4e7704700bf80b584b000af78601af0d6f8f860fb68002b10d00a4817f0a3fefb687a681946084817f09dfe084817f09afe00220121f8681af005fa00bf1037bd4680bd00bf7d9004f3
RX_HEX=54520114018100800d00000009000000d9a89895f43e02000009000000d499c357
RX_FRAME type=0x8101 seq=13 length=9 payload=f43e02000009000000
WRITE offset=2048: total=147188 verified=2304 pending=0
TX_FRAME type=0x0101 seq=14 length=264
TX_HEX=54520114010100000e00000008010000b897ddb3000900007acecac2dcf60308f0f6030804f7030880b584b000af78603960386818f022f8f860fb68002b02d17b680c221a60fb6818461037bd4680bd80b586b000aff860b9607a607968b86818f032f878617b69002b02d1fb680c221a607b6918461837bd4680bd80b586b000aff860b9607a607968b86818f050f878617b69002b02d1fb680c221a607b6918461837bd4680bd80b582b000af78603960386818f05af800bf0837bd4680bd80b400af00bfbd465df8047b704780b500af00f041fc0346184680bd80b483b000af7860002318460c37bd465df8047b7047000080b582b000af786039600a4817f01cfe094a0a490a4817f017fe0a4817f014fe7b6886221a604ff0aac6a399
RX_HEX=54520114018100800e000000090000003aaf171bf43e0200000a0000003a367645
RX_FRAME type=0x8101 seq=14 length=9 payload=f43e0200000a000000
WRITE offset=2304: total=147188 verified=2560 pending=0
TX_FRAME type=0x0101 seq=15 length=264
TX_HEX=54520114010100000f000000080100002697777f000a00004dce0b2fff3318460837bd4680bd00bf0cf7030828f703084827040848f7030850f7030880b485b000aff860b9607a60fb6886221a604ff0ff3318461437bd465df8047b704780b483b000af786039603b68002b04db3b68022b01dc012300e0002318460c37bd465df8047b704780b485b000aff860b9607a60fb6886221a604ff0ff3318461437bd465df8047b704780b584b000aff860b9607a603b600a4817f0c0fd094a0a490a4817f0bbfd0a4817f0b8fdfb6886221a604ff0ff3318461037bd4680bd00bf0cf7030828f703085427040848f7030850f7030880b584b000aff860b9607a603b600a4817f09afd094a0a490a4817f095fd0a4817f092fdfb688622f70471da
RX_HEX=54520114018100800f00000009000000a4afbdd7f43e0200000b0000005f51cafd
RX_FRAME type=0x8101 seq=15 length=9 payload=f43e0200000b000000
WRITE offset=2560: total=147188 verified=2816 pending=0
TX_FRAME type=0x0101 seq=16 length=264
TX_HEX=54520114010100001000000008010000a1b4ecda000b000071b3f30b1a604ff0ff3318461037bd4680bd00bf0cf7030828f703086027040848f7030850f7030880b586b000aff860b9607a603b60bb68012b02d0bb68022b0ed117f00dfd78617b69002b11d03b687a684ff0ff31786912f070fd034619e0bb68002b06d1fb6886221a604ff0ff3310e000bf094817f055fd094a09490a4817f050fd094817f04dfdfb6886221a604ff0ff3318461837bd4680bd0cf7030828f703086827040848f7030850f7030880b582b000af78607868fff783fefee780b489b000af78607b683b613b6953e8003ffb60fb68fb61fb69bb607b68bb61ba68b96941e800237b617b69002bebd1fb6918462437bd465df8047b704780b489b000af46587219
RX_HEX=54520114018100801000000009000000238c2672f43e0200000c000000e6691d60
RX_FRAME type=0x8101 seq=16 length=9 payload=f43e0200000c000000
WRITE offset=2816: total=147188 verified=3072 pending=0
TX_FRAME type=0x0101 seq=17 length=264
TX_HEX=545201140101000011000000080100003fb44616000c0000a7af33ef786039607b683b613b6953e8003ffb60fb68fb61fa693b681344bb607b68bb61ba68b96941e800237b617b69002be9d1fb6918462437bd465df8047b704780b489b000af786039607b683b613b6953e8003ffb60fb68fb61fa693b68d31abb607b68bb61ba68b96941e800237b617b69002be9d1fb6918462437bd465df8047b7047000080b489b000aff860b9607a603b607b680433bb61bb6923f00703bb61bb69443bbb61bb697b610023fb6108e0fb699b007a691344154a1a60fb690133fb61fb69102bf3d9ba687b695a627b6900229a627b690022da627b6900221a637b6900225a633a687b699a63fa687b69da637b694ff080721a647b6900221a60ad4bf67d
RX_HEX=54520114018100801100000009000000bd8c8cbef43e0200000d000000830ea1d8
RX_FRAME type=0x8101 seq=17 length=9 payload=f43e0200000d000000
WRITE offset=3072: total=147188 verified=3328 pending=0
TX_FRAME type=0x0101 seq=18 length=264
TX_HEX=54520114010100001200000008010000dcb3c998000d00000ea6e31dbb6918462437bd465df8047b704700bfefbeadde80b500af254817f081fc254b1b889bb21946244817f07afc214b1b889bb203f00103002b02d0204817f070fc1c4b1b889bb203f00203002b02d01c4817f066fc174b1b889bb203f00403002b02d0184817f05cfc124b1b889bb203f00803002b02d0144817f052fc0d4b1b889bb203f48073002b02d0104817f048fc084b1b889bb203f40073002b02d00c4817f03efc0b4817f03bfc00bf80bd00bf58f703082aed00e068f7030880f703088cf7030898f70308a0f70308a8f70308b4f70308c0f7030880b500af264817f01ffc264b1b78dbb21946254817f018fc224b1b78dbb203f00103002b02d021487d2b633d
RX_HEX=545201140181008012000000090000005e8b0330f43e0200000e0000006da114ca
RX_FRAME type=0x8101 seq=18 length=9 payload=f43e0200000e000000
WRITE offset=3328: total=147188 verified=3584 pending=0
TX_FRAME type=0x0101 seq=19 length=264
TX_HEX=5452011401010000130000000801000042b36354000e000075d8f07f17f00efc1d4b1b78dbb203f00203002b02d01d4817f004fc184b1b78dbb203f00403002b02d0194817f0fafb134b1b78dbb203f00803002b02d0154817f0f0fb0e4b1b78dbb203f01003002b02d0114817f0e6fb094b1b78dbb25bb2002b06da0d4b1b6819460d4817f0dafb02e00c4817f0d6fb00bf80bdc4f7030829ed00e0d0f70308e8f70308f4f7030800f8030810f803081cf8030838ed00e024f80308c0f7030880b500af214817f0b9fb214b1b78dbb21946204817f0b2fb1d4b1b78dbb203f00103002b02d01c4817f0a8fb184b1b78dbb203f00203002b02d0184817f09efb134b1b78dbb203f00803002b02d0144817f094fb0e4b1b78dbb203f02530e971
RX_HEX=54520114018100801300000009000000c08ba9fcf43e0200000f00000008c6a872
RX_FRAME type=0x8101 seq=19 length=9 payload=f43e0200000f000000
WRITE offset=3584: total=147188 verified=3840 pending=0
TX_FRAME type=0x0101 seq=20 length=264
TX_HEX=545201140101000014000000080100005bbaa65e000f0000798581b51003002b02d0104817f08afb094b1b78dbb25bb2002b06da0c4b1b6819460c4817f07efb02e00b4817f07afb00bf80bd34f8030828ed00e048f8030860f803086cf8030878f8030884f8030834ed00e090f80308c0f7030880b500af164b1b6803f00203002b02d0144817f059fb124b1b6803f08043002b14d0114b1b78dbb2002b01d0fff728ff0e4b1b78dbb2002b01d0fff787ff0c4b1b889bb2002b01d0fff7b8fe044b1b68002b02da074817f037fb00bf80bd00bf2ced00e0a0f8030829ed00e028ed00e02aed00e0b8f8030880b586b000af78607b6828337b617b6804333b61474b1b68002b07d0454b1b6878699847f860fb68002b7ed03b691b6c1ad79528
RX_HEX=54520114018100801400000009000000d9826cf6f43e02000010000000c181d27a
RX_FRAME type=0x8101 seq=20 length=9 payload=f43e02000010000000
WRITE offset=3840: total=147188 verified=4096 pending=0
PROGRESS 4096/147188
TX_FRAME type=0x0101 seq=21 length=264
TX_HEX=54520114010100001500000008010000c5ba0c92001000006f2ac3ba1946414817f00cfb3b695b6a19463f4817f006fb3b699b6a19463d4817f000fb3b69db6a19463b4817f0fafa3b691b6b1946394817f0f4fa3b695b681946374817f0eefa3b699b681946354817f0e8fa3b69db681946334817f0e2fa3b691b691946314817f0dcfa3b695b6919462f4817f0d6fa3b699b6919462d4817f0d0fa3b69db6919462b4817f0cafa3b691b6a1946294817f0c4fa3b695b6b1946274817f0befa3b699b6b1946254817f0b8fa3b69db6b1946234817f0b2fa7b681b6803f00403002b09d019f0d6fc034619461d4817f0a5fa13f009fe02e01b4817f09ffa7b681b6803f01003002b02d1184817f096fafff730fffee700bf1837bd46a4e47732
RX_HEX=545201140181008015000000090000004782c63af43e02000011000000a4e66ec2
RX_FRAME type=0x8101 seq=21 length=9 payload=f43e02000011000000
WRITE offset=4096: total=147188 verified=4352 pending=0
TX_FRAME type=0x0101 seq=22 length=264
TX_HEX=5452011401010000160000000801000026bd831c00110000c13ef39a80bd00bf28160024c8f80308d8f80308e8f80308f8f8030808f9030818f9030828f9030838f9030848f9030858f9030868f9030878f9030888f9030898f90308a8f90308b8f90308c8f90308e8f9030804fa030880b400af034b044a1a6000bfbd465df8047b70470ced00e00400fa0580b483b000af78607b6893faa3f3b3fa83f37a68002a01d14ff0ff33013318460c37bd465df8047b7047000080b485b000af78600023fb607b68002b02da7b685b427b600023fb600fe00d4afb6852f833307a689a4205d1094afb68db0013445b6806e0fb680133fb60fb680e2becd9044b18461437bd465df8047b704700bf000000248cfa030880b584b000af7860e2ad442b
RX_HEX=54520114018100801600000009000000a48549b4f43e020000120000004a49dbd0
RX_FRAME type=0x8101 seq=22 length=9 payload=f43e02000012000000
WRITE offset=4352: total=147188 verified=4608 pending=0
TX_FRAME type=0x0101 seq=23 length=264
TX_HEX=54520114010100001700000008010000b8bd29d000120000b3ca5b830023fb6017f032f90346002b03d00a4a7b6813600ce019f02ffcf860fb68002b03d1054a7b68136002e0fb687a68da621037bd4680bd00bf2c16002480b582b000af00237b6017f011f90346002b01d0074b09e019f010fc78607b68002b02d07b682c3300e0024b18460837bd4680bd2c1600240cb480b584b000af786039600023fb6007f11c03bb60bb68ba693968786800f0ddfbf860fb6818461037bd46bde8804002b0704780b48bb000aff860b9607a6000237b62fb683b6200237b610023fb61bb68fb767b68032b44d9fb6803f00303002b3fd1fb68fb6100237b6208e007f114027b6a1344fa7e1a707b6a01337b627b6a032bf3d916e0fb691a1ded3e7bbb
RX_HEX=545201140181008017000000090000003a85e378f43e020000130000002f2e6768
RX_FRAME type=0x8101 seq=23 length=9 payload=f43e02000013000000
WRITE offset=4608: total=147188 verified=4864 pending=0
TX_FRAME type=0x0101 seq=24 length=264
TX_HEX=5452011401010000180000000801000014af0909001300002d70321efa617a691a60fb691a1dfa617a691a60fb691a1dfa617a691a60fb691a1dfa617a691a607b68103b7b607b680f2be5d807e0fb691a1dfa617a691a607b68043b7b607b68032bf4d8fb693b6204e03b6a5a1c3a62fa7e1a707b685a1e7a60002bf5d1fb6818462c37bd465df8047b704780b48bb000aff860b9607a60fb687b62bb683b620023fb610023bb617b687b617b690f2b4dd93a6a7b6a134303f00303002b46d17b6afb613b6abb6122e0ba69131dbb61fb69191df96112681a60ba69131dbb61fb69191df96112681a60ba69131dbb61fb69191df96112681a60ba69131dbb61fb69191df96112681a607b69103b7b617b690f2bd9d80ae0ba69131db0495aa1
RX_HEX=545201140181008018000000090000009697c3a1f43e020000140000009616b0f5
RX_FRAME type=0x8101 seq=24 length=9 payload=f43e02000014000000
WRITE offset=4864: total=147188 verified=5120 pending=0
TX_FRAME type=0x0101 seq=25 length=264
TX_HEX=545201140101000019000000080100008aafa3c5001400008959656ebb61fb69191df96112681a607b69043b7b617b69032bf1d8fb697b62bb693b6207e03a6a531c3b627b6a591c796212781a707b695a1e7a61002bf2d1fb6818462c37bd465df8047b704780b487b000aff860b9607a60fb687b61bb683b613a697b699a4226d23a697b6813447a699a4220d27a697b6813447b613a697b6813443b6109e03b69013b3b617b69013b7b613b691a787b691a707b685a1e7a60002bf0d10ce03a69531c3b617b69591c796112781a707b685a1e7a60002bf2d1fb6818461c37bd465df8047b704780b489b000aff860b9607a600023fb610023bb6100237b61fb68fb61bb68bb6112e0fb691b781a46bb691b78d31a7b617b69002b9ca19e01
RX_HEX=545201140181008019000000090000000897696df43e02000015000000f3710c4d
RX_FRAME type=0x8101 seq=25 length=9 payload=f43e02000015000000
WRITE offset=5120: total=147188 verified=5376 pending=0
TX_FRAME type=0x0101 seq=26 length=264
TX_HEX=54520114010100001a0000000801000069a82c4b00150000c6ac2a1b0cd1fb690133fb61bb690133bb617b68013b7b607b68002be9d100e000bf7b6918462437bd465df8047b704780b487b000aff860b9607a607b68002b21d0fb687b61bb683b613a69531c3b617b69591c796112781a701b78002b0cd104e07b695a1c7a6100221a707b68013b7b607b68002bf4d105e07b68013b7b607b68002be1d1fb6818461c37bd465df8047b704780b485b000af786039607b68fb6009e03b681a787b681a707b6801337b603b6801333b603b681b78002bf1d17b6800221a70fb6818461437bd465df8047b704780b487b000aff860b9607a600023fb7515e0fb681a78bb68591cb9601b78d31adbb2fb7597f91730002b0bd1fb685a1c0d1f0b0e
RX_HEX=54520114018100801a00000009000000eb90e6e3f43e020000160000001ddeb95f
RX_FRAME type=0x8101 seq=26 length=9 payload=f43e02000016000000
WRITE offset=5376: total=147188 verified=5632 pending=0
TX_FRAME type=0x0101 seq=27 length=264
TX_HEX=54520114010100001b00000008010000f7a886870016000049bff878fa601b78002b05d07b68013b7b607b68002be6d197f9173018461c37bd465df8047b704780b483b000af7860396005e07b6801337b603b6801333b607b681b78002b05d07b681a783b681b789a42efd07b681b781a463b681b78d31a18460c37bd465df8047b704780b485b000af78600023fb607b68fb6002e0fb680133fb60fb681b78002bf8d1fa687b68d31a18461437bd465df8047b704780b485b000af786039607b681b683a68b3fbf2f101fb02f29b1afb607b681a683b68b2fbf3f27b681a60fb6818461437bd465df8047b704780b485b000af78600023fb600ee0fa6813469b0013445b0018467b681b68591c7a6811601b780344303bfb607b68c40bec27
RX_HEX=54520114018100801b0000000900000075904c2ff43e0200001700000078b905e7
RX_FRAME type=0x8101 seq=27 length=9 payload=f43e02000017000000
WRITE offset=5632: total=147188 verified=5888 pending=0
TX_FRAME type=0x0101 seq=28 length=264
TX_HEX=54520114010100001c00000008010000eea1438d00170000361a9e871b681b78303b092bead9fb6818461437bd465df8047b704780b592b000aff860b9607a603b60002387f83b30002387f8473007f110032022002118461af0d3fbbb6d7b6300233b6300233b640023fb637b6dfb63fb6d03f04003002b01d0934b00e0934b3b63fb6d03f01003002b03d0fb6d23f00103fb65fb6d03f00103002b01d0302300e0202387f83b30002387f84730fb6d03f00203002b46d03b6d6c2b15d03b6d6c2b1cdc3b6d4c2b0fd03b6d682b16d17b681bb2002b1cda2d2387f847307b689bb25b429bb27b6013e07b68002b12da2d2387f847307b685b427b600be07b68002b0ada2d2387f847307b685b427b6003e000bf02e000bf00e000bf7c45b1be
RX_HEX=54520114018100801c000000090000006c998925f43e020000180000002ea966bf
RX_FRAME type=0x8101 seq=28 length=9 payload=f43e02000018000000
WRITE offset=5888: total=147188 verified=6144 pending=0
TX_FRAME type=0x0101 seq=29 length=264
TX_HEX=54520114010100001d0000000801000070a1e941001800003d0e355c97f847302d2b10d0fb6d03f00403002b03d02b2387f8473007e0fb6d03f00803002b02d0202387f84730fb6d03f02003002b0fd03b68022b02d03b68102b03d1fb6b023bfb6305e03b68082b02d1fb6b013bfb6300233b647b68002b19d13b6c5a1c3a6448333b44302203f8382c13e03b1d39681846fff710ff03461a463b6b1a443b6c591c3964127848333b4403f8382c7b68002bebd13a6cbb6d9a4201dd3b6cbb65fa6bbb6dd31afb63fb6d03f01103002b19d197f84730002b10d0fb6b002b0dddfb6b013bfb6309e0fa68bb689a4202d2fb6820221a70fb680133fb60fb6b5a1efa63002bf0dc97f84730002b0dd0fa68bb689a4203d2fb6897f847204909b0b4
RX_HEX=54520114018100801d00000009000000f29923e9f43e020000190000004bceda07
RX_FRAME type=0x8101 seq=29 length=9 payload=f43e02000019000000
WRITE offset=6144: total=147188 verified=6400 pending=0
TX_FRAME type=0x0101 seq=30 length=264
TX_HEX=54520114010100001e0000000801000093a666cf00190000888608c51a70fb6b013bfb63fb680133fb60fb6d03f02003002b43d03b68022b14d1fa68bb689a4202d2fb6830221a70fb680133fb60fa68bb689a4202d2fb6862221a70fb680133fb602be03b68082b0ad1fa68bb689a4202d2fb6830221a70fb680133fb601de03b68102b1ad1fa68bb689a4202d2fb6830221a70fb680133fb60fa68bb689a4209d2fb6d03f04003002b01d0582200e07822fb681a70fb680133fb60fb6d03f01003002b1fd10ee07427040888270408fa68bb689a4203d2fb6897f83b201a70fb680133fb60fb6b5a1efa63002befdc09e0fa68bb689a4202d2fb6830221a70fb680133fb60bb6d5a1eba653a6c9a42efdb0de0fa68bb689a4206d22d22d531
RX_HEX=54520114018100801e00000009000000119eac67f43e0200001a000000a5616f15
RX_FRAME type=0x8101 seq=30 length=9 payload=f43e0200001a000000
WRITE offset=6400: total=147188 verified=6656 pending=0
TX_FRAME type=0x0101 seq=31 length=264
TX_HEX=54520114010100001f000000080100000da6cc03001a00004f31266f07f110023b6c13441a78fb681a70fb680133fb603b6c5a1e3a64002b0ddd7b6b002be9d109e0fa68bb689a4202d2fb6820221a70fb680133fb60fb6b5a1efa63002bf0dcfb6818464837bd4680bd00bf80b592b004aff860b9607a603b6000237b6300233b630023fb620023bb6200237b620023fb7400233b620023fb770023bb7700237b770023bb6100237b61fb68bb62fa68bb6813447b627a6afb689a4280f0ce824ff0ff337b627a6afb68d31abb60c5e27b681b78252b0bd0ba6a7b6a9a4203d27b681a78bb6a1a70bb6a0133bb62b2e20023bb777b6801337b607b681b782d2b04d1bb7f43f01003bb77f3e77b681b782b2b04d1bb7f43f00403bb77a13dff8f
RX_HEX=54520114018100801f000000090000008f9e06abf43e0200001b000000c006d3ad
RX_FRAME type=0x8101 seq=31 length=9 payload=f43e0200001b000000
WRITE offset=6656: total=147188 verified=6912 pending=0
TX_FRAME type=0x0101 seq=32 length=264
TX_HEX=54520114010100002000000008010000dce7215f001b0000482df6cbeae77b681b78202b04d1bb7f43f00803bb77e1e77b681b78232b04d1bb7f43f02003bb77d8e77b681b78302b04d1bb7f43f00103bb77cfe700bf4ff0ff33bb617b681b78303b092b05d83b1d1846fff7c0fdb86115e07b681b782a2b11d17b6801337b603b681a1d3a601b68bb61bb69002b06dabb695b42bb61bb7f43f01003bb774ff0ff337b617b681b782e2b1ed17b6801337b607b681b78303b092b05d83b1d1846fff795fd78610be07b681b782a2b07d17b6801337b603b681a1d3a601b687b617b69002b01da00237b6100237b777b681b78682b07d07b681b786c2b03d07b681b787a2b11d17b681b787b777b6801337b607b7f682b08d17b681b780b5b3712
RX_HEX=545201140181008020000000090000005edfebf7f43e0200001c000000793e0430
RX_FRAME type=0x8101 seq=32 length=9 payload=f43e0200001c000000
WRITE offset=6912: total=147188 verified=7168 pending=0
TX_FRAME type=0x0101 seq=33 length=264
TX_HEX=5452011401010000210000000801000042e78b93001c0000433f8c2b682b04d148237b777b6801337b600a23fb777b681b78253b532b00f28e8101a252f823f0311e0208771e0208771e0208771e0208771e0208771e0208771e0208771e0208771e0208771e0208771e0208771e0208771e0208771e0208771e0208771e0208771e0208771e0208771e0208771e0208771e0208771e0208771e0208771e0208771e0208771e0208771e0208771e0208771e0208771e0208771e0208771e02086b1e02086b1e02086b1e0208771e0208771e0208771e0208771e0208771e0208771e0208771e0208771e0208771e0208771e0208771e0208771e0208771e0208771e0208771e0208771e0208531e0208771e0208771e0208771e02089071a79b
RX_HEX=54520114018100802100000009000000c0df413bf43e0200001d0000001c59b888
RX_FRAME type=0x8101 seq=33 length=9 payload=f43e0200001d000000
WRITE offset=7168: total=147188 verified=7424 pending=0
TX_FRAME type=0x0101 seq=34 length=264
TX_HEX=54520114010100002200000008010000a1e0041d001d0000850a35b3771e0208771e0208771e0208771e0208771e0208771e0208471e0208b11c0208611e02086b1e02086b1e02086b1e0208771e0208611e0208771e0208771e0208771e0208771e0208771e02084d1e0208e51d0208771e0208771e02081f1d0208771e0208b31e0208771e0208771e02085b1e0208bb7f03f01003002b10d109e0ba6a7b6a9a4202d2bb6a20221a70bb6a0133bb62bb69013bbb61bb69002befdc3b681a1d3a601b68fb74ba6a7b6a9a4202d2bb6afa7c1a70bb6a0133bb6209e0ba6a7b6a9a4202d2bb6a20221a70bb6a0133bb62bb69013bbb61bb69002befdc2be13b681a1d3a601b683b623b6a002b01d1864b3b620023fb6202e0fb6a0133f7aacb05
RX_HEX=5452011401810080220000000900000023d8ceb5f43e0200001e000000f2f60d9a
RX_FRAME type=0x8101 seq=34 length=9 payload=f43e0200001e000000
WRITE offset=7424: total=147188 verified=7680 pending=0
TX_FRAME type=0x0101 seq=35 length=264
TX_HEX=545201140101000023000000080100003fe0aed1001e0000c3045a06fb62fa6abb699a4205d0fb6a3a6a13441b78002bf2d17b69002b05ddfa6a7b699a4201dd7b69fb62bb7f03f01003002b10d109e0ba6a7b6a9a4202d2bb6a20221a70bb6a0133bb62bb695a1eba61fa6a9a42efdb00233b6310e0ba6a7b6a9a4203d23b6a1a78bb6a1a70bb6a0133bb623b6a01333b623b6b01333b633a6bfb6a9a42eadb09e0ba6a7b6a9a4202d2bb6a20221a70bb6a0133bb62bb695a1eba61fa6a9a42efdbc8e0bb69b3f1ff3f0cd10823bb61bb690233bb61bb7f43f02003bb77bb7f43f00103bb773b681a1d3a601b6819467b7fba7f03927a690292ba690192009310230a46796ab86afff714fcb862a2e0ba6a7b6a9a4202d2bb6a2522519fbded
RX_HEX=54520114018100802300000009000000bdd86479f43e0200001f0000009791b122
RX_FRAME type=0x8101 seq=35 length=9 payload=f43e0200001f000000
WRITE offset=7680: total=147188 verified=7936 pending=0
TX_FRAME type=0x0101 seq=36 length=264
TX_HEX=5452011401010000240000000801000026e96bdb001f0000b556e8351a70bb6a0133bb6297e00223fb7733e00823fb7730e0bb7f43f04003bb771023fb7729e0bb7f43f00203bb7723e03b68073323f0070308333b60ba6a7b6a9a4202d2bb6a25221a70bb6a0133bb627b681b78002b0bd0ba6a7b6a9a4203d27b681a78bb6a1a70bb6a0133bb6265e07b68013b7b6061e000bf7b7f4c2b0bd13b68073323f0070303f108023a60d3e9002313467b6341e07b7f6c2b05d13b681a1d3a601b687b6338e07b7f482b0ed13b681a1d3a601b68dbb27b63bb7f03f00203002b2ad07b6b5bb27b6326e07b7f682b0ed13b681a1d3a601b689bb27b63bb7f03f00203002b18d07b6b1bb27b6314e07b7f7a2b0cd13b681a1d3a601b687b63e1002ea9
RX_HEX=54520114018100802400000009000000a4d1a173f43e020000200000006079f98a
RX_FRAME type=0x8101 seq=36 length=9 payload=f43e02000020000000
WRITE offset=7936: total=147188 verified=8192 pending=0
PROGRESS 8192/147188
TX_FRAME type=0x0101 seq=37 length=264
TX_HEX=54520114010100002500000008010000b8e9c117002000003ab00d97bb7f03f00203002b07e000bf94fa03083b681a1d3a601b687b63f97f7b7fba7f03927a690292ba69019200930b467a6b796ab86afff770fbb8627b6801337b607b681b78002b7ff435adbb68002b0bd0ba6a7b6a9a4203d2bb6a00221a7003e07b6a013b00221a70ba6afb68d31a18463837bd4680bd00bf80b400af024b1846bd465df8047b70473016002480b485b000af786039600023fb607b68002b06d03b68002b03d07b681b78002b1cd100232ae07b681b782f2b06d97b681b78392b02d8fb68642b01d900231de0fa6813469b0013445b001a467b681b781344303bfb607b6801337b607b681b78002be0d1fb68002b02d0fb68642b01d9002303e0e8712a9c
RX_HEX=545201140181008025000000090000003ad10bbff43e02000021000000051e4532
RX_FRAME type=0x8101 seq=37 length=9 payload=f43e02000021000000
WRITE offset=8192: total=147188 verified=8448 pending=0
TX_FRAME type=0x0101 seq=38 length=264
TX_HEX=545201140101000026000000080100005bee4e9900210000d507b0e23b68fa681a60012318461437bd465df8047b704780b487b000af786039604ff0ff337b6100233b611fe07a683b6913441b781a467b6953407b610023fb600ee07b695b087a6902f00102002a01d00d4a00e0002253407b61fb680133fb60fb68072bedd93b6901333b613a693b689a42dbd37b69db4318461c37bd465df8047b704700bf2083b8ed80b483b000af78607b684ff480729a617b684ff40052da607b6800221a627b6800225a617b680022da627b6800221a637b6800225a6300bf0c37bd465df8047b704780b483b000af786039603b68b3f5805f0bd87b68b3f5704f07d33b68c3f580337a689a4201d8012300e0002303f00103dbb218460c3773c60661
RX_HEX=54520114018100802600000009000000d9d68431f43e02000022000000ebb1f020
RX_FRAME type=0x8101 seq=38 length=9 payload=f43e02000022000000
WRITE offset=8448: total=147188 verified=8704 pending=0
TX_FRAME type=0x0101 seq=39 length=264
TX_HEX=54520114010100002700000008010000c5eee45500220000ea36a007bd465df8047b704780b592b000af786007f1100338220021184619f064fe07f110031846fff7b0ff9f233b610023fb624ff080737b630323bb6307f110034ff47a721946104808f0ebfb0346002b0ad107f10c034ff47a7219460b4808f0d0fc0346002b01d0002309e03b7b1a047b7b1b021343ba7b1a437b681a60012318464837bd4680bd00bf3462022480b594b000af07f1180338220021184619f023fe3b4600221a605a609a60da601a615a6107f118031846fff767ff0523bb6100237b634ff08073fb6301233b6400233b6001237b6000233b610123fb601023bb604ff480037b613a4607f118014ff47a73064808f022fd0346002b0cbf01230023e271201b
RX_HEX=5452011401810080270000000900000047d62efdf43e020000230000008ed64c98
RX_FRAME type=0x8101 seq=39 length=9 payload=f43e02000023000000
WRITE offset=8704: total=147188 verified=8960 pending=0
TX_FRAME type=0x0101 seq=40 length=264
TX_HEX=5452011401010000280000000801000069fcc48c00230000adbe6660dbb218465037bd4680bd00bf3462022480b58eb000af3b4638220021184619f0e2fd3b461846fff72fff06233b600023fb6100237b623b464ff47a721946064808f06efb0346002b0cbf01230023dbb218463837bd4680bd3462022480b592b000aff860b9607a6007f1100338220021184619f0b8fd7968f868fff726ff034683f00103dbb2002b06d07a68f9681a4816f046f900232ae007f110031846fff7f3fe03233b614ff48063fb62fb687b614ff080737b637b68bb6307f110034ff47a7219460d4808f02bfb0346002b0ad14ff47a72b968094808f012fc0346002b01d1012300e0002303f00103dbb218464837bd4680bd00bf9cfa03083462022458d74c85
RX_HEX=54520114018100802800000009000000ebc40e24f43e0200002400000037ee9b05
RX_FRAME type=0x8101 seq=40 length=9 payload=f43e02000024000000
WRITE offset=8960: total=147188 verified=9216 pending=0
TX_FRAME type=0x0101 seq=41 length=264
TX_HEX=54520114010100002900000008010000f7fc6e4000240000cab9d29380b592b000af786007f1100338220021184619f068fd4ff480517868fff7d5fe034683f00103dbb2002b04d17b68c3f30b03002b07d04ff480527968254816f0eff8002342e007f10c031846fff7dcfe034683f00103dbb2002b0bd1fb681e4a934207d1fff754ff034683f00103dbb2002b01d0002329e04ff480527968174816f0cef807f110031846fff77dfe20233b614ff48063fb627b687b6100237b6307f110034ff47a7219460d4808f0b8fa0346002b06d1fff7e9fe0346002b01d0012300e0002303f00103dbb218464837bd4680bd9cfa03081740ef00c0fa03083462022480b594b000aff860b9607a6007f1180338220021184619f0f4fcbb6840421bde
RX_HEX=5452011401810080290000000900000075c4a4e8f43e02000025000000528927bd
RX_FRAME type=0x8101 seq=41 length=9 payload=f43e02000025000000
WRITE offset=9216: total=147188 verified=9472 pending=0
TX_FRAME type=0x0101 seq=42 length=264
TX_HEX=54520114010100002a0000000801000014fbe1ce002500003e236ec6002b19d07b68002b16d07b68b3f5807f12d87968f868fff758fe034683f00103dbb2002b08d1fb681a0af9687b680b44013b1b0a9a4206d07a68f968284816f06ff8002348e007f114031846fff75cfe034683f00103dbb2002b0bd17b69214a934207d1fff7d4fe034683f00103dbb2002b01d000232fe007f118031846fff703fe0223bb614ff480637b63fb68fb614ff08073fb637b683b6407f118034ff47a721946104808f03bfa0346002b0fd14ff47a72b9680c4808f090fa0346002b06d1fff763fe0346002b01d0012300e0002303f00103dbb218465037bd4680bd9cfa03081740ef003462022480b5b2b000af07f10803c0220021184619f073fcdff6e424
RX_HEX=54520114018100802a0000000900000096c32b66f43e02000026000000bc2692af
RX_FRAME type=0x8101 seq=42 length=9 payload=f43e02000026000000
WRITE offset=9472: total=147188 verified=9728 pending=0
TX_FRAME type=0x0101 seq=43 length=264
TX_HEX=54520114010100002b000000080100008afb4b020026000037352ea52b4b1b78002b01d001234de04ff000724ff00003c7e9022300237b6507f10803184609f0c3fd0346002b01d000233be0204b214a1a601f4b05225a601d4b01229a601c4b1022da601a4b16221a61194b4ff480725a61174b00229a61154b0022da61144b00221a62124808f065f90346002b0dd13b1d1846fff7c6fd034683f00103dbb2002b03d17b680c4a934201d0002309e0064b01221a707968084b094a094815f0bdff01231846c837bd4680bd8062022434620224005000521740ef00e4fa0308005a6202fcfa030890b585b000af78600023fb6018e0fb68d9b27d4afb6813440a461a70fb68dbb21a46d2001a44d2001344dbb22933d9b2764afb68ee1a3797
RX_HEX=54520114018100802b0000000900000008c381aaf43e02000027000000d9412e17
RX_FRAME type=0x8101 seq=43 length=9 payload=f43e02000027000000
WRITE offset=9728: total=147188 verified=9984 pending=0
TX_FRAME type=0x0101 seq=44 length=264
TX_HEX=54520114010100002c0000000801000093f28e08002700007170ee7013440a461a70fb680133fb60fb68ff2be3d90023fb600fe0fb6803f00103002b01d1a52100e05a216c4afb6813440a461a70fb680133fb60fb681f2becd94ff47040fff75dfe034683f00103dbb2002b0cd14ff4805262494ff47040fff7fefd034683f00103dbb2002b01d00023ade00023fb600ae05a4afb6813441b78ff2b01d00023a2e0fb680133fb60fb68b3f5805ff0d34ff480724e494ff47240fff7a1fe034683f00103dbb2002b7ad110224a494ff2f000fff795fe034683f00103dbb2002b6ed1474b102219464ff47140fff788fe034683f00103dbb2002b61d14ff480723c494ff47f40fff77bfe034683f00103dbb2002b54d14ff480723a4913831904
RX_HEX=54520114018100802c0000000900000011ca44a0f43e020000280000008f514d4f
RX_FRAME type=0x8101 seq=44 length=9 payload=f43e02000028000000
WRITE offset=9984: total=147188 verified=10240 pending=0
TX_FRAME type=0x0101 seq=45 length=264
TX_HEX=54520114010100002d000000080100000df224c40028000010e722b04ff47240fff7aafd034683f00103dbb2002b47d14ff480722e49334819f053fb0346002b3ed110222f494ff2f000fff795fd034683f00103dbb2002b32d110222649294819f03ffb0346002b2ad1102225494ff47140fff781fd034683f00103dbb2002b1ed11f4b102219461e4819f02afb0346002b15d14ff480721a494ff47f40fff76bfd034683f00103dbb2002b08d14ff480721049134819f014fb0346002b01d0002311e04ff480710948fff731fc04464ff480710748fff72bfc034622467968094815f0abfe012318461437bd4690bd84720224a4730224847302248462022494730224a47402241cfb030880b58cb000af78607b68002b0ad07b684a754e24
RX_HEX=54520114018100802d000000090000008fcaee6cf43e02000029000000ea36f1f7
RX_FRAME type=0x8101 seq=45 length=9 payload=f43e02000029000000
WRITE offset=10240: total=147188 verified=10496 pending=0
TX_FRAME type=0x0101 seq=46 length=264
TX_HEX=54520114010100002e00000008010000eef5ab4a002900002d311da1642b07d8fff772fe034683f00103dbb2002b03d0524815f083fe9ee00023fb6218e007f108031846fff76efc034683f00103dbb2002b03d1bb684a4a934206d0bb681a46f96a484815f06afe85e0fb6a0133fb62fb6a632be3d907f10c03202219464ff47040fff7f9fc034683f00103dbb2002b45d107f10c03202219464ff2f000fff7ebfc034683f00103dbb2002b37d107f10c03202219464ff2ff00fff7ddfc034683f00103dbb2002b29d107f10c03202219464ff47140fff7cffc034683f00103dbb2002b1bd107f10c03202219464ff47f40fff7c1fc034683f00103dbb2002b0dd107f10c03202219464ff6e070fff7b3fc034683f00103dbb2002bfc1ef2c4
RX_HEX=54520114018100802e000000090000006ccd61e2f43e0200002a000000049944e5
RX_FRAME type=0x8101 seq=46 length=9 payload=f43e0200002a000000
WRITE offset=10496: total=147188 verified=10752 pending=0
TX_FRAME type=0x0101 seq=47 length=264
TX_HEX=54520114010100002f0000000801000070f50186002a0000aa62f27203d01a4815f00cfe27e00123fb6210e0f86afff75bfe034683f00103dbb2002b04d0f96a124815f0fbfd16e0fb6a0133fb62fa6a7b689a42ead907f10c03202219464ff48030fff74dfd4ff40410fff7d7fc7968074815f0e3fd3037bd4680bd40fb03081740ef005cfb030880fb03089cfb0308bcfb030880b584b000af786039606423fb607b68022b12d13b6804331b6807f10c0211461846fff7f7fa034683f00103dbb2002b03d0094815f0b8fd0ae07b68022b03dd054815f0b1fd03e0fb681846fff714ff1037bd4680bd00bf40fb0308f0b58db008aff860b9607a607b681b683b607b685b687a6892687968c968786800697c6864697d68ad697e6879606a96
RX_HEX=54520114018100802f00000009000000f2cdcb2ef43e0200002b00000061fef85d
RX_FRAME type=0x8101 seq=47 length=9 payload=f43e0200002b000000
WRITE offset=10752: total=147188 verified=11008 pending=0
TX_FRAME type=0x0101 seq=48 length=264
TX_HEX=54520114010100003000000008010000f7d69a23002b00007caab3bdf66906960595049403900291019200933b68054ab968f86819f05cf9034618461437bd46f0bd00bfdcfb030880b584b000af786039600023bb600023fb7318e0fa7b7b683c3253f82230002b0ed0fa7b7b683c3253f822301946386801f01bff0346002b02d06ff0fe03bb60fb7b0133fb737b6893f89230fa7b9a42e0d37b6870334ff404720021184619f0acf97b68002283f88022bb6818461037bd4680bd80b483b000af786039607b68002b0bd07b681b78002b07d13b68002b04d03b685a1e7b68c3f8842200bf0c37bd465df8047b704780b483b000af78607b68002b07d07b681b78022b05d07b681b78032b01d0002301e07b68703318460c37bd465d0e700f
RX_HEX=5452011401810080300000000900000075ee508bf43e0200002c000000d8c62fc0
RX_FRAME type=0x8101 seq=48 length=9 payload=f43e0200002c000000
WRITE offset=11008: total=147188 verified=11264 pending=0
TX_FRAME type=0x0101 seq=49 length=264
TX_HEX=5452011401010000310000000801000069d630ef002c0000f0a58fbc5df8047b704780b483b000af78607b68002b03d07b681b78022b02d06ff0fe0303e07b6803221a70002318460c37bd465df8047b704780b586b000aff860b9607a60fb68002b06d0bb68002b03d0fb681b78032b02d06ff0fe0308e0b968f868fff764ff7861fb6800221a707b6918461837bd4680bd80b584b000af786039607b68002b06d03b68002b03d07b681b78022b02d06ff0fe0308e039687868fff745fff8607b6800221a70fb6818461037bd4680bd80b483b000af78600b467b807b88dab27b681a707b881b0a9ab27b680133d2b21a7000bf0c37bd465df8047b704780b483b000af786039603b68dab27b681a703b681a0a7b680133d2b21a701062d792
RX_HEX=54520114018100803100000009000000ebeefa47f43e0200002d000000bda19378
RX_FRAME type=0x8101 seq=49 length=9 payload=f43e0200002d000000
WRITE offset=11264: total=147188 verified=11520 pending=0
TX_FRAME type=0x0101 seq=50 length=264
TX_HEX=545201140101000032000000080100008ad1bf61002d000034d1ca0c3b681a0c7b680233d2b21a703b681a0e7b680333d2b21a7000bf0c37bd465df8047b7047f0b486b000aff860c7e900230023fb7519e0fb7dd900d7e90023c1f12006a1f1200022fa01f403fa06f6344323fa00f0044323fa01f5fb7dfa681344e2b21a70fb7d0133fb75fb7d072be2d900bf00bf1837bd46f0bc704780b584b000aff860c7e90023d7e90023f868fff7c9ff00bf1037bd4680bd000080b487b000aff860b9607a6000237b611fe0ba687b6913441b781a46fb685340fb600023fb740ee0fb685b08fa6802f00102002a01d00c4a00e000225340fb60fb7c0133fb74fb7c072bedd97b6901337b617a697b689a42dbd3fb6818461c37bd465df80ce297ed
RX_HEX=5452011401810080320000000900000008e975c9f43e0200002e000000530e266a
RX_FRAME type=0x8101 seq=50 length=9 payload=f43e0200002e000000
WRITE offset=11520: total=147188 verified=11776 pending=0
TX_FRAME type=0x0101 seq=51 length=264
TX_HEX=5452011401010000330000000801000014d115ad002e000022deb44a047b70472083b8ed80b582b000af786039603b68b3f900309bb219467868fff749ff7b689a1c3b68b3f902309bb219461046fff73fff7b681a1d3b68b3f904309bb219461046fff735ff7b689a1d3b68b3f906309bb219461046fff72bff7b6803f108023b68b3f908309bb219461046fff720ff7b6803f10a023b68b3f90a309bb219461046fff715ff7b6803f10c023b68db8919461046fff70cff3b6893f90c207b680e33d2b21a707b680f333a68127c1a7000bf0837bd4680bd80b485b000af78600b46fb701346bb700023fb60fb78fb720ce0fa7a7b68203253f822301b8a1a46fb681344fb60fb7a0133fb72fa7abb789a42eed3fb6818461437bd46a2d0fcf1
RX_HEX=5452011401810080330000000900000096e9df05f43e0200002f00000036699ad2
RX_FRAME type=0x8101 seq=51 length=9 payload=f43e0200002f000000
WRITE offset=11776: total=147188 verified=12032 pending=0
TX_FRAME type=0x0101 seq=52 length=264
TX_HEX=545201140101000034000000080100000dd8d0a7002f0000cff403f75df8047b704780b588b000af78604ff0ff33fb610023fb762ce000233b831de0fa7e7b68203253f822103a8b1346db0013445b0010330b449a1d07f1080311461846fff761ff07f1080310221946f869fff724fff8613b8b01333b83fa7e7b68203253f822301b8a3a8b9a42d8d3fb7e0133fb767b6893f82230fa7e9a42ccd3fb69db4318462037bd4680bd2de9f04f89b000aff860b9607a603b607a683b6813441b01bb61bb6828337b617b69db8d03f07f03fb8380220021f86818f093ff7b695b68002b03d0fb8b43f00103fb837b695b69002b03d0fb8b43f00203fb837b699b69002b03d0fb8b43f00403fb837b6993f82c30002b03d0fb8b43f02003cb8be962
RX_HEX=545201140181008034000000090000008fe01a0ff43e02000030000000ff2ee0da
RX_FRAME type=0x8101 seq=52 length=9 payload=f43e02000030000000
WRITE offset=12032: total=147188 verified=12288 pending=0
PROGRESS 12288/147188
TX_FRAME type=0x0101 seq=53 length=264
TX_HEX=5452011401010000350000000801000093d87a6b00300000eae2b17cfb837b695b6ab3f5803f03d27b695b6a9bb201e04ff6ff737b8204229c49f86818f07afffb68043302211846fff742fefb68063380211846fff73cfefb6803f10802bb681b6819461046fff74afefb6803f10c06bb68d3e9020102460b464ff0000a4ff0000b4fea431b4bead26b4fea421a52465b46141a63eb01054ff000024ff00003ab0043ea9473a20014461d4614eb000845eb01094ff000024ff000034feac90343ea58734feac8029046994642464b463046fff735fefb6803f114017b69d3e902230846fff758fefb6803f11c027b691b6919461046fff702fefb6820334ff4c8611846fff7fbfdfb6803f12402bb681b6919461046fff7f2fdfb6846d1146a
RX_HEX=5452011401810080350000000900000011e0b0c3f43e020000310000009a495c62
RX_FRAME type=0x8101 seq=53 length=9 payload=f43e02000031000000
WRITE offset=12288: total=147188 verified=12544 pending=0
TX_FRAME type=0x0101 seq=54 length=264
TX_HEX=5452011401010000360000000801000070dff5e50031000075b49045283379681846fff7ecfdfb682c3339681846fff7e6fdfb6803f13002bb68db8b19461046fff7c6fdfb6803f13202bb689b8b19461046fff7bdfdfb6803f13402bb685b6919461046fff7cbfdfb6803f13802bb689b6919461046fff7c2fdfb683c33b9691846fff7bcfdfb684033b96c1846fff7b6fdfb6844337a6912781a70fb6845337a6992f82c201a70fb684633fa8b11461846fff78dfdfb6803f148027b699b6a19461046fff79bfdfb6803f14c027b69b3f91c309bb219461046fff779fdfb684e337a8a11461846fff772fdfb6803f150027b691b6a19461046fff780fdfb6803f154027b691b6b19461046fff777fdfb6803f158027b699b8e19469dcb7152
RX_HEX=54520114018100803600000009000000f2e73f4df43e0200003200000074e6e970
RX_FRAME type=0x8101 seq=54 length=9 payload=f43e02000032000000
WRITE offset=12544: total=147188 verified=12800 pending=0
TX_FRAME type=0x0101 seq=55 length=264
TX_HEX=54520114010100003700000008010000eedf5f2900320000f37198421046fff757fdfb6803f15c027b69db6c19461046fff765fdfb6803f160027b699b6b19461046fff75cfdfb6803f164027b69db6b19461046fff753fdfb6803f168027b691b6c19461046fff74afdfb6803f16c027b695b6c19461046fff741fdfb6803f170027b699b6c19461046fff738fdfb6803f17c027b691b6d19461046fff72ffd00bf2437bd46bde8f08f00bf70fc030890b5edb002af07f5d474a4f5ce74206007f5d470a0f5d070016007f5d471a1f5d2710a6007f5d472a2f5d472136007f5d473a3f5ce731b68002b0dd007f5d473a3f5d0731b68002b06d007f5d473a3f5d2731b68002b02d16ff0fe0302e107f5d473a3f5ce731868fff76afcd5145a11
RX_HEX=545201140181008037000000090000006ce79581f43e02000033000000118155c8
RX_FRAME type=0x8101 seq=55 length=9 payload=f43e02000033000000
WRITE offset=12800: total=147188 verified=13056 pending=0
TX_FRAME type=0x0101 seq=56 length=264
TX_HEX=5452011401010000380000000801000042cd7ff000330000ac4e03e4c7f89c01d7f89c31002b07d007f5d473a3f5ce731b681b78032b02d06ff0fe03eae0d7f89c3193f820301a460021d7f89c01fff7c3fdc7f89801d7f89c3193f82010d7f89c3193f822301a46d7f89c01fff7b4fdc7f89401d7f89c01fff7d3fd034607f58a700093d7f89431d7f89821d7f89c11fff70afe07f5d473a3f5d47207f58a7007f5d473a3f5d2731b681268802198470346002b40f09a80002387f8a7317de00023a7f8a2310023a7f8a43148e0b7f8a23107f11402d01897f8a721d7f89c31203253f82210b7f8a4211346db0013445b0010330b4406331946fff713fdb7f8a2311033a7f8a231b7f8a231b3f5807f0cd0b7f8a431013397f8a7117f308543
RX_HEX=54520114018100803800000009000000c0f5b558f43e02000034000000a8b98255
RX_FRAME type=0x8101 seq=56 length=9 payload=f43e02000034000000
WRITE offset=13056: total=147188 verified=13312 pending=0
TX_FRAME type=0x0101 seq=57 length=264
TX_HEX=54520114010100003900000008010000dccdd53c0034000005f69abad7f89c21203152f82120128a934214d1b7f8a21107f5d473a3f5d47207f1140007f5d473a3f5d2731b68126898470346002b4fd10023a7f8a231b7f8a4310133a7f8a43197f8a721d7f89c31203253f822301b8ab7f8a4219a42aad397f8a721d7f89c31203253f8222007f5d473a3f5d0731146186801f08efa0346002b2bd197f8a72107f5d473a3f5ce731b683c32002143f8221097f8a731013387f8a731d7f89c3193f8223097f8a7219a42fff479af07f5d473a3f5d07107f5d473a3f5ce73012209681868fff7b5fb034613e000bf02e000bf00e000bf07f5d473a3f5d07107f5d473a3f5ce73002209681868fff7a1fb6ff0fe03184607f5d677bd468e5e009b
RX_HEX=545201140181008039000000090000005ef51f94f43e02000035000000cdde3eed
RX_FRAME type=0x8101 seq=57 length=9 payload=f43e02000035000000
WRITE offset=13312: total=147188 verified=13568 pending=0
TX_FRAME type=0x0101 seq=58 length=264
TX_HEX=54520114010100003a000000080100003fca5ab200350000f9ce488a90bd000080b500af084b1b68002b07d04ff0ff31064814f05ffe0346002b02d06ff0fe0300e00023184680bd8c7802245078022480b500af044b1b68002b02d0034814f059fe00bf80bd00bf8c7802245078022480b500affef78efd0346184680bd000080b586b000af78602148fff731fbf86080233b61fb68002b02d07b68002b02d16ff0fe032fe00023fb7522e0fa7dfb68203253f82230002b0bd0fa7dfb68203253f822301b8a1a463b69db431b099a4202d96ff0fe0316e0fa7dfb68203253f822301b8a1b013a6913443b61fb7d0133fb75fb6893f82230fa7d9a42d6d37b683a691a60002318461837bd4680bd00bfa875022480b582b000affff797419f43
RX_HEX=54520114018100803a00000009000000bdf2901af43e0200003600000023718bff
RX_FRAME type=0x8101 seq=58 length=9 payload=f43e02000036000000
WRITE offset=13568: total=147188 verified=13824 pending=0
TX_FRAME type=0x0101 seq=59 length=264
TX_HEX=54520114010100003b00000008010000a1caf07e00360000a11a9f28a9ff78607b68002b02d16ff0fe0304e079680448fff72ffb034618460837bd4680bd00bfa875022480b582b000af1a4b1b78022b01d1fff7dfff184bdb68002b22d0164b1b69002b1ed0144bdb68134a5269104698470346002b15d10f4b1b690e4a52693946104698470346002b0bd13b78012b08d17b6819460748fff790fa074814f0cdff03e0064814f0c9ff00bf00bf0837bd4680bda87502243878022478fc0308a0fc030880b586b000af4a48fff790fa7861fff74dff38617b69002b16d03b69002b13d0444b1b68002b0fd0434b5b68002b0bd0414b9b68002b07d007f108031846fff73dff0346002b0ad03c4b1b6801333b4a13603b4814f090fffc53e130
RX_HEX=54520114018100803b0000000900000023f23ad6f43e0200003700000046163747
RX_FRAME type=0x8101 seq=59 length=9 payload=f43e02000037000000
WRITE offset=13824: total=147188 verified=14080 pending=0
TX_FRAME type=0x0101 seq=60 length=264
TX_HEX=54520114010100003c00000008010000b8c33574003700008775c7d56ff0fe0363e0364b5b68354a50697a691168ba6898470346002b2cd0314b1b680133304a13602e4b1b69002b0cd02c4b1b692b4a52693946104698470346002b02d13b78022b02d1fff76eff10e0224b1b78022b01d1fff74fff7b68002b04d07b6819461c48fff71bfa1f4814f058ff6ff0fe032be01848fff745fa0346002b09d0184b1b680133164a1360fff74cff6ff0fe031be0154814f042ff104b9a680f4b5b6939690c48fff774fdf860fb68002b08d00b4b1b6801330a4a1360fff733fffb6803e00a4814f02aff002318461837bd4680bd00bfa8750224907802243878022498780224c8fc03080cfd030824fd030880b588b000af78607b68002b3908a3ca
RX_HEX=54520114018100803c000000090000003afbffdcf43e020000380000001006541f
RX_FRAME type=0x8101 seq=60 length=9 payload=f43e02000038000000
WRITE offset=14080: total=147188 verified=14336 pending=0
TX_FRAME type=0x0101 seq=61 length=264
TX_HEX=54520114010100003d0000000801000026c39fb8003800009ba02fa12ad07b681a460023136053609360d3601361fff777fe0346002b1fd1114b1a787b681a700f4b93f868207b685a700d4bd3f888227b685a600b4b1a687b689a600a4b1a687b68da60064bd3f88c227b681a61fff76ffe02e000bf00e000bf2037bd4680bda87502249c7802249878022480b582b000af6ff0fe037b60fff742fe0346002b02d06ff0fe030fe0094b1b68002b08d0084b1b78002b04d1074b01221a6000237b60fff745fe7b6818460837bd4680bd88780224a87502249478022480b582b000affff71dfe0346002b02d06ff0fe0305e0fff7e7fe7860fff72afe7b6818460837bd4680bd80b582b000affff708fe0346002b02d06ff0fe0305e02976408f
RX_HEX=54520114018100803d00000009000000a4fb5510f43e020000390000007561e8a7
RX_FRAME type=0x8101 seq=61 length=9 payload=f43e02000039000000
WRITE offset=14336: total=147188 verified=14592 pending=0
TX_FRAME type=0x0101 seq=62 length=264
TX_HEX=54520114010100003e00000008010000c5c4103600390000d2cf7306fff77afe7860fff715fe7b6818460837bd4680bd90b58bb002af786039607b68022b05d0364814f07bfe6ff0fe0362e03b6804331b6833491846fdf773fe0346002b15d107f10c031846fff753ff3b7b18467b7b1c463969bb69fa69019200930b4622460146284814f05afe002342e03b6804331b6825491846fdf753fe0346002b0cd107f10c031846fff733ff3b7b002b01d100232ee06ff0fe032be03b6804331b681a491846fdf73cfe0346002b03d1fff75dff03461de03b6804331b6814491846fdf72efe0346002b03d1fff777ff03460fe03b6804331b680e491846fdf720fe0346002b03d1fff77eff034601e06ff0fe0318462437bd4690bd00bf8f1e9f8b
RX_HEX=54520114018100803e0000000900000047fcda9ef43e0200003a0000009bce5db5
RX_FRAME type=0x8101 seq=62 length=9 payload=f43e0200003a000000
WRITE offset=14592: total=147188 verified=14848 pending=0
TX_FRAME type=0x0101 seq=63 length=264
TX_HEX=54520114010100003f000000080100005bc4bafa003a0000c983da257cfd0308b0fd0308b8fd030808fe03080cfe03081cfe030824fe030880b5aab000af78607b68002b09d07b681846a0231a46002118f057fa7b6800221a7000bfa837bd4680bd80b582b000af786039607b68002b0ad03b68002b07d03a687b681046194658231a4618f056fa00bf0837bd4680bd80b500af01f050f80023184680bd80b483b000af78607b68002b15d07b681b68002b11d07b685b68002b0dd07b689b68002b09d07b68db68002b05d07b685b69002b01d0012300e0002318460c37bd465df8047b7047b0b582b000af786039607b68002b15d024220021786818f001fa3868fff7ccff0346002b0bd07a683b6814461d460fcd0fc495e80300650f604b
RX_HEX=54520114018100803f00000009000000d9fc7052f43e0200003b000000fea9e10d
RX_FRAME type=0x8101 seq=63 length=9 payload=f43e0200003b000000
WRITE offset=14848: total=147188 verified=15104 pending=0
TX_FRAME type=0x0101 seq=64 length=264
TX_HEX=545201140101000040000000080100006747ca8f003b0000225cfa8984e8030000e000bf0837bd46b0bd80b582b000af786039607b68002b0ed07b681846fff7aeff0346002b07d03b68002b04d07b685b693a689a4201d901231be07b681b687a6810697a685269002198470346002b01d005230ee07b683a689a617b680022da617b68012283f820207b68002283f82120002318460837bd4680bd90b5c5b000af07f58874a4f58274206007f58870a0f58470016007f58871a1f586710a6007f58872a2f58872136007f58873a3f582731b68002b1ed007f58873a3f586731b68002b17d007f58873a3f588731b68002b10d007f58873a3f588731b68b3f5807f08d807f58873a3f582731b6893f82030002b13d107f58873a3f5cd240fd2
RX_HEX=54520114018100804000000009000000e57f0027f43e0200003c00000047913690
RX_FRAME type=0x8101 seq=64 length=9 payload=f43e0200003c000000
WRITE offset=15104: total=147188 verified=15360 pending=0
TX_FRAME type=0x0101 seq=65 length=264
TX_HEX=54520114010100004100000008010000f9476043003c00006a6fc12782731b68002b0ad007f58873a3f582731b6893f82030002b01d10223d5e00123d3e007f58873a3f582731b689b6907f58872a2f5887212689a4223d807f58873a3f582731b689a6907f58873a3f588731b68d31a07f58872a2f5847212689a4210d807f58873a3f5887207f58873a3f58673116818680bf0f9fe0246d7f82031934201d00123a0e007f58873a3f582731b68db6907f58872a2f5847212689a4234d107f58873a3f582731b685c6807f58873a3f582731b68186907f58873a3f5887307f58872a2f5867207f58871a1f584711b6812680968a0470346002b01d0052372e007f58873a3f582731b68da6907f58873a3f588731b681a4407f58873403e9c18
RX_HEX=545201140181008041000000090000007b7faaebf43e0200003d00000022f68a28
RX_FRAME type=0x8101 seq=65 length=9 payload=f43e0200003d000000
WRITE offset=15360: total=147188 verified=15616 pending=0
TX_FRAME type=0x0101 seq=66 length=264
TX_HEX=545201140101000042000000080100001a40efcd003d0000d6bed05aa3f582731b68da6100235ee007f58873a3f582731b68db6907f58872a2f5847212689a4241d207f58873a3f582731b68da6907f58873a3f584731b68d31a07f58872a2f5887212689a422ed807f58873a3f582731b689c6807f58873a3f582731b68186907f58873a3f5887307f1100207f58871a1f584711b680968a0470346002b12d107f58873a3f5887207f58873a3f5867307f110001268196818f093f80346002b01d100230fe007f58873a3f582731b68db6907f58872a2f5847212689a4201d2042300e00323184607f58a77bd4690bd80b582b000af786039603b68002b15d00c220021386818f07cf87b68002b0ed07b689a693b681a607b68da693bf0f940
RX_HEX=5452011401810080420000000900000098782565f43e0200003e000000cc593f3a
RX_FRAME type=0x8101 seq=66 length=9 payload=f43e0200003e000000
WRITE offset=15616: total=147188 verified=15872 pending=0
TX_FRAME type=0x0101 seq=67 length=264
TX_HEX=5452011401010000430000000801000084404501003e00003e4a3c0f3b685a607b6893f821203b681a7200e000bf0837bd4680bd90b5adf5477d00af07f54673a3f54573186007f54673a3f545731b68002b08d007f54673a3f545731b6893f82030002b01d10223efe007f54673a3f545731b6893f82130002b01d00023e4e007f54673a3f545731b68da6907f54673a3f545731b689b699a4201d00623d4e007f54673a3f545731b689c6807f54673a3f545731b68186907f51272c4230021a0470346002b1ed107f54673a3f545731b68596907f17c0207f5127318460bf09ffe0346002b0ed107f54673a3f52773d3f8842007f54673a3f545731b689b69c43b9a4201d007239fe007f1780318460bf052fd07f1080318460cf0953ec22d
RX_HEX=5452011401810080430000000900000006788fa9f43e0200003f000000a93e8382
RX_FRAME type=0x8101 seq=67 length=9 payload=f43e0200003f000000
WRITE offset=15872: total=147188 verified=16128 pending=0
TX_FRAME type=0x0101 seq=68 length=264
TX_HEX=545201140101000044000000080100009d49800b003f00001454ae140ffa0023c7f8143346e007f54673a3f52773d3f88420d7f81433d31ac7f81033d7f81033b3f5807f28bf4ff48073c7f80c3307f54673a3f545731b689c6807f54673a3f545731b681869d7f8143303f1c40107f5a472d7f80c33a0470346002b01d0052363e007f5a47107f17803d7f80c2318460bf024fd07f5a47107f10803d7f80c2318460cf00bfad7f81423d7f80c331344c7f8143307f54673a3f52773d3f88430d7f814239a42aed307f5947207f10803114618460cf03bfa07f1780318460bf041fd024607f54673a3f52773d3f888309a420cd107f17c0303f18c0107f594732022184617f06dff0346002b01d007231be007f54673a3f545731b689ef2ab8e
RX_HEX=545201140181008044000000090000001f714aa3f43e02000040000000638edfb1
RX_FRAME type=0x8101 seq=68 length=9 payload=f43e02000040000000
WRITE offset=16128: total=147188 verified=16384 pending=0
PROGRESS 16384/147188
TX_FRAME type=0x0101 seq=69 length=264
TX_HEX=5452011401010000450000000801000003492ac700400000432f7e93db6807f54672a2f5457212681269104698470346002b01d0052308e007f54673a3f545731b68012283f821200023184607f54777bd4690bd80b582b000af78607b68002b06d07b681846fff71afd0346002b01d101231be07b681b687a6810697a685269002198470346002b01d005230ee07b6800229a617b680022da617b68002283f820207b68002283f82120002318460837bd4680bd80b483b000af786039607b68b3f5801f07d87b68c3f580133a689a4201d8012300e0002303f00103dbb218460c37bd465df8047b704780b483b000af78607b684ff480729a617b684ff40052da607b6800221a627b6800225a617b680022da627b6800221a637b686e3e3522
RX_HEX=545201140181008045000000090000008171e06ff43e0200004100000006e96309
RX_FRAME type=0x8101 seq=69 length=9 payload=f43e02000041000000
WRITE offset=16384: total=147188 verified=16640 pending=0
TX_FRAME type=0x0101 seq=70 length=264
TX_HEX=54520114010100004600000008010000e04ea549004100009efb585d00225a6300bf0c37bd465df8047b704780b592b000af786007f1100338220021184617f0e0fe07f110031846fff7cfff9f233b610023fb624ff080737b630323bb6307f110034ff47a721946104806f067fc0346002b0ad107f10c034ff47a7219460b4806f04cfd0346002b01d0002309e03b7b1a047b7b1b021343ba7b1a437b681a60012318464837bd4680bd00bfa078022480b594b000af07f1180338220021184617f09ffe3b4600221a605a609a60da601a615a6107f118031846fff786ff0523bb6100237b634ff08073fb6301233b6400233b6001237b6000233b610123fb601023bb604ff480037b613a4607f118014ff47a73064806f09efd03466563176a
RX_HEX=5452011401810080460000000900000062766fe1f43e02000042000000e846d61b
RX_FRAME type=0x8101 seq=70 length=9 payload=f43e02000042000000
WRITE offset=16640: total=147188 verified=16896 pending=0
TX_FRAME type=0x0101 seq=71 length=264
TX_HEX=545201140101000047000000080100007e4e0f85004200008cf30850002b0cbf01230023dbb218465037bd4680bd00bfa078022480b58eb000af3b4638220021184617f05efe3b461846fff74eff06233b600023fb6100237b623b464ff47a721946064806f0eafb0346002b0cbf01230023dbb218463837bd4680bda078022480b582b000af0c4b1b78002b0cd03b1d1846fff74bff0346002b05d07b68074a934201d1012300e0002303f00103dbb218460837bd4680bdec7802241740ef0080b5b2b000af07f10803c0220021184617f017fe284b1b78002b01d0012347e04ff000724ff00003c7e9022300237b6507f10803184607f067ff0346002b01d0002335e01d4b1e4a1a601c4b05225a601a4b01229a60194b1022da60406a24c6
RX_HEX=54520114018100804700000009000000fc76c52df43e020000430000008d216aa3
RX_FRAME type=0x8101 seq=71 length=9 payload=f43e02000043000000
WRITE offset=16896: total=147188 verified=17152 pending=0
TX_FRAME type=0x0101 seq=72 length=264
TX_HEX=54520114010100004800000008010000d25c2f5c00430000ee7605f6174b16221a61164b4ff480725a61144b00229a61124b0022da61114b00221a620f4806f009fb0346002b0dd13b1d1846fff7eefe034683f00103dbb2002b03d17b68094a934201d0002303e0034b01221a7001231846c837bd4680bdec780224a0780224005000521740ef0080b592b000aff860b9607a603b6007f1100338220021184617f0affd224b1b7883f00103dbb2002b0cd17b68002b09d03968b868fff77afe034683f00103dbb2002b02d04ff0ff332ae007f110031846fff787fe03233b614ff48063fb62bb6803f580337b614ff080737b633b68bb6307f110034ff47a7219460c4806f01afb0346002b0ad14ff47a727968074806f001fc0346c666bf69
RX_HEX=545201140181008048000000090000005064e5f4f43e020000440000003419bd3e
RX_FRAME type=0x8101 seq=72 length=9 payload=f43e02000044000000
WRITE offset=17152: total=147188 verified=17408 pending=0
TX_FRAME type=0x0101 seq=73 length=264
TX_HEX=545201140101000049000000080100004c5c8590004400002a2a9c59002b01d1002301e04ff0ff3318464837bd4680bdec780224a078022480b594b000aff860b9607a607968b868fff734fe034683f00103dbb2002b11d1bb68c3f30b03002b0cd17b68c3f30b03002b07d1fff708ff034683f00103dbb2002b02d04ff0ff3345e0bb68fb643be007f1140338220021184617f036fdfff7cdfe034683f00103dbb2002b02d04ff0ff3330e007f114031846fff71afe20237b614ff480633b63fb6c03f58033bb610023bb6307f114034ff47a721946104806f0b0fa0346002b07d1fff765fe034683f00103dbb2002b02d04ff0ff330ae0fb6c03f58053fb64ba687b681344fa6c9a42bdd3002318465037bd4680bd00bfa07802242d26b930
RX_HEX=54520114018100804900000009000000ce644f38f43e02000045000000517e0186
RX_FRAME type=0x8101 seq=73 length=9 payload=f43e02000045000000
WRITE offset=17408: total=147188 verified=17664 pending=0
TX_FRAME type=0x0101 seq=74 length=264
TX_HEX=54520114010100004a00000008010000af5b0a1e004500003ef897de80b594b000aff860b9607a603b607b68002b11d03968b868fff7befd034683f00103dbb2002b07d1fff79cfe034683f00103dbb2002b5dd04ff0ff335ee007f1100338220021184617f0cdfcbb68dbb2c3f58073fb64fa6c3b68934228bf1346bb64fff759fe034683f00103dbb2002b02d04ff0ff3341e007f110031846fff7a6fd02233b614ff48063fb62bb6803f580337b614ff080737b63bb6cbb6307f110034ff47a721946164806f039fa0346002b10d14ff47a727968124806f08efa0346002b07d1fff7e5fd034683f00103dbb2002b02d04ff0ff330fe0ba68bb6c1344bb607a68bb6c13447b603a68bb6cd31a3b603b68002ba1d1002318465037ec9ea831
RX_HEX=54520114018100804a000000090000002d63c0b6f43e02000046000000bfd1b494
RX_FRAME type=0x8101 seq=74 length=9 payload=f43e02000046000000
WRITE offset=17664: total=147188 verified=17920 pending=0
TX_FRAME type=0x0101 seq=75 length=264
TX_HEX=54520114010100004b00000008010000315ba0d200460000ec768b16bd4680bda078022480b58cb000af786007f11c0300221a605a609a60da601a617b68002b63d07b681b68334a93425ed1324bd3f8d430314a43f48043c2f8d4302e4bd3f8d43003f48043bb61bb692b4bd3f8e030294a43f00203c2f8e030274bd3f8e03003f002037b617b69234bd3f8e030224a43f00803c2f8e0301f4bd3f8e03003f008033b613b691c4bd3f8e0301a4a43f01003c2f8e030184bd3f8e03003f01003fb60fb6802233b6200237b620323bb620923fb6240f20443fb6107f11c0319460e4805f0f7fd4ff46053fb6107f11c0319460b4805f0eefd0423fb6107f11c031946084805f0e6fd00e000bf3037bd4680bd00bf00500052004402582f678deb
RX_HEX=54520114018100804b00000009000000b3636a7af43e02000047000000dab6082c
RX_FRAME type=0x8101 seq=75 length=9 payload=f43e02000047000000
WRITE offset=17920: total=147188 verified=18176 pending=0
TX_FRAME type=0x0101 seq=76 length=264
TX_HEX=54520114010100004c00000008010000285265d8004700001cc963e100040258000c02580010025880b485b000aff860b9607a60bb68002b02d07b68002b01d1002318e0fb680f4a934207d1bb6802221a607b6806221a6001230ce0fb680a4a934207d1bb6802221a607b6807221a60012300e0002318461437bd465df8047b704700bf00001c0800001e0880b58ab000af786007f1140300221a605a609a60da601a610023bb6007f10c0207f1100319467868fff7b8ff0346002b04d005f019fb0346002b02d04ff0ff3320e000237b613b69bb61fb68fb6101233b6220237b6207f1080207f114031146184605f0fffb0346002b03d1bb68b3f1ff3f04d005f032fb4ff0ff3302e005f02dfb002318462837bd4680bd80b582b0984d074c
RX_HEX=54520114018100804c00000009000000aa6aaf70f43e020000480000008ca66b74
RX_FRAME type=0x8101 seq=76 length=9 payload=f43e02000048000000
WRITE offset=18176: total=147188 verified=18432 pending=0
TX_FRAME type=0x0101 seq=77 length=264
TX_HEX=54520114010100004d00000008010000b652cf1400480000c5b89ba900af786039603b68002b02d14ff0ff332be04022ff21174817f065fb154938680bf048ff05f0d8fa0346002b02d04ff0ff331ae00f4b1a467968012005f03afa0346002b09d17b6820330b4a1946012005f030fa0346002b04d005f0f7fa4ff0ff3302e005f0f2fa002318460837bd4680bd00bf0079022420790224b0b5a4b000af78602d4b07f158041d460fcd0fc40fcd0fc495e80f0084e80f00284b07f128041d460fcd0fc40fcd0fc495e80f0084e80f0007f1180207f1280107f1580318460bf0e1ff034687f88f3097f88f30002b03d097f88f30012b0ad107f1080207f11803012118460cf060f80346002b02d04ff0ff331de097f88f30002b01d1eba12b09
RX_HEX=54520114018100804d00000009000000346a05bcf43e02000049000000e9c1d7cc
RX_FRAME type=0x8101 seq=77 length=9 payload=f43e02000049000000
WRITE offset=18432: total=147188 verified=18688 pending=0
TX_FRAME type=0x0101 seq=78 length=264
TX_HEX=54520114010100004e000000080100005555409a004900006da22eea0f4b00e00d4bc7f88830d7f88800fff72fff0346002b0bd107f108031946d7f88800fff76bff0346002b01d1002301e04ff0ff3318469037bd46b0bd00001c0800001e0880b485b000af786039607b68002b02d03b68002b01d1002315e00023fb600ee0fb684ff4936202fb03f37a6813443a689a4201d13b6806e0fb680133fb60fb687f2bedd9002318461437bd465df8047b704780b584b000af78603960fbf7fcfcf86039687868fff7cbff38603b68002b07d03b681b78032b03d13b689b8a002b05d1f868fbf7ecfc6ff0fe0313e03b689b8a013b9ab23b689a823b689b8a002b05d14ff493620021386817f07afaf868fbf7d6fc002318461037bd467cbba74a
RX_HEX=54520114018100804e00000009000000d76d8a32f43e0200004a000000076e62de
RX_FRAME type=0x8101 seq=78 length=9 payload=f43e0200004a000000
WRITE offset=18688: total=147188 verified=18944 pending=0
TX_FRAME type=0x0101 seq=79 length=264
TX_HEX=54520114010100004f00000008010000cb55ea56004a00007e8d35bf80bd000080b5ecb000af07f5d873a3f5c47300221a6007f5d873a3f5c67300221a6007f5d873a3f5c87300221a6007f1200207f1240107f12803184614f02af8012014f07dfec7f8ac0107f5d873a3f5d873294a1a6007f5d873a3f5d873274a5a6007f5d873a3f5d873254a9a6007f5d873a3f5d873234ada6007f5d873a3f5d8734ff47a721a611f4bd3f8d02007f5d873a3f5d8735a6107f5d873a3f5c4731a6807f5d873a3f5c6731b68d21a07f5d873a3f5d8739a61d7f8ac3123eae3731a4607f5d873a3f5d873da613a4607f12c034ff4c0711846fdf7fcff0346002b05dd07f12c031946084813f099fd00bf07f5d877bd4680bd2cfe030840fe03088acd7d52
RX_HEX=54520114018100804f00000009000000496d20fef43e0200004b0000006209de66
RX_FRAME type=0x8101 seq=79 length=9 payload=f43e0200004b000000
WRITE offset=18944: total=147188 verified=19200 pending=0
TX_FRAME type=0x0101 seq=80 length=264
TX_HEX=545201140101000050000000080100004c7671f3004b00002e4f243248fe0308001c4e0e0044025860fe030880b500affff776ff00bf80bd80b500af0a48fef77bff0a4813f07afd074800f077ff0346002b03d0064813f071fd02e0054813f06dfd00bf80bd00bf40790224b4fe0308d0fe0308ecfe030880b483b000af786039607b68002b05d07b683a681a607b6801225a6000bf0c37bd465df8047b704780b483b000af786039607b68002b0bd07b685b68002b07d07b681b683a68d31a42f20f72934207d97b68002b02d07b6800225a60002303e07b6800225a60012318460c37bd465df8047b704780b500af084b1b68002b07d04ff0ff31064813f0f9fa0346002b02d06ff0fe0300e00023184680bd8c7a0224547a0224a2f08fef
RX_HEX=54520114018100805000000009000000ce4ebb5bf43e0200004c000000db3109fb
RX_FRAME type=0x8101 seq=80 length=9 payload=f43e0200004c000000
WRITE offset=19200: total=147188 verified=19456 pending=0
TX_FRAME type=0x0101 seq=81 length=264
TX_HEX=54520114010100005100000008010000d276db3f004c0000a11f765e80b500af044b1b68002b02d0034813f0f3fa00bf80bd00bf8c7a0224547a022480b400af074b1b68002b05d0064b1b79012b01d1012300e000231846bd465df8047b70474c7a0224047a022480b584b000af7860fff7bcff0346002b02d06ff0fe0310e00a4b1b68002b04d1fff7c8ff6ff0fe0307e0796806480ef07bfaf860fff7befffb6818461037bd4680bd00bf4c7a0224047a022480b584b000af7860fff796ff0346002b02d06ff0fe0310e00a4b1b68002b04d1fff7a2ff6ff0fe0307e0796806480ef070faf860fff798fffb6818461037bd4680bd00bf4c7a0224047a022480b584b000af78603960fff76fff0346002b02d06ff0fe0312e0fff75445b879
RX_HEX=54520114018100805100000009000000504e1197f43e0200004d000000be56b543
RX_FRAME type=0x8101 seq=81 length=9 payload=f43e0200004d000000
WRITE offset=19456: total=147188 verified=19712 pending=0
TX_FRAME type=0x0101 seq=82 length=264
TX_HEX=54520114010100005200000008010000317154b1004d0000a1d2066c8fff0346002b04d1fff77aff6ff0fe0308e03a68796805480ef0b2faf860fff76ffffb6818461037bd4680bd047a022480b584b000af7860fff74aff0346002b02d06ff0fe0311e0fff76aff0346002b04d1fff755ff6ff0fe0307e0796805480ef09efaf860fff74bfffb6818461037bd4680bd047a022480b588b002aff860b9607a603b60fff723ff0346002b02d06ff0fe0317e0fff743ff0346002b04d1fff72eff6ff0fe030de03b6a01933b6800937b68ba68f96805480ef082fa7861fff71eff7b6918461837bd4680bd00bf047a022480b582b000affff7f9fe0346002b02d06ff0fe0310e00a4b1b68002b04d1fff705ff6ff0fe0307e0064907488d9752e1
RX_HEX=54520114018100805200000009000000b3499e19f43e0200004e00000050f90051
RX_FRAME type=0x8101 seq=82 length=9 payload=f43e0200004e000000
WRITE offset=19712: total=147188 verified=19968 pending=0
TX_FRAME type=0x0101 seq=83 length=264
TX_HEX=54520114010100005300000008010000af71fe7d004e000069f7f0fb0ef04ef97860fff7fbfe7b6818460837bd4680bd4c7a0224e0790224047a022480b483b000af0346fb71fb79032b0ad0032b0adc012b02d0022b02d005e0064b04e0064b02e0064b00e0064b18460c37bd465df8047b704710ff030820ff030830ff03083cff030880b584b000af786039607b68002b02d03b68002b02d16ff0fe0319e007f1080300221946786816f0d5fef860bb687a689a4206d0bb681b78002b02d1fb68002b02d16ff0fe0303e03b68fa681a60002318461037bd4680bdf0b597b004af786039607b68022b2dd13b6804331b6886491846fcf7a3fb0346002b23d107f138031846fff7affe0346002b02d06ff0fe03f6e097f838301e4681d445f0
RX_HEX=545201140181008053000000090000002d4934d5f43e0200004f000000359ebce9
RX_FRAME type=0x8101 seq=83 length=9 payload=f43e0200004f000000
WRITE offset=19968: total=147188 verified=20224 pending=0
TX_FRAME type=0x0101 seq=84 length=264
TX_HEX=54520114010100005400000008010000b6783b77004f000081d663a97a6c396cfb6b7b48007804467948407805467848807803900295019400930b463146754813f07cfb0023dde07b68022b36d13b6804331b6870491846fcf772fb0346002b2cd107f138031846fff77efe0346002b02d06ff0fe03c5e00123fb6018e0fb6807f1100211461846fff7bafe0346002b02d06ff0fe03b5e039697a69b869fb69009303465d4813f049fbfb680133fb603a6cfb689a42e2d80023a3e07b68022b28d13b6804331b6855491846fcf738fb0346002b1ed107f124031846fff76afe0346002b02d06ff0fe038be097f824301846fff723ff0446b96af86a3b6b7a6b0192009303460a462146464813f016fb002377e07b68032b2bd13b689503c972
RX_HEX=545201140181008054000000090000003440f1dff43e02000050000000fcd9c6e1
RX_FRAME type=0x8101 seq=84 length=9 payload=f43e02000050000000
WRITE offset=20224: total=147188 verified=20480 pending=0
PROGRESS 20480/147188
TX_FRAME type=0x0101 seq=85 length=264
TX_HEX=54520114010100005500000008010000287891bb00500000d7306ff704331b6841491846fcf70cfb0346002b21d13b6808331b6807f10c0211461846fff722ff0346002b15d1fb681846fff77ffe0346002b07d0fb681946344813f0effa6ff0fe034fe0fb681946314813f0e7fa002348e07b68022b15d13b6804331b682d491846fcf7ddfa0346002b0bd111f098fe034619462848fff76ffd284813f0cefa00232fe07b68032b27d13b6804331b6820491846fcf7c4fa0346002b1dd13b6808331b681e491846fcf7bafa0346002b13d111f075fe034619461748fff760fd0346002b05d1174813f0a8fa6ff0fe0308e0fff77dfe034604e0134813f09efa6ff0fe0318464c37bd46f0bd44ff0308507a02244cff030898ff0308b06ffe2a
RX_HEX=54520114018100805500000009000000aa405b13f43e0200005100000099be7a59
RX_FRAME type=0x8101 seq=85 length=9 payload=f43e02000051000000
WRITE offset=20480: total=147188 verified=20736 pending=0
TX_FRAME type=0x0101 seq=86 length=264
TX_HEX=54520114010100005600000008010000cb7f1e35005100004c5fef97a0ff0308ccff0308d4ff03081c000408240004083c00040854000408907a02245c00040898000408a4000408d000040880b584b000af786039604ff000024ff00003c7e902237b68002b09d03b68002b06d07b681b7f83f00103dbb2002b02d04ff0ff3337e07b685b7f002b0dd07b681b687a68916907f10802104698470346002b02d04ff0ff3325e07b685a7f3b681a707b689a7f3b685a707b685b7f002b02d0d7e9022303e04ff000024ff000033968c1e902237b681a6a3b681a617b685b697a6892691046984702460b463968c1e90623002318461037bd4680bd000080b584b000aff860c7e90023fb68002b06d0fb681b7f83f00103dbb2002b02d024c1637e
RX_HEX=545201140181008056000000090000004947d49df43e020000520000007711cf4b
RX_FRAME type=0x8101 seq=86 length=9 payload=f43e02000052000000
WRITE offset=20736: total=147188 verified=20992 pending=0
TX_FRAME type=0x0101 seq=87 length=264
TX_HEX=54520114010100005700000008010000557fb4f900520000643412664ff0ff332be0fb685b68fa689269d7e9000198470346002b02d04ff0ff331ee0fb681b69fa68926911460f4898470346002b08d0fb6800225a77fb6801229a774ff0ff330be0fb6801225a77fb6801229a77fb681b6a5a1cfb681a62002318461037bd4680bd00bf454d495480b59eb000af786039603b687b677b6f002b09d07b6f03f58053d3f8b030002b02d07b68002b02d14ff0ff3327e07b6f03f58053d3f8b03007f1180211461846fef7cbfb3a7e7b681a7007f108031846fff7c6fc0346002b04d13b7a012b01d1012200e000227b685a70ba6c7b685a60fa6d7b689a603a6e7b68da60002318467837bd4680bd80b58eb000aff860b9607a607b6857d44f15
RX_HEX=54520114018100805700000009000000d7477e51f43e02000053000000127673f3
RX_FRAME type=0x8101 seq=87 length=9 payload=f43e02000053000000
WRITE offset=20992: total=147188 verified=21248 pending=0
TX_FRAME type=0x0101 seq=88 length=264
TX_HEX=54520114010100005800000008010000f96d94200053000042a1d2e17b637b6b002b20d07b6b03f58053d3f8b430002b19d0fb68002b16d0bb68002b13d07b6b03f58053d3f8b43007f1100211461846fff7fcfe0346002b05d13b7c83f00103dbb2002b02d04ff0ff3308e0d7e90623f968c1e900233a6abb681a60002318463837bd4680bd80b58eb000afc7e902017a603b603b687b637b6b002b24d07b6b03f58053d3f8b430002b1dd07b68002b1ad07b6b03f58053d3f8b410d7e902230846fff71bff0346002b0dd17b6b03f58053d3f8b43007f1100211461846fff7b5fe0346002b02d04ff0ff3303e03a6a7b681a60002318463837bd4680bd80b58ab000aff860b9607a60bb68002b08d007f114031946f868fff772fcd822744d
RX_HEX=545201140181008058000000090000007b555e88f43e02000054000000ab4ea46e
RX_FRAME type=0x8101 seq=88 length=9 payload=f43e02000054000000
WRITE offset=21248: total=147188 verified=21504 pending=0
TX_FRAME type=0x0101 seq=89 length=264
TX_HEX=54520114010100005900000008010000676d3eec0054000046718e4f0346002b02d04ff0ff3309e07a69bb681a603a6abb685a607a6abb689a60002318462837bd4680bd80b58ab000aff8607a601a460b467b8113463b8100237b847b68002b0dd03b6b002b0ad07b6b002b07d007f110031846fff7f8fb0346002b02d04ff0ff3340e0fb6801337b6218e07a8c13465b0013449b001a467b68134400221946786afff7acff0346002b02d04ff0ff3329e07b8c01337b847b6a01337b62bb697a6a9a4207d27a8c7b899a4203d27a8c3b899a42dad33b6b7a8c1a80bb697a6a9a420cd27b8c002b09d07a8c13465b0013449b000c3b7a6813441b6800e000237a6b1360002318462837bd4680bd80b586b002aff860b9607a603b60e225c6a1
RX_HEX=54520114018100805900000009000000e555f444f43e02000055000000ce2918d6
RX_FRAME type=0x8101 seq=89 length=9 payload=f43e02000055000000
WRITE offset=21504: total=147188 verified=21760 pending=0
TX_FRAME type=0x0101 seq=90 length=264
TX_HEX=54520114010100005a00000008010000846ab16200550000cb0b7c6cbb6900933b687a68b968f868fff734fc0346002b01d1002301e04ff0ff3318461037bd4680bd80b586b000af7860396007f10c0319467868fef74cfcfa683b681a603a693b685a603a7d3b681a7200bf1837bd4680bd80b586b000aff860b9607a607b687b617b69002b11d07b6903f5405393f80431002b0ad07a6941f2b8031344f9681846fef7c2fa0346002b02d04ff0ff3308e07a6941f2b8031344b9681846fff7c0ff002318461837bd4680bd80b588b002aff860b9607a603b607b6a7b617b69002b14d07b6903f5405393f80431002b0dd07b6941f2b80018443b6800937b68ba68f968fef7cafa0346002b02d04ff0ff3308e07a6941f2b8031344f2d99104
RX_HEX=54520114018100805a0000000900000006527bcaf43e020000560000002086adc4
RX_FRAME type=0x8101 seq=90 length=9 payload=f43e02000056000000
WRITE offset=21760: total=147188 verified=22016 pending=0
TX_FRAME type=0x0101 seq=91 length=264
TX_HEX=54520114010100005b000000080100001a6a1bae005600003f23f3b2396a1846fff78fff002318461837bd4680bd80b584b000af786039603b68fb60fb68002b06d0fb6803f5405393f80431002b02d14ff0ff3308e0fa6841f2b803134479681846fff76eff002318461037bd4680bd80b584b000af786039603b68fb60fb68002b10d0fb6803f5405393f80431002b09d0fa6841f2b80313441846fef7cafb0346002b02d04ff0ff3308e0fa6841f2b803134479681846fff743ff002318461037bd4680bd80b584b000af78607b68fb60fb68002b12d0fb6803f5405393f80431002b0bd0fa6841f2b80313441846fef7b0fc0346002b01d1002301e04ff0ff3318461037bd4680bd90b589b004af786039603b68fb600023bb60420d30f7
RX_HEX=54520114018100805b000000090000009852d106f43e0200005700000045e1117c
RX_FRAME type=0x8101 seq=91 length=9 payload=f43e02000057000000
WRITE offset=22016: total=147188 verified=22272 pending=0
TX_FRAME type=0x0101 seq=92 length=264
TX_HEX=54520114010100005c000000080100000363dea4005700006b9fdc31fb68002b4ad0fb6803f58053d3f8dc30002b43d0f868fb6841f2e4021a44f96842f2e4030b4407f10801029141f21801019100934ff4805379680cf0ebfa0346002b2bd1fb6803f58053d3f8dc40fa6842f2e4031344b968fa6802f58052d2f8e0201846a0470346002b0bd1fb6803f54053d3f8fc300133fa6802f54052c2f8fc300ce0fb6803f54053d3f800310133fa6802f54052c2f8003100e000bf1437bd4690bdb0b58ab000aff860b9607a603b60484b07f110041d460fcd0fc495e8030084e80300fb68002b7ed043f208120021f86816f087fbfb6803f580531a467b68c2f8b030fb6803f580531a463b68c2f8b430fb6803f580531a46bb6bc2f8d51b401a
RX_HEX=54520114018100805c00000009000000815b140cf43e0200005800000013f17224
RX_FRAME type=0x8101 seq=92 length=9 payload=f43e02000058000000
WRITE offset=22272: total=147188 verified=22528 pending=0
TX_FRAME type=0x0101 seq=93 length=264
TX_HEX=54520114010100005d000000080100009d63746800580000432997e0dc30fb6803f580531a46fb6bc2f8e030fb68314a03f1340415460fcd0fc40fcd0fc495e80f0084e80f00fef73bfd0346002b10d0fa6841f2b803134407f1100211461846fef741f9fb6803f54053012283f804210ee0fb6800221a65fb6800225a65fb6800229a65fb680022da65fb6800221a663b68002b05d1fb6800229a63fb680022da63fb68643318460cf006fdf868fb683433fa6819460cf0ddf9bb68002b04d0fb68b96818460cf017fafb6803f5405393f80431002b07d0fb689b6a43f02002fb689a6200e000bf2837bd46b0bd00bf1c0104087828040880b586b002aff860b9607a60fb68002b09d0fb6803f16400fb680093044b7a68b9680cf0cfc6481a
RX_HEX=54520114018100805d000000090000001f5bbec0f43e020000590000007696ce9c
RX_FRAME type=0x8101 seq=93 length=9 payload=f43e02000059000000
WRITE offset=22528: total=147188 verified=22784 pending=0
TX_FRAME type=0x0101 seq=94 length=264
TX_HEX=54520114010100005e000000080100007e64fbe6005900008851734be3fc00bf1037bd4680bd00bf2b56020880b582b000af78607b68002b04d07b68643318460cf0c6fd00bf0837bd4680bd80b586b000aff860b9607a607b687b617b69002b03d07b691b68002b02d14ff0ff330ee07b691868bb68fa6800210df06bfe0246bb689a4201d1002301e04ff0ff3318461837bd4680bd000080b582b000af78603960044811f084ff034618460837bd4680bd00bf9c7a022480b584b000af78607b6818687b6843f238121a444ff4807300210df0fbfd0346fb60fb68002b0ad07b6803f130007a6843f238131344fa681946fff781fffb68b3f5807fe0d000bf00bf1037bd4680bd80b584b000af78607b68fb60fb6804334ff47a7100a2ee1d
RX_HEX=54520114018100805e00000009000000fc5c314ef43e0200005a00000098397b8e
RX_FRAME type=0x8101 seq=94 length=9 payload=f43e0200005a000000
WRITE offset=22784: total=147188 verified=23040 pending=0
TX_FRAME type=0x0101 seq=95 length=264
TX_HEX=54520114010100005f00000008010000e064512a005a0000f8ae6d77184611f037ff0346002b03d1f868fff7c5fff1e7fb6830331846fff779ffebe780b586b002af78603d4b1b68002b01d0002370e03b480df0b4fc03463a4a1360394b1b68002b02d16ff0570363e0002300223649364811f0abfdf860fb68002b01d0fb6857e0304b1b6840f2031118460df0a4fcf860fb68002b04d02c4811f0d9fdfb6847e0284b1b682a4918460df017fef860fb68002b09d0234b1b6818460df038fd224811f0c5fdfb6833e01e4b0193214b009300237a6820492048fff771fe0a230193122300934ff48063164a1c49164815f0a0f8b860bb68002b10d1114b1b68002118460df0eafd0e4b1b6818460df00ffd0e4811f09cfd6ff00b03a0adfca7
RX_HEX=54520114018100805f00000009000000625c9b82f43e0200005b000000fd5ec736
RX_FRAME type=0x8101 seq=95 length=9 payload=f43e0200005b000000
WRITE offset=23040: total=147188 verified=23296 pending=0
TX_FRAME type=0x0101 seq=96 length=264
TX_HEX=545201140101000060000000080100003125bc76005b0000884a13a909e0074b01221a60b86814f0bdff084811f0c0fe002318461037bd4680bd00bfd0ac022434010408987a02243c0104089c7a0224b95802086d580208a8280408c87a02242959020880b400afbff34f8f00bfbff36f8f00bf0d4b0022c3f85022bff34f8f00bfbff36f8f00bf084b5b69074a43f400335361bff34f8f00bfbff36f8f00bf00bfbd465df8047b704700bf00ed00e080b485b000af1f4b0022c3f88420bff34f8f00bf1b4bd3f880307b607b685b0bc3f30e03fb607b68db08c3f30903bb60fb685a0143f6e0731340ba68920711491343c1f86032bb685a1eba60002befd1fb685a1efa60002be5d1bff34f8f00bf084b5b69074a43f480335361d84c7a25
RX_HEX=54520114018100806000000009000000b31d76def43e0200005c000000446610ab
RX_FRAME type=0x8101 seq=96 length=9 payload=f43e0200005c000000
WRITE offset=23296: total=147188 verified=23552 pending=0
TX_FRAME type=0x0101 seq=97 length=264
TX_HEX=54520114010100006100000008010000af2516ba005c0000df269115bff34f8f00bfbff36f8f00bf00bf1437bd465df8047b704700ed00e080b5ceb000af07f1ec034c220021184616f05bf907f1cc0320220021184616f054f907f59c73a3f598731846c0231a46002116f04af9022004f036fe07f59c73a3f59a7300221a60564b9b69554a43f440439361534b9b6903f4404207f59c73a3f59a731a60504bdb6a4f4a43f00103d3624d4bdb6a03f0010207f59c73a3f59a731a6007f59c73a3f59a731b6800bf444b9b6903f40053b3f5005ff8d10123c7f8ec304ff48033c7f8f0300223c7f810310223c7f814310523c7f818316023c7f81c310223c7f820310223c7f824310223c7f828310823c7f82c310023c7f830310023774e0d7c
RX_HEX=545201140181008061000000090000002d1ddc12f43e0200005d0000002101ac13
RX_FRAME type=0x8101 seq=97 length=9 payload=f43e0200005d000000
WRITE offset=23552: total=147188 verified=23808 pending=0
TX_FRAME type=0x0101 seq=98 length=264
TX_HEX=545201140101000062000000080100004c229934005d00006f7ead8ac7f8343107f1ec03184605f069fa0346002b03d031212c4801f0a4fa3f23c7f8cc300323c7f8d0300023c7f8d4300023c7f8d8304023c7f8dc304023c7f8e0304ff48063c7f8e4304023c7f8e83007f1cc030421184605f09dfe0346002b03d04021194801f07efa07f59c73a3f598714ff003024ff00003c1e9002307f59c73a3f598730022da6707f59c73a3f5987300229a6707f10803184606f007fa0346002b03d04921084801f05cfafff7ccfefff7f0fe00bf07f59c77bd4680bd00bf00480258000400584401040880b500af12f024fb034802f097fe12f033fb00bf80bd00bfd4ac022480b500af12f016fb034802f089fe12f025fb00bf80bd00bfeecf3e12
RX_HEX=54520114018100806200000009000000ce1a539cf43e0200005e000000cfae1901
RX_FRAME type=0x8101 seq=98 length=9 payload=f43e0200005e000000
WRITE offset=23808: total=147188 verified=24064 pending=0
TX_FRAME type=0x0101 seq=99 length=264
TX_HEX=54520114010100006300000008010000d22233f8005e0000dc93fd694cad022480b586b000af254bd3f8f430234a43f00203c2f8f430214bd3f8f43003f002037b607b681d4bd3f8dc301c4a43f00053c2f8dc30194bd3f8dc3003f000533b603b6801f019fe07f1080300221a605a609a60da6001233b7200237b724ff04053fb6010233b7400237b740023bb740323fb7401233b7501237b750023bb750023fb7507f10803184601f02efe042001f00bfe00bf1837bd4680bd00bf0044025880b58cb000af786007f11c0300221a605a609a60da601a617b681b68344a93422fd1344bd3f8f030324a43f01003c2f8f030304bd3f8f03003f01003bb61bb692c4bd3f8e0302b4a43f00103c2f8e030284bd3f8e03003f001037b61e71be02f
RX_HEX=54520114018100806300000009000000501af950f43e0200005f000000aac9a5b9
RX_FRAME type=0x8101 seq=99 length=9 payload=f43e0200005f000000
WRITE offset=24064: total=147188 verified=24320 pending=0
TX_FRAME type=0x0101 seq=100 length=264
TX_HEX=54520114010100006400000008010000cb2bf6f2005f0000b0b1c25d7b694ff4c063fb6102233b6200237b620023bb620723fb6207f11c0319461f4804f0caf933e07b681b681d4a93422ed1194bd3f8e830184a43f48023c2f8e830154bd3f8e83003f480233b613b69124bd3f8e030104a43f00803c2f8e0300e4bd3f8e03003f00803fb60fb684ff44073fb6102233b6200237b620023bb620723fb6207f11c031946064804f095f93037bd4680bd00100140004402580000025800480040000c025880b582b000af78607b681b68124a93420dd1124bd3f8f030104a23f01003c2f8f0304ff4c0610e4804f022fb11e07b681b680c4a93420cd1084bd3f8e830074a23f48023c2f8e8304ff44071064804f00ffb0837bd4680bddfc93895
RX_HEX=5452011401810080640000000900000049133c5af43e020000600000005d21ed11
RX_FRAME type=0x8101 seq=100 length=9 payload=f43e02000060000000
WRITE offset=24320: total=147188 verified=24576 pending=0
PROGRESS 24576/147188
TX_FRAME type=0x0101 seq=101 length=264
TX_HEX=54520114010100006500000008010000552b5c3e00600000209f0b7a00100140004402580000025800480040000c025880b588b000af786000237b610023fb617868fbf71ffb03463b613b69032b3cdd3b69052b39dc7b681b78502b37d17b6802331b782e2b32d17b6801331b78402b2fd97b6801331b785a2b2ad87b6801331b78413bfb600323bb6110e0fa6913469b0013445b00fb61bb697a6813441b78303bfa691344fb61bb690133bb61ba693b699a42eadbfb681b01dab2fb6903f00f0313437b617b6909e000bf02e000bf00e000bf044812f0b1fa6ff0150318462037bd4680bd00bf6001040880b586b000aff860b9601346fb71bb681b11dbb203f00f030a2b16d8bb681b11dbb203f00f020b4b13449b027b61bb68b3aa4d14
RX_HEX=54520114018100806500000009000000d7139696f43e02000061000000384651a9
RX_FRAME type=0x8101 seq=101 length=9 payload=f43e02000061000000
WRITE offset=24576: total=147188 verified=24832 pending=0
TX_FRAME type=0x0101 seq=102 length=264
TX_HEX=54520114010100006600000008010000b62cd3b0006100002d1856cbdbb203f00f03012202fa03f37b82fa797b8a1946786904f0a1fb00bf1837bd4680bd00bf8000160080b586b000af786039600023fb753b681b11dbb203f00f030a2b1ed83b681b11dbb203f00f02104b13449b023b613b68dbb203f00f03012202fa03f3fb81fb891946386904f05efb0346fb75fb7d002b14bf01230023dbb201e06ff0150318461837bd4680bd00bf8000160080b58ab000aff860b9601346fb71bb681b11dbb203f00f030a2b43d8bb68dbb203f00f03012202fa03f39bb27b610123bb6102233b62fb79002b04d10123bb610023fb611ee0fb79012b04d10023bb610023fb6116e0fb79022b04d10023bb610123fb610ee0fb79032b04d11fbd8a6f
RX_HEX=5452011401810080660000000900000034141918f43e02000062000000d6e9e4bb
RX_FRAME type=0x8101 seq=102 length=9 payload=f43e02000062000000
WRITE offset=24832: total=147188 verified=25088 pending=0
TX_FRAME type=0x0101 seq=103 length=264
TX_HEX=54520114010100006700000008010000282c797c00620000252ccb300023bb610223fb6106e0fb79042b03d11123bb610023fb61bb681b11dbb203f00f02074b13449b021a4607f114031946104604f041f800e000bf2837bd4680bd8000160080b485b000af78600023fb600be00122fb6802fa03f37a689a4201d1fb6807e0fb680133fb60fb681f2bf0dd4ff0ff3318461437bd465df8047b704780b584b000af78607868fff7dbfff860fb68002b02dbfb680f2b01dd002303e0fb689b00024a134418461037bd4680bd0c29040880b586b000aff860b9603b601346fb714ff0ff337b61bb681b11dbb203f00f030a2b02d96ff057036ce0bb68dbb203f00f03012202fa03f39bb21846fff7a8ff78617b69002b02db7b690f2b809d3ff7
RX_HEX=54520114018100806700000009000000aa14b3d4f43e02000063000000b38e5803
RX_FRAME type=0x8101 seq=103 length=9 payload=f43e02000063000000
WRITE offset=25088: total=147188 verified=25344 pending=0
TX_FRAME type=0x0101 seq=104 length=264
TX_HEX=54520114010100006800000008010000843e59a500630000c557b60402dd6ff0570357e0faf748f838612c4a7b691b0113441b68ba689a421fd1284a7b691b01134408331b683a689a4216d1234a7b691b01134404331b78fa799a420dd11f4a7b691b0113440c331b683a6a9a4204d13869faf725f800232ce0184a7b691b0113441b68b3f1ff3f05d03869faf718f86ff00f031ee0114a7b691b011344ba681a600e4a7b691b01134408333a681a600a4a7b691b0113440433fa791a70074a7b691b0113440c333a6a1a603869f9f7f7ff002318461837bd4680bd7800002480b584b000af786039604ff0ff33fb603b681b11dbb203f00f030a2b02d96ff0570344e03b68dbb203f00f03012202fa03f39bb21846fff723fff860d609a578
RX_HEX=545201140181008068000000090000000606930df43e020000640000000ab68f9e
RX_FRAME type=0x8101 seq=104 length=9 payload=f43e02000064000000
WRITE offset=25344: total=147188 verified=25600 pending=0
TX_FRAME type=0x0101 seq=105 length=264
TX_HEX=545201140101000069000000080100001a3ef36900640000c547b9b7fb68002b02dbfb680f2b02dd6ff057032fe0f9f7c3ffb860184afb681b0113441b68b3f1ff3f04d1b868f9f7bbff00231fe0124afb681b0113444ff0ff321a600e4afb681b011344083300221a600b4afb681b011344043300221a70074afb681b0113440c3300221a60b868f9f79aff002318461037bd4680bd00bf7800002480b58cb000aff860b9601346fb714ff0ff33fb62bb681b11dbb203f00f030a2b02d96ff05703fbe0fb79012b40f0888007f1100300221a605a609a60da601a61bb68dbb203f00f03012202fa03f39bb21846fff7b7fef862fb6a002b02dbfb6a0f2b02dd6ff05703dae0f9f757ff78626d4afb6a1b0113441b68b3f1ff3f05d12fb997a8
RX_HEX=54520114018100806900000009000000980639c1f43e020000650000006fd13326
RX_FRAME type=0x8101 seq=105 length=9 payload=f43e02000065000000
WRITE offset=25600: total=147188 verified=25856 pending=0
TX_FRAME type=0x0101 seq=106 length=264
TX_HEX=54520114010100006a00000008010000f9397ce7006500004555e8c1786af9f74fff6ff05703c9e0fb6a9b00664a1344bb62bb68dbb203f00f03012202fa03f39bb23b610223fb615e4afb6a1b01134404331b78022b12d0022b16dc002b02d0012b06d011e00223bb614ff488137b610be00123bb614ff404137b6105e00023bb614ff444137b6100bfbb681b11dbb203f00f024d4b13449b021a4607f110031946104603f096febb6ab3f9023000220521184601f02dfabb6ab3f90230184601f041fabb6a1b881a46414b1b6813433f4a1360786af9f7f3fe6ee0fb79002b68d1bb68dbb203f00f03012202fa03f39bb21846fff752feb862bb6a002b02d16ff057035ae0f9f7d7fe7862bb681b11dbb203f00f022d4b13449b0258d93681
RX_HEX=54520114018100806a000000090000007b01b64ff43e02000066000000817e8634
RX_FRAME type=0x8101 seq=106 length=9 payload=f43e02000066000000
WRITE offset=25856: total=147188 verified=26112 pending=0
TX_FRAME type=0x0101 seq=107 length=264
TX_HEX=54520114010100006b000000080100006739d62b0066000013af44ec1846bb68dbb203f00f03012202fa03f39bb2194604f000f8bb6a1b88db431a46244b1b681340234a1360bb6a1b881f2b11d9bb6a1b88b3f5007f0cd81d4b1b6803f47873002b23d1bb6ab3f90230184601f0f9f91ce0bb6a1b88b3f5806f11d3bb6a1b88b3f5004f0cd8124b1b6803f47c43002b0cd1bb6ab3f90230184601f0e2f905e0bb6ab3f90230184601f0dbf9786af9f787fe02e06ff0570300e0002318463037bd4680bd780000240c29040880001600c4ad022480b582b000af78600c4a7b681b01134408331b68002b0dd0084a7b681b01134408331b6805497a6812010a440c3212681046984700bf0837bd4680bd7800002480b582b000af03467687c9d2
RX_HEX=54520114018100806b00000009000000e5011c83f43e02000067000000e4193a8c
RX_FRAME type=0x8101 seq=107 length=9 payload=f43e02000067000000
WRITE offset=26112: total=147188 verified=26368 pending=0
TX_FRAME type=0x0101 seq=108 length=264
TX_HEX=54520114010100006c000000080100007e30132100670000947449b8fb80fb881846fff79dfd03461846fff7d3ff00bf0837bd4680bd80b500af11f07dfe012004f0b3f811f08cfe00bf80bd80b500af11f072fe022004f0a8f811f081fe00bf80bd80b500af11f067fe042004f09df811f076fe00bf80bd80b500af11f05cfe082004f092f811f06bfe00bf80bd80b500af11f051fe102004f087f811f060fe00bf80bd80b500af11f046fe202004f07cf8402004f079f8802004f076f84ff4807004f072f84ff4007004f06ef811f047fe00bf80bd80b500af11f02dfe4ff4806004f062f84ff4006004f05ef84ff4805004f05af84ff4005004f056f84ff4804004f052f84ff4004004f04ef811f027fe00bf80bd000080b58cb0a432de49
RX_HEX=54520114018100806c00000009000000fc08d989f43e02000068000000b20959d4
RX_FRAME type=0x8101 seq=108 length=9 payload=f43e02000068000000
WRITE offset=26368: total=147188 verified=26624 pending=0
TX_FRAME type=0x0101 seq=109 length=264
TX_HEX=54520114010100006d00000008010000e030b9ed0068000042b8f88e00af574bd3f8e030554a43f00103c2f8e030534bd3f8e03003f00103fb62fb6a4f4bd3f8e0304e4a43f00203c2f8e0304b4bd3f8e03003f00203bb62bb6a484bd3f8e030464a43f00403c2f8e030444bd3f8e03003f004037b627b6a404bd3f8e0303f4a43f00803c2f8e0303c4bd3f8e03003f008033b623b6a394bd3f8e030374a43f01003c2f8e030354bd3f8e03003f01003fb61fb69314bd3f8e030304a43f02003c2f8e0302d4bd3f8e03003f02003bb61bb692a4bd3f8e030284a43f04003c2f8e030264bd3f8e03003f040037b617b69224bd3f8e030214a43f08003c2f8e0301e4bd3f8e03003f080033b613b691b4bd3f8e030194a43f48073c2f88feb7e68
RX_HEX=54520114018100806d0000000900000062087345f43e02000069000000d76ee56c
RX_FRAME type=0x8101 seq=109 length=9 payload=f43e02000069000000
WRITE offset=26624: total=147188 verified=26880 pending=0
TX_FRAME type=0x0101 seq=110 length=264
TX_HEX=54520114010100006e000000080100000337366300690000399f0d90e030174bd3f8e03003f48073fb60fb68134bd3f8e030124a43f40073c2f8e0300f4bd3f8e03003f40073bb60bb680c4bd3f8e0300a4a43f48063c2f8e030084bd3f8e03003f480637b607b680022054905480df0b5f8034618463037bd4680bd004402584c2904088001040880b483b000af0346fb80b7f90630002b12dbfb8803f01f020a49b7f906305b09012000fa02f2203341f82320bff34f8f00bfbff36f8f00bf00bf0c37bd465df8047b704700e100e080b485b000af78603960ff23fb607b68002b08d13b68002b02d1ff23fb601fe07f23fb601ce07b68b3f5805f09d13b68002b03d140f2ff13fb6011e0ff23fb600ee07b68b3f1805f08d13b6833406467
RX_HEX=54520114018100806e00000009000000810ffccbf43e0200006a00000039c1507e
RX_FRAME type=0x8101 seq=110 length=9 payload=f43e0200006a000000
WRITE offset=26880: total=147188 verified=27136 pending=0
TX_FRAME type=0x0101 seq=111 length=264
TX_HEX=54520114010100006f000000080100009d379caf006a0000ba7c2243002b02d17f23fb6004e03f23fb6001e00023fb60fb6818461437bd465df8047b7047000080b584b000af786039607b68002b04d197225f495f4812f041f83b68002b04d198225b495c4812f039f87b68a43bfb60fb68d3f894305a68fb681a603b681a68fb685a60fb680c225a613b681b68534a934202d94ff4004200e00022fb68da613b68db79c3f38003dbb2002b02d0012b04d008e0fb6800229a6108e0fb684ff440729a6103e0fb6800229a6100bf3b681b79c3f30303dbb2082b02d0092b17d01be03b681b7923f03f03dbb2402b06d03b681b7923f03f03dbb2802b04d1fb684ff480529a600ce0fb6800229a6008e0fb684ff480529a6003e0fb68c58a63f3
RX_HEX=54520114018100806f000000090000001f0f5607f43e0200006b0000005ca6ecc6
RX_FRAME type=0x8101 seq=111 length=9 payload=f43e0200006b000000
WRITE offset=27136: total=147188 verified=27392 pending=0
TX_FRAME type=0x0101 seq=112 length=264
TX_HEX=545201140101000070000000080100001a14070a006b0000ce5f759200229a6000bf3b681b79c3f30113dbb2002b02d0012b04d008e0fb680022da6008e0fb684ff40052da6003e0fb680022da6000bf3b681b79c3f38113dbb2022b0fd0022b12dc002b02d0012b04d00de0fb6800221a610de0fb684ff4c0621a6108e0fb684ff480621a6103e0fb6800221a6100bffb68184607f044f90346002b02d06ff0fe0311e0fb689a68fb681b6919461046fff70eff0246fb68c3f89820fb684ff4fa62c3f89c20002318461037bd4680bd8029040894010408a8010408404b4c0080b588b000aff860b9607a60fb68002b04d1f4225449554811f070fffb68a43bfb61bb68043b1c2b00f2918001a252f823f000bf196c02084f6c02084dc8d035
RX_HEX=54520114018100807000000009000000982ccda2f43e0200006c000000e59e3b5b
RX_FRAME type=0x8101 seq=112 length=9 payload=f43e0200006c000000
WRITE offset=27392: total=147188 verified=27648 pending=0
TX_FRAME type=0x0101 seq=113 length=264
TX_HEX=545201140101000071000000080100008414adc6006c000097ffeacdd76b0208a96b02084f6c02084f6c02084f6c02084f6c02084f6c02084f6c02084f6c02084f6c02084f6c02084f6c02084f6c02084f6c02084f6c02084f6c02084f6c02084f6c02084f6c02084f6c02084f6c02084f6c02084f6c02084f6c02084f6c02084f6c0208356c0208fb69d3f89430b3f908301846fff778fe7b687b617b69b3f5807f46d1fb691b681a68fb691b6822f020021a603de0fb69d3f89430b3f9083000220121184600f0a4fefb69d3f89430b3f90830184600f0b6fe7b683b613b69b3f5807f27d1fb691b681a68fb691b6842f020021a601ee0fb69184607f0e0f80346002b19d040f23b120f49104811f0e5fe12e07b68bb61bb69002b352cf523
RX_HEX=54520114018100807100000009000000062c676ef43e0200006d00000080f987e3
RX_FRAME type=0x8101 seq=113 length=9 payload=f43e0200006d000000
WRITE offset=27648: total=147188 verified=27904 pending=0
TX_FRAME type=0x0101 seq=114 length=264
TX_HEX=5452011401010000720000000801000067132248006d0000b18bf5f604d0fb69ba69c3f89c2009e06ff0fe0307e000bf04e000bf02e000bf00e000bf002318462037bd4680bd00bf9029040894010408b801040880b584b000af78600b46fb707b68002b05d140f257121649164811f0b5fe7b68a43bbb60bb68d3f89c30fb60bb681b6840221a62bb681b68fa789a6200bfbb681b68db6903f04003402b05d0fb68013bfb60fb68002bf2d1fb68002b01d0012301e04ff0ff3318461037bd4680bd00bfa02904089401040880b584b000af78607b68002b05d14ff4b6720f490f4811f07bfe7b68a43bbb604ff0ff33fb60bb681b68db6903f02003202b07d1bb681b685a6abb68d3f898301340fb60fb6818461037bd4680bd00bf1409b84b
RX_HEX=54520114018100807200000009000000e52be8e0f43e0200006e0000006e5632f1
RX_FRAME type=0x8101 seq=114 length=9 payload=f43e0200006e000000
WRITE offset=27904: total=147188 verified=28160 pending=0
TX_FRAME type=0x0101 seq=115 length=264
TX_HEX=54520114010100007300000008010000f9138884006e000042f876cbac2904089401040880b586b000aff860b9607a603b60fb68002b05d140f281121549164811f04cfebb68002b05d14ff4c1721149124811f043fefb68a43b7b617b68002b01d1002311e03b68022b0dd17b697a6892b2b968184607f063f80346002b01d17b6802e0002300e0002318461837bd4680bd00bfb829040894010408bc01040880b584b000af78607b68002b05d14ff4e8724c494c4811f011fe7b68a43bfb60fb681b68db6903f02003202b0bd1fb681b681b6803f02003002b04d0012178680df046fd79e0fb681b68db6903f04003402b22d1fb681b681b6803f04003002b1bd07b689b8b03f40063002b04d0fb68184607f095f80be0fb681b68be26cad4
RX_HEX=545201140181008073000000090000007b2b422cf43e0200006f0000000b318e49
RX_FRAME type=0x8101 seq=115 length=9 payload=f43e0200006f000000
WRITE offset=28160: total=147188 verified=28416 pending=0
TX_FRAME type=0x0101 seq=116 length=264
TX_HEX=54520114010100007400000008010000e01a4d8e006f0000cfee7be71a68fb681b6822f040021a60022178680df020fdfb681b6840221a624fe0fb681b68db6903f00803082b03d1fb681b6808221a62fb681b68db6903f00403042b03d1fb681b6804221a62fb681b68db6903f00203022b03d1fb681b6802221a62fb681b68db6903f00103012b03d1fb681b6801221a62fb681b68db6903f48063b3f5806f04d1fb681b684ff480621a62fb681b68db6903f08003802b03d1fb681b6880221a62fb681b68db6903f02003202b04d1fb681b6820221a62ffe700bf1037bd4680bd00bfcc2904089401040880b500af11f022fa0348fff753ff11f031fa00bf80bd00bf6cae022480b500af11f014fa0348fff745ff11f023fa00bf26bc3626
RX_HEX=5452011401810080740000000900000062228726f43e02000070000000c276f441
RX_FRAME type=0x8101 seq=116 length=9 payload=f43e02000070000000
WRITE offset=28416: total=147188 verified=28672 pending=0
PROGRESS 28672/147188
TX_FRAME type=0x0101 seq=117 length=264
TX_HEX=545201140101000075000000080100007e1ae74200700000f0c3356080bd00bf7caf022480b400af064b0022a3f8a020044b0022a3f8b02100bfbd465df8047b704700bfc8ad022490b585b000af374a3b4692e8030083e803000023fb60fff7e1ff0023bb6058e0ba6813469b0013449b002f4a99182f48ba6813461b0113441b010344943319602a49ba6813461b0113441b010b44ec33274a1a602549ba6813461b0113441b010b44f0331a463b4693e8030082e80300ba6813461b0113441b01a0331b4a1344181d1a49ba6813461b0113441b010b4494331b681968154cba6813461b0113441b012344a0331a8840f2035313439bb21a4600230df0e6fbf860fb68002b05d040f204520b490c4811f0e4fcbb680133bb60bb684a73fc83
RX_HEX=54520114018100807500000009000000fc222deaf43e02000071000000a71148f9
RX_FRAME type=0x8101 seq=117 length=9 payload=f43e02000071000000
WRITE offset=28672: total=147188 verified=28928 pending=0
TX_FRAME type=0x0101 seq=118 length=264
TX_HEX=545201140101000076000000080100009d1d68cc00710000cd5670d6012ba3d9fb6818461437bd4690bd00bfe001040878010024c8ad02246c290408d8290408cc01040880b483b000af03463960fb80b7f90630002b0adb3b68dab20c49b7f906301201d2b20b4483f800230ae03b68dab20849fb8803f00f03043b1201d2b20b441a7600bf0c37bd465df8047b704700e100e000ed00e080b582b000af03463960fb71f9f7e4ff00bf0837bd4680bd80b500af00f064f90c4b1b680c4aa2fb03239b09184600f05afcff214ff0ff30fff7b8ff074b01221a60064b1b68002b02d1044b01221a6000bf80bda4010024d34d6210a001002480b500af11f01cf9064b1b6803f48033002b01d000f01af80ff0e0fd11f024f900bf80bde912c0d9
RX_HEX=545201140181008076000000090000001f25a264f43e0200007200000049befdeb
RX_FRAME type=0x8101 seq=118 length=9 payload=f43e02000072000000
WRITE offset=28928: total=147188 verified=29184 pending=0
TX_FRAME type=0x0101 seq=119 length=264
TX_HEX=54520114010100007700000008010000031dc20000720000242852a510e000e080b500af054b1b6803f48033002b01d000f008f8024b1b68184680bd10e000e0e8af022480b400af054b1a68054b1b681344034a136000bfbd465df8047b7047e8af0224a001002480b582b000af7860fff79eff002318460837bd4680bd000080b582b000af78603960064811f0d6f93a687968044811f0d1f9044811f0cef9fee700bfe8010408000204082002040880b500af00f066fafef7befc0749084811f04efbfff7a8fafff7befe054811f05ff90ff0c5fd00bf80bd00bf00000824a8bd022428020408dff838d000f042fa00f026f80c480d490d4a002302e0d458c4500433c4188c42f9d30a4a0a4c002301e013600432a242fbd3f9f73afc78d8
RX_HEX=54520114018100807700000009000000812508a8f43e020000730000002cd94153
RX_FRAME type=0x8101 seq=119 length=9 payload=f43e02000073000000
WRITE offset=29184: total=147188 verified=29440 pending=0
TX_FRAME type=0x0101 seq=120 length=264
TX_HEX=54520114010100007800000008010000af0fe2d900730000e2713acf51fb0ff0d3fd70470016002400000024fc0500243438040800160024a8bd0224fee7000080b400af434bd3f88830424a43f47003c2f88830404b1b6803f00f03062b07d83d4b1b6823f00f033b4a43f0070313603a4b1b68394a43f001031360374b00221a61364b1a683549354b13400b60324b1b6803f00803002b07d02f4b1b6823f00f032d4a43f0070313602c4b00229a612a4b0022da61294b00221a62274b294a9a62264b284ada62244b284a1a63234b00225a63214b254a9a63204b0022da631e4b224a1a641d4b00225a641b4b1b681a4a23f480231360184b00221a661c4b1a681c4b1340b3f1005f02d21a4b01221a60124bd3f8d43003f480536f0fd963
RX_HEX=545201140181008078000000090000002d372871f43e0200007400000095e196ce
RX_FRAME type=0x8101 seq=120 length=9 payload=f43e02000074000000
WRITE offset=29440: total=147188 verified=29696 pending=0
TX_FRAME type=0x0101 seq=121 length=264
TX_HEX=54520114010100007900000008010000310f48150074000059479aa9002b13d10e4bd3f8d4300d4a43f48053c2f8d430124b43f2d2021a60084bd3f8d430074a23f48053c2f8d43000bfbd465df8047b704700bf00ed00e000200052004402587fedf6ea000202020000ff01800201010010005c0000ffff088100510040005280b48bb000afb14b1b6903f03803182b00f22e8101a252f823f000bf217402081176020811760208117602081176020811760208117602081176020835740208117602081176020811760208117602081176020811760208117602083b7402081176020811760208117602081176020811760208117602081176020841740208924b1b68db0803f00303914a22fa03f37b62f7e08f4b7b62f4e08f4b287b1949
RX_HEX=54520114018100807900000009000000b33782bdf43e02000075000000f0862a76
RX_FRAME type=0x8101 seq=121 length=9 payload=f43e02000075000000
WRITE offset=29696: total=147188 verified=29952 pending=0
TX_FRAME type=0x0101 seq=122 length=264
TX_HEX=54520114010100007a00000008010000d208c79b00750000aa74f8227b62f1e08a4b9b6a03f00303fb61884b9b6a1b0903f03f03bb61854bdb6a03f001037b61824b5b6bdb08c3f30c037a6902fb03f307ee903af8ee677ac7ed047abb69002b00f0c380fb69022b59d0fb69022b78d8fb69002b03d0fb69012b2ed071e0734b1b68db0803f00303714a22fa03f3fb60fb6807ee903af8ee676abb6907ee903af8ee677a86eea77a684b1b6bc3f3080307ee903af8ee676a97ed046adfed675ac6ee257a76eea77af7ee006a77eea67a67ee277ac7ed087a71e0bb6907ee903af8ee677adfed5e6a86eea77a574b1b6bc3f3080307ee903af8ee676a97ed046adfed565ac6ee257a76eea77af7ee006a77eea67a67ee277ac7ed087af0914b04
RX_HEX=54520114018100807a0000000900000050300d33f43e020000760000001e299f64
RX_FRAME type=0x8101 seq=122 length=9 payload=f43e02000076000000
WRITE offset=29952: total=147188 verified=30208 pending=0
TX_FRAME type=0x0101 seq=123 length=264
TX_HEX=54520114010100007b000000080100004c086d570076000085b101af4fe0bb6907ee903af8ee677adfed4e6a86eea77a464b1b6bc3f3080307ee903af8ee676a97ed046adfed455ac6ee257a76eea77af7ee006a77eea67a67ee277ac7ed087a2de03a4b1b68db0803f00303384a22fa03f3fb60fb6807ee903af8ee676abb6907ee903af8ee677a86eea77a2f4b1b6bc3f3080307ee903af8ee676a97ed046adfed2e5ac6ee257a76eea77af7ee006a77eea67a67ee277ac7ed087a00bf234b1b6b5b0a03f07f030133bb60bb6807ee903ab8ee677ad7ed086ac6ee877afceee77a17ee903a7b620ce000237b6209e0164b1b68db0803f00303154a22fa03f37b6200bf114b9b691b0a03f00f03164ad35c7b607a6a7b6822fa03f306ccedd8
RX_HEX=54520114018100807b00000009000000ce30a7fff43e020000770000007b4e23dc
RX_FRAME type=0x8101 seq=123 length=9 payload=f43e02000077000000
WRITE offset=30208: total=147188 verified=30464 pending=0
TX_FRAME type=0x0101 seq=124 length=264
TX_HEX=54520114010100007c000000080100005501a85d007700005a5f2f387b620b4b9b6903f00f03104ad35c03f01f037a6a22fa03f30d4a13600d4a7b6a136000bf2c37bd465df8047b704700bf004402580090d00300093d0040787d01000000460024744a20bcbe4b042a0408a8010024a401002480b400af00bfbd465df8047b7047000080b582b000af032000f036f904f044fb0246154b9b691b0a03f00f031349cb5c03f01f0322fa03f37b600f4b9b6903f00f030e4ad35c03f01f037a6822fa03f30b4a13600b4a7b6813600020fff74afd0346002b01d0012302e0fef71ffb002318460837bd4680bd00440258042a0408a8010024a401002480b400af034b1b681b0c1846bd465df8047b70470010005c80b485b000af78603cae42b7
RX_HEX=54520114018100807c00000009000000d73962f5f43e020000780000002d5e4084
RX_FRAME type=0x8101 seq=124 length=9 payload=f43e02000078000000
WRITE offset=30464: total=147188 verified=30720 pending=0
TX_FRAME type=0x0101 seq=125 length=264
TX_HEX=54520114010100007d00000008010000cb01029100780000670e96367b6803f00703fb600b4bdb68bb60ba684ff6ff031340bb60fb681a02bb681a43064b1343bb60044abb68d36000bf1437bd465df8047b704700ed00e00000fa0580b400af044bdb681b0a03f007031846bd465df8047b704700ed00e080b483b000af0346fb80b7f90630002b0bdbfb8803f01f020749b7f906305b09012000fa02f241f8232000bf0c37bd465df8047b704700bf00e100e080b483b000af0346fb80b7f90630002b12dbfb8803f01f020a49b7f906305b09012000fa02f2203341f82320bff34f8f00bfbff36f8f00bf00bf0c37bd465df8047b704700e100e080b483b000af03463960fb80b7f90630002b0adb3b68dab20c49b7f90630120142e24bf0
RX_HEX=54520114018100807d000000090000004939c839f43e020000790000004839fc3c
RX_FRAME type=0x8101 seq=125 length=9 payload=f43e02000079000000
WRITE offset=30720: total=147188 verified=30976 pending=0
TX_FRAME type=0x0101 seq=126 length=264
TX_HEX=54520114010100007e0000000801000028068d1f00790000e89e4dd6d2b20b4483f800230ae03b68dab20849fb8803f00f03043b1201d2b20b441a7600bf0c37bd465df8047b704700e100e000ed00e080b489b000aff860b9607a60fb6803f00703fb61fb69c3f10703042b28bf0423bb61fb690433062b02d9fb69033b00e000237b614ff0ff32bb6902fa03f3da43bb681a407b699a404ff0ff317b6901fa03f3d9437b680b40134318462437bd465df8047b7047000080b582b000af78607b68013bb3f1807f01d301230fe00a4a7b68013b53600f214ff0ff30fff78eff054b00229a60044b07221a60002318460837bd4680bd00bf10e000e080b582b000af78607868fff705ff00bf0837bd4680bd80b586b000af0346b96059929e74
RX_HEX=54520114018100807e00000009000000aa3e47b7f43e0200007a000000a696492e
RX_FRAME type=0x8101 seq=126 length=9 payload=f43e0200007a000000
WRITE offset=30976: total=147188 verified=31232 pending=0
TX_FRAME type=0x0101 seq=127 length=264
TX_HEX=54520114010100007f00000008010000b60627d3007a000035c9af687a60fb81fff71cff78617a68b9687869fff790ff0246b7f90e3011461846fff75fff00bf1837bd4680bd80b582b000af0346fb80b7f906301846fff70fff00bf0837bd4680bd80b582b000af0346fb80b7f906301846fff71fff00bf0837bd4680bd80b582b000af78607868fff796ff034618460837bd4680bd000080b400afbff35f8f00bf074b5b6a064a23f480335362054b00225a6000bfbd465df8047b704700bf00ed00e090ed00e080b483b000af78600b4a7b6843f0010353600a4b5b6a094a43f480335362bff34f8f00bfbff36f8f00bf00bf0c37bd465df8047b704700bf90ed00e000ed00e080b483b000af78607b685a781b4b9a601a4b1b69a72c6812
RX_HEX=54520114018100807f00000009000000343eed7bf43e0200007b000000c3f1f596
RX_FRAME type=0x8101 seq=127 length=9 payload=f43e0200007b000000
WRITE offset=31232: total=147188 verified=31488 pending=0
TX_FRAME type=0x0101 seq=128 length=264
TX_HEX=5452011401010000800000000801000050006cf5007b00000a717c54194a23f001031361174a7b685b68d3607b681b7b1a077b68db7a1b061a437b689b7adb041a437b685b7b9b041a437b689b7b5b041a437b68db7b1b041a437b685b7a1b021a437b681b7a5b0013437a6812781146044a0b43136100bf0c37bd465df8047b704700bf90ed00e080b586b000aff860b9607a603b600023fb75fb68002b01d1012326e2fb6893f83430012b01d102231fe2fb68012283f83420fb6893f83530dbb2012b40f00a82fb68022283f83520fb6800225a65fb681b68684a93424ad0fb681b68664a934245d0fb681b68654a934240d0fb681b68634a93423bd0fb681b68624a934236d0fb681b68604a934231d0fb681b685f4a93422cd0de8cb8fb
RX_HEX=54520114018100808000000009000000d238a65df43e0200007c0000007ac9220b
RX_FRAME type=0x8101 seq=128 length=9 payload=f43e0200007c000000
WRITE offset=31488: total=147188 verified=31744 pending=0
TX_FRAME type=0x0101 seq=129 length=264
TX_HEX=54520114010100008100000008010000ce00c639007c0000190044bcfb681b685d4a934227d0fb681b685c4a934222d0fb681b685a4a93421dd0fb681b68594a934218d0fb681b68574a934213d0fb681b68564a93420ed0fb681b68544a934209d0fb681b68534a934204d0fb681b68514a934208d1fb681b681a68fb681b6822f001021a6007e0fb681b681a68fb681b6822f001021a603b687a68b968f86801f06afefb681b68344a93424ad0fb681b68334a934245d0fb681b68314a934240d0fb681b68304a93423bd0fb681b682e4a934236d0fb681b682d4a934231d0fb681b682b4a93422cd0fb681b682a4a934227d0fb681b68284a934222d0fb681b68274a93421dd0fb681b68254a934218d0fb681b68244a934213d077081750
RX_HEX=545201140181008081000000090000004c380c91f43e0200007d0000001fae9eb3
RX_FRAME type=0x8101 seq=129 length=9 payload=f43e0200007d000000
WRITE offset=31744: total=147188 verified=32000 pending=0
TX_FRAME type=0x0101 seq=130 length=264
TX_HEX=545201140101000082000000080100002d0749b7007d00006a93f1a2fb681b68224a93420ed0fb681b68214a934209d0fb681b681f4a934204d0fb681b681e4a934201d1012300e00023002b36d0fb681b681b6823f01e02fb681b6842f016021a60fb681b6c002b3ed0fb681b681a68fb681b6842f008021a6035e0100002402800024040000240580002407000024088000240a0000240b8000240100402402804024040040240580402407004024088040240a0040240b8040240fb681b681b6823f00e02fb681b6842f00a021a60fb681b6c002b07d0fb681b681a68fb681b6842f004021a60fb681b68834a934272d0fb681b68824a93426dd0fb681b68804a934268d0fb681b687f4a934263d0fb681b687d4a93425ed0fb68ef45585a
RX_HEX=54520114018100808200000009000000af3f831ff43e0200007e000000f1012ba1
RX_FRAME type=0x8101 seq=130 length=9 payload=f43e0200007e000000
WRITE offset=32000: total=147188 verified=32256 pending=0
TX_FRAME type=0x0101 seq=131 length=264
TX_HEX=54520114010100008300000008010000b307e37b007e0000eec506621b687c4a934259d0fb681b687a4a934254d0fb681b68794a93424fd0fb681b68774a93424ad0fb681b68764a934245d0fb681b68744a934240d0fb681b68734a93423bd0fb681b68714a934236d0fb681b68704a934231d0fb681b686e4a93422cd0fb681b686d4a934227d0fb681b686b4a934222d0fb681b686a4a93421dd0fb681b68684a934218d0fb681b68674a934213d0fb681b68654a93420ed0fb681b68644a934209d0fb681b68624a934204d0fb681b68614a934201d1012300e00023002b1ad0fb681b6e1b6803f48033002b07d0fb681b6e1a68fb681b6e42f480721a60fb68db6e002b07d0fb68db6e1a68fb68db6e42f480721a60fb681b68ddea1081
RX_HEX=54520114018100808300000009000000313f29d3f43e0200007f00000094669719
RX_FRAME type=0x8101 seq=131 length=9 payload=f43e0200007f000000
WRITE offset=32256: total=147188 verified=32512 pending=0
TX_FRAME type=0x0101 seq=132 length=264
TX_HEX=54520114010100008400000008010000aa0e2671007f0000631ae5e4374a93424ad0fb681b68364a934245d0fb681b68344a934240d0fb681b68334a93423bd0fb681b68314a934236d0fb681b68304a934231d0fb681b682e4a93422cd0fb681b682d4a934227d0fb681b682b4a934222d0fb681b682a4a93421dd0fb681b68284a934218d0fb681b68274a934213d0fb681b68254a93420ed0fb681b68244a934209d0fb681b68224a934204d0fb681b68214a934208d1fb681b681a68fb681b6842f001021a6012e0fb681b681a68fb681b6842f001021a6009e0fb684ff400625a65fb68002283f834200123fb75fb7d18461837bd4680bd00bf100002402800024040000240580002407000024088000240a0000240b8000240a3de3732
RX_HEX=545201140181008084000000090000002836ecd9f43e02000080000000656092c7
RX_FRAME type=0x8101 seq=132 length=9 payload=f43e02000080000000
WRITE offset=32512: total=147188 verified=32768 pending=0
PROGRESS 32768/147188
TX_FRAME type=0x0101 seq=133 length=264
TX_HEX=54520114010100008500000008010000340e8cbd00800000c46b28b8100402402804024040040240580402407004024088040240a0040240b8040240085402581c5402583054025844540258585402586c540258805402589454025880b586b000af7860fff7dcf838617b68002b01d10123dce27b6893f83530dbb2022b08d07b6880225a657b68002283f834200123cde27b681b68764a93424ad07b681b68744a934245d07b681b68734a934240d07b681b68714a93423bd07b681b68704a934236d07b681b686e4a934231d07b681b686d4a93422cd07b681b686b4a934227d07b681b686a4a934222d07b681b68684a93421dd07b681b68674a934218d07b681b68654a934213d07b681b68644a93420ed07b681b68624a934208ee78b0
RX_HEX=54520114018100808500000009000000b6364615f43e0200008100000000072e7f
RX_FRAME type=0x8101 seq=133 length=9 payload=f43e02000081000000
WRITE offset=32768: total=147188 verified=33024 pending=0
TX_FRAME type=0x0101 seq=134 length=264
TX_HEX=54520114010100008600000008010000d7090333008100000c1d57e109d07b681b68614a934204d07b681b685f4a934201d1012300e00023002b13d07b681b681a687b681b6822f01e021a607b681b685a697b681b6822f080025a617b681b687b610ae07b681b681a687b681b6822f00e021a607b681b687b617b681b683c4a934272d07b681b683a4a93426dd07b681b68394a934268d07b681b68374a934263d07b681b68364a93425ed07b681b68344a934259d07b681b68334a934254d07b681b68314a93424fd07b681b68304a93424ad07b681b682e4a934245d07b681b682d4a934240d07b681b682b4a93423bd07b681b682a4a934236d07b681b68284a934231d07b681b68274a93422cd07b681b68254a934227d07b685d3139c3
RX_HEX=545201140181008086000000090000005531c99bf43e02000082000000eea89b6d
RX_FRAME type=0x8101 seq=134 length=9 payload=f43e02000082000000
WRITE offset=33024: total=147188 verified=33280 pending=0
TX_FRAME type=0x0101 seq=135 length=264
TX_HEX=545201140101000087000000080100004909a9ff00820000d779d5511b68244a934222d07b681b68224a93421dd07b681b68214a934218d07b681b681f4a934213d07b681b681e4a93420ed07b681b681c4a934209d07b681b681b4a934204d07b681b68194a934232d1012331e000bf100002402800024040000240580002407000024088000240a0000240b8000240100402402804024040040240580402407004024088040240a0040240b8040240085402581c5402583054025844540258585402586c54025880540258945402580023002b07d07b681b6e1a687b681b6e22f480721a607b681b686d4a93424ad07b681b686b4a934245d07b681b686a4a934240d07b681b68684a93423bd07b681b68674a934236d07b681b68fbcb4134
RX_HEX=54520114018100808700000009000000cb316357f43e020000830000008bcf27d5
RX_FRAME type=0x8101 seq=135 length=9 payload=f43e02000083000000
WRITE offset=33280: total=147188 verified=33536 pending=0
TX_FRAME type=0x0101 seq=136 length=264
TX_HEX=54520114010100008800000008010000e51b892600830000b31c0320654a934231d07b681b68644a93422cd07b681b68624a934227d07b681b68614a934222d07b681b685f4a93421dd07b681b685e4a934218d07b681b685c4a934213d07b681b685b4a93420ed07b681b68594a934209d07b681b68584a934204d07b681b68564a934208d17b681b681a687b681b6822f001021a6007e07b681b681a687b681b6822f001021a6013e0fef739ff02463b69d31a052b0cd97b6820225a657b68032283f835207b68002283f8342001232de17b691b6803f00103002be5d17b681b682f4a93424ad07b681b682d4a934245d07b681b682c4a934240d07b681b682a4a93423bd07b681b68294a934236d07b681b68274a934231d07b68482882b2
RX_HEX=545201140181008088000000090000006723438ef43e0200008400000032f7f048
RX_FRAME type=0x8101 seq=136 length=9 payload=f43e02000084000000
WRITE offset=33536: total=147188 verified=33792 pending=0
TX_FRAME type=0x0101 seq=137 length=264
TX_HEX=545201140101000089000000080100007b1b23ea00840000055210911b68264a93422cd07b681b68244a934227d07b681b68234a934222d07b681b68214a93421dd07b681b68204a934218d07b681b681e4a934213d07b681b681d4a93420ed07b681b681b4a934209d07b681b681a4a934204d07b681b68184a934201d1012300e00023002b2bd07b689b6dbb607b68db6d03f01f033f229a40bb689a602ae0100002402800024040000240580002407000024088000240a0000240b8000240100402402804024040040240580402407004024088040240a0040240b80402407b689b6dfb607b68db6d03f01f0301229a40fb685a607b681b684f4a934272d07b681b684d4a93426dd07b681b684c4a934268d07b681b684a4a93425ea0a96f
RX_HEX=54520114018100808900000009000000f923e942f43e0200008500000057904cf0
RX_FRAME type=0x8101 seq=137 length=9 payload=f43e02000085000000
WRITE offset=33792: total=147188 verified=34048 pending=0
TX_FRAME type=0x0101 seq=138 length=264
TX_HEX=54520114010100008a00000008010000981cac640085000051a4f0a463d07b681b68494a93425ed07b681b68474a934259d07b681b68464a934254d07b681b68444a93424fd07b681b68434a93424ad07b681b68414a934245d07b681b68404a934240d07b681b683e4a93423bd07b681b683d4a934236d07b681b683b4a934231d07b681b683a4a93422cd07b681b68384a934227d07b681b68374a934222d07b681b68354a93421dd07b681b68344a934218d07b681b68324a934213d07b681b68314a93420ed07b681b682f4a934209d07b681b682e4a934204d07b681b682c4a934201d1012300e00023002b15d07b685b6e7a68926e5a607b68db6e002b0cd07b68db6e1a687b68db6e22f480721a607b681b6f7a68526f5a60d2e9f944
RX_HEX=54520114018100808a000000090000001a2466ccf43e02000086000000b93ff9e2
RX_FRAME type=0x8101 seq=138 length=9 payload=f43e02000086000000
WRITE offset=34048: total=147188 verified=34304 pending=0
TX_FRAME type=0x0101 seq=139 length=264
TX_HEX=54520114010100008b00000008010000061c06a800860000ccd57d677b68012283f835207b68002283f83420002318461837bd4680bd00bf100002402800024040000240580002407000024088000240a0000240b8000240100402402804024040040240580402407004024088040240a0040240b8040240085402581c5402583054025844540258585402586c540258805402589454025880b584b000af78607b68002b01d1012337e27b6893f83530dbb2022b04d07b6880225a6501232ce27b681b685c4a93424ad07b681b685b4a934245d07b681b68594a934240d07b681b68584a93423bd07b681b68564a934236d07b681b68554a934231d07b681b68534a93422cd07b681b68524a934227d07b681b68504a934222d07b683928805c
RX_HEX=54520114018100808b000000090000008424cc00f43e02000087000000dc58455a
RX_FRAME type=0x8101 seq=139 length=9 payload=f43e02000087000000
WRITE offset=34304: total=147188 verified=34560 pending=0
TX_FRAME type=0x0101 seq=140 length=264
TX_HEX=54520114010100008c000000080100001f15c3a200870000129114db1b684f4a93421dd07b681b684d4a934218d07b681b684c4a934213d07b681b684a4a93420ed07b681b68494a934209d07b681b68474a934204d07b681b68464a934201d1012300e00023002b00f086807b68042283f835207b681b682f4a93424ad07b681b682e4a934245d07b681b682c4a934240d07b681b682b4a93423bd07b681b68294a934236d07b681b68284a934231d07b681b68264a93422cd07b681b68254a934227d07b681b68234a934222d07b681b68224a93421dd07b681b68204a934218d07b681b681f4a934213d07b681b681d4a93420ed07b681b681c4a934209d07b681b681a4a934204d07b681b68194a934208d17b681b681a687b68a08cc97c
RX_HEX=54520114018100808c000000090000009d2d090af43e020000880000008a482602
RX_FRAME type=0x8101 seq=140 length=9 payload=f43e02000088000000
WRITE offset=34560: total=147188 verified=34816 pending=0
TX_FRAME type=0x0101 seq=141 length=264
TX_HEX=54520114010100008d000000080100008115696e00880000ecd01e6e1b6822f001021a6078e17b681b681a687b681b6822f001021a606fe1100002402800024040000240580002407000024088000240a0000240b8000240100402402804024040040240580402407004024088040240a0040240b80402407b681b681a687b681b6822f00e021a607b681b686c4a93424ad07b681b686b4a934245d07b681b68694a934240d07b681b68684a93423bd07b681b68664a934236d07b681b68654a934231d07b681b68634a93422cd07b681b68624a934227d07b681b68604a934222d07b681b685f4a93421dd07b681b685d4a934218d07b681b685c4a934213d07b681b685a4a93420ed07b681b68594a934209d07b681b68574a9342676da422
RX_HEX=54520114018100808d00000009000000032da3c6f43e02000089000000ef2f9aba
RX_FRAME type=0x8101 seq=141 length=9 payload=f43e02000089000000
WRITE offset=34816: total=147188 verified=35072 pending=0
TX_FRAME type=0x0101 seq=142 length=264
TX_HEX=54520114010100008e000000080100006212e6e000890000b932ec3b04d07b681b68564a934208d17b681b681a687b681b6822f001021a6007e07b681b681a687b681b6822f001021a607b681b683c4a934272d07b681b683a4a93426dd07b681b68394a934268d07b681b68374a934263d07b681b68364a93425ed07b681b68344a934259d07b681b68334a934254d07b681b68314a93424fd07b681b68304a93424ad07b681b682e4a934245d07b681b682d4a934240d07b681b682b4a93423bd07b681b682a4a934236d07b681b68284a934231d07b681b68274a93422cd07b681b68254a934227d07b681b68244a934222d07b681b68224a93421dd07b681b68214a934218d07b681b681f4a934213d07b681b681e4a93420ed0cf9acecc
RX_HEX=54520114018100808e00000009000000e02a2c48f43e0200008a00000001802fa8
RX_FRAME type=0x8101 seq=142 length=9 payload=f43e0200008a000000
WRITE offset=35072: total=147188 verified=35328 pending=0
TX_FRAME type=0x0101 seq=143 length=264
TX_HEX=54520114010100008f00000008010000fc124c2c008a0000f6e2a4857b681b681c4a934209d07b681b681b4a934204d07b681b68194a934232d1012331e000bf100002402800024040000240580002407000024088000240a0000240b8000240100402402804024040040240580402407004024088040240a0040240b8040240085402581c5402583054025844540258585402586c54025880540258945402580023002b28d07b681b6e1a687b681b6e22f480721a607b689b6dfb607b68db6d03f01f0301229a40fb685a607b685b6e7a68926e5a607b68db6e002b0cd07b68db6e1a687b68db6e22f480721a607b681b6f7a68526f5a607b68012283f835207b68002283f834207b681b6d002b03d07b681b6d78689847002318468705fb24
RX_HEX=54520114018100808f000000090000007e2a8684f43e0200008b00000064e79310
RX_FRAME type=0x8101 seq=143 length=9 payload=f43e0200008b000000
WRITE offset=35328: total=147188 verified=35584 pending=0
TX_FRAME type=0x0101 seq=144 length=264
TX_HEX=545201140101000090000000080100007b31d789008b00006ae65c511037bd4680bd00bf80b58ab000af78600023fb60674b1b68674aa2fb03239b0a7b627b689b6d3b627b689b6dfb613b6a1b68bb61fb691b687b617b681b685f4a93424ad07b681b685d4a934245d07b681b685c4a934240d07b681b685a4a93423bd07b681b68594a934236d07b681b68574a934231d07b681b68564a93422cd07b681b68544a934227d07b681b68534a934222d07b681b68514a93421dd07b681b68504a934218d07b681b684e4a934213d07b681b684d4a93420ed07b681b684b4a934209d07b681b684a4a934204d07b681b68484a934201d1012300e00023002b00f02b847b68db6d03f01f0308229a40bb691340002b00f0a2807b681b68f541d7f5
RX_HEX=54520114018100809000000009000000f9091d21f43e0200008c000000dddf448d
RX_FRAME type=0x8101 seq=144 length=9 payload=f43e0200008c000000
WRITE offset=35584: total=147188 verified=35840 pending=0
TX_FRAME type=0x0101 seq=145 length=264
TX_HEX=54520114010100009100000008010000e5317d45008c0000d72773082e4a93424ad07b681b682d4a934245d07b681b682b4a934240d07b681b682a4a93423bd07b681b68284a934236d07b681b68274a934231d07b681b68254a93422cd07b681b68244a934227d07b681b68224a934222d07b681b68214a93421dd07b681b681f4a934218d07b681b681e4a934213d07b681b681c4a93420ed07b681b681b4a934209d07b681b68194a934204d07b681b68184a93422fd17b681b681b6803f00403002b14bf01230023dbb22ee000bfa4010024b5814e1b100002402800024040000240580002407000024088000240a0000240b8000240100402402804024040040240580402407004024088040240a0040240b80402407b681b6850436045
RX_HEX=545201140181008091000000090000006709b7edf43e0200008d000000b8b8f835
RX_FRAME type=0x8101 seq=145 length=9 payload=f43e0200008d000000
WRITE offset=35840: total=147188 verified=36096 pending=0
TX_FRAME type=0x0101 seq=146 length=264
TX_HEX=545201140101000092000000080100000636f2cb008d000063b27e201b6803f00803002b14bf01230023dbb2002b15d07b681b681a687b681b6822f004021a607b68db6d03f01f0308229a403b6a9a607b685b6d43f001027b685a657b68db6d03f01f03ba6922fa03f303f00103002b6ed07b681b68694a93424ad07b681b68674a934245d07b681b68664a934240d07b681b68644a93423bd07b681b68634a934236d07b681b68614a934231d07b681b68604a93422cd07b681b685e4a934227d07b681b685d4a934222d07b681b685b4a93421dd07b681b685a4a934218d07b681b68584a934213d07b681b68574a93420ed07b681b68554a934209d07b681b68544a934204d07b681b68524a93420ad17b681b685b6903f0800389a72aad
RX_HEX=54520114018100809200000009000000840e3863f43e0200008e00000056174d27
RX_FRAME type=0x8101 seq=146 length=9 payload=f43e0200008e000000
WRITE offset=36096: total=147188 verified=36352 pending=0
TX_FRAME type=0x0101 seq=147 length=264
TX_HEX=5452011401010000930000000801000098365807008e00003efd41e8002b14bf01230023dbb203e07b681b681b680023002b0dd07b68db6d03f01f0301229a403b6a9a607b685b6d43f002027b685a657b68db6d03f01f0304229a40bb691340002b00f08f807b681b682c4a93424ad07b681b682a4a934245d07b681b68294a934240d07b681b68274a93423bd07b681b68264a934236d07b681b68244a934231d07b681b68234a93422cd07b681b68214a934227d07b681b68204a934222d07b681b681e4a93421dd07b681b681d4a934218d07b681b681b4a934213d07b681b681a4a93420ed07b681b68184a934209d07b681b68174a934204d07b681b68154a93422ad17b681b681b6803f00203002b14bf01230023dbb223e00e813abb
RX_HEX=545201140181008093000000090000001a0e92aff43e0200008f0000003370f19f
RX_FRAME type=0x8101 seq=147 length=9 payload=f43e0200008f000000
WRITE offset=36352: total=147188 verified=36608 pending=0
TX_FRAME type=0x0101 seq=148 length=264
TX_HEX=54520114010100009400000008010000813f9d0d008f0000e29f94c4100002402800024040000240580002407000024088000240a0000240b8000240100402402804024040040240580402407004024088040240a0040240b80402407b681b681b680023002b0dd07b68db6d03f01f0304229a403b6a9a607b685b6d43f004027b685a657b68db6d03f01f0310229a40bb691340002b00f0a6807b681b68854a93424ad07b681b68834a934245d07b681b68824a934240d07b681b68804a93423bd07b681b687f4a934236d07b681b687d4a934231d07b681b687c4a93422cd07b681b687a4a934227d07b681b68794a934222d07b681b68774a93421dd07b681b68764a934218d07b681b68744a934213d07b681b68734a93420ed03c21fa4e
RX_HEX=54520114018100809400000009000000030757a5f43e02000090000000fa378b97
RX_FRAME type=0x8101 seq=148 length=9 payload=f43e02000090000000
WRITE offset=36608: total=147188 verified=36864 pending=0
PROGRESS 36864/147188
TX_FRAME type=0x0101 seq=149 length=264
TX_HEX=545201140101000095000000080100001f3f37c10090000080269ae57b681b68714a934209d07b681b68704a934204d07b681b686e4a93420ad17b681b681b6803f00803002b14bf01230023dbb209e07b681b681b6803f00403002b14bf01230023dbb2002b3ed07b68db6d03f01f0310229a403b6a9a607b681b681b6803f48023002b18d07b681b681b6803f40023002b08d17b681b6c002b24d07b681b6c786898471fe07b689b6c002b1bd07b689b6c7868984716e07b681b681b6803f48073002b07d17b681b681a687b681b6822f008021a607b681b6c002b03d07b681b6c786898477b68db6d03f01f0320229a40bb691340002b00f010817b681b682c4a93424ad07b681b682b4a934245d07b681b68294a934240d07b686d8e924e
RX_HEX=545201140181008095000000090000009d07fd69f43e020000910000009f50372f
RX_FRAME type=0x8101 seq=149 length=9 payload=f43e02000091000000
WRITE offset=36864: total=147188 verified=37120 pending=0
TX_FRAME type=0x0101 seq=150 length=264
TX_HEX=54520114010100009600000008010000fc38b84f009100004c41b1341b68284a93423bd07b681b68264a934236d07b681b68254a934231d07b681b68234a93422cd07b681b68224a934227d07b681b68204a934222d07b681b681f4a93421dd07b681b681d4a934218d07b681b681c4a934213d07b681b681a4a93420ed07b681b68194a934209d07b681b68174a934204d07b681b68164a93422bd17b681b681b6803f01003002b14bf01230023dbb22ae000bf100002402800024040000240580002407000024088000240a0000240b8000240100402402804024040040240580402407004024088040240a0040240b80402407b681b681b6803f00203002b14bf01230023dbb2002b00f087807b68db6d03f01f0320229a403b6a31bc1742
RX_HEX=545201140181008096000000090000007e0072e7f43e0200009200000071ff823d
RX_FRAME type=0x8101 seq=150 length=9 payload=f43e02000092000000
WRITE offset=37120: total=147188 verified=37376 pending=0
TX_FRAME type=0x0101 seq=151 length=264
TX_HEX=545201140101000097000000080100006238128300920000d7bdacd39a607b6893f83530dbb2042b39d17b681b681a687b681b6822f016021a607b681b685a697b681b6822f080025a617b681b6c002b03d17b689b6c002b07d07b681b681a687b681b6822f008021a607b68db6d03f01f033f229a403b6a9a607b68012283f835207b68002283f834207b681b6d002b00f04a837b681b6d7868984744e37b681b681b6803f48023002b18d07b681b681b6803f40023002b08d17b685b6c002b2cd07b685b6c7868984727e07b68db6b002b23d07b68db6b786898471ee07b681b681b6803f48073002b0fd17b681b681a687b681b6822f010021a607b68012283f835207b68002283f834207b68db6b002b03d07b68db6b78689847464f2632
RX_HEX=54520114018100809700000009000000e000d82bf43e0200009300000014983e85
RX_FRAME type=0x8101 seq=151 length=9 payload=f43e02000093000000
WRITE offset=37376: total=147188 verified=37632 pending=0
TX_FRAME type=0x0101 seq=152 length=264
TX_HEX=54520114010100009800000008010000ce2a325a00930000aab28ac47b685b6d002b00f006837b685b6d03f00103002b00f088807b68042283f835207b681b687a4a93424ad07b681b68794a934245d07b681b68774a934240d07b681b68764a93423bd07b681b68744a934236d07b681b68734a934231d07b681b68714a93422cd07b681b68704a934227d07b681b686e4a934222d07b681b686d4a93421dd07b681b686b4a934218d07b681b686a4a934213d07b681b68684a93420ed07b681b68674a934209d07b681b68654a934204d07b681b68644a934208d17b681b681a687b681b6822f001021a6007e07b681b681a687b681b6822f001021a60fb680133fb607a6a9a4207d37b681b681b6803f00103002bf2d100e000bfff3f25b9
RX_HEX=545201140181008098000000090000004c12f8f2f43e02000094000000ada0e918
RX_FRAME type=0x8101 seq=152 length=9 payload=f43e02000094000000
WRITE offset=37632: total=147188 verified=37888 pending=0
TX_FRAME type=0x0101 seq=153 length=264
TX_HEX=54520114010100009900000008010000502a9896009400002214b1237b681b681b6803f00103002b04d07b68032283f8352003e07b68012283f835207b68002283f834207b68db6c002b00f072827b68db6c786898476ce27b681b68434a934222d07b681b68424a93421dd07b681b68404a934218d07b681b683f4a934213d07b681b683d4a93420ed07b681b683c4a934209d07b681b683a4a934204d07b681b68394a934201d1012300e00023002b00f03f827b681b681b683b617b68db6d03f01f0304229a407b691340002b00f0cd803b6903f00403002b00f0c7807b68db6d03f01f0304229a40fb695a603b6903f40043002b49d03b6903f48033002b09d17b689b6c002b00f010827b689b6c786898470ae27b681b6c002bdca27ec7
RX_HEX=54520114018100809900000009000000d212523ef43e02000095000000c8c755a0
RX_FRAME type=0x8101 seq=153 length=9 payload=f43e02000095000000
WRITE offset=37888: total=147188 verified=38144 pending=0
TX_FRAME type=0x0101 seq=154 length=264
TX_HEX=54520114010100009a00000008010000b32d171800950000494d2c7300f006827b681b6c7868984700e200bf100002402800024040000240580002407000024088000240a0000240b8000240100402402804024040040240580402407004024088040240a0040240b8040240085402581c5402583054025844540258585402586c54025880540258945402583b6903f02003002b60d17b681b687f4a93424ad07b681b687d4a934245d07b681b687c4a934240d07b681b687a4a93423bd07b681b68794a934236d07b681b68774a934231d07b681b68764a93422cd07b681b68744a934227d07b681b68734a934222d07b681b68714a93421dd07b681b68704a934218d07b681b686e4a934213d07b681b686d4a93420ed07b681b68aae6615e
RX_HEX=54520114018100809a000000090000003115ddb0f43e020000960000002668e0b2
RX_FRAME type=0x8101 seq=154 length=9 payload=f43e02000096000000
WRITE offset=38144: total=147188 verified=38400 pending=0
TX_FRAME type=0x0101 seq=155 length=264
TX_HEX=54520114010100009b000000080100002d2dbdd400960000989a2e696b4a934209d07b681b686a4a934204d07b681b68684a934208d17b681b681a687b681b6822f008021a6007e07b681b681a687b681b6822f004021a607b681b6c002b00f065817b681b6c786898475fe17b68db6d03f01f0302229a407b691340002b00f0c5803b6903f00203002b00f0bf807b68db6d03f01f0302229a40fb695a603b6903f40043002b18d03b6903f48033002b09d17b685b6c002b00f03a817b685b6c7868984734e17b68db6b002b00f030817b68db6b786898472ae13b6903f02003002b40f089807b681b682b4a93424ad07b681b68294a934245d07b681b68284a934240d07b681b68264a93423bd07b681b68254a934236d07b681b68767694a8
RX_HEX=54520114018100809b00000009000000af15777cf43e02000097000000430f5c0a
RX_FRAME type=0x8101 seq=155 length=9 payload=f43e02000097000000
WRITE offset=38400: total=147188 verified=38656 pending=0
TX_FRAME type=0x0101 seq=156 length=264
TX_HEX=54520114010100009c00000008010000342478de0097000006ecbd38234a934231d07b681b68224a93422cd07b681b68204a934227d07b681b681f4a934222d07b681b681d4a93421dd07b681b681c4a934218d07b681b681a4a934213d07b681b68194a93420ed07b681b68174a934209d07b681b68164a934204d07b681b68144a934228d17b681b681a687b681b6822f014021a6027e0100002402800024040000240580002407000024088000240a0000240b8000240100402402804024040040240580402407004024088040240a0040240b80402407b681b681a687b681b6822f00a021a607b68012283f835207b68002283f834207b68db6b002b00f097807b68db6b7868984791e07b68db6d03f01f0308229a407b6913409e4c3bc8
RX_HEX=54520114018100809c00000009000000b61cb276f43e02000098000000151f3f52
RX_FRAME type=0x8101 seq=156 length=9 payload=f43e02000098000000
WRITE offset=38656: total=147188 verified=38912 pending=0
TX_FRAME type=0x0101 seq=157 length=264
TX_HEX=54520114010100009d00000008010000aa24d212009800005191d54c002b00f088803b6903f00803002b00f082807b681b68414a93424ad07b681b683f4a934245d07b681b683e4a934240d07b681b683c4a93423bd07b681b683b4a934236d07b681b68394a934231d07b681b68384a93422cd07b681b68364a934227d07b681b68354a934222d07b681b68334a93421dd07b681b68324a934218d07b681b68304a934213d07b681b682f4a93420ed07b681b682d4a934209d07b681b682c4a934204d07b681b682a4a934208d17b681b681a687b681b6822f01c021a6007e07b681b681a687b681b6822f00e021a607b68db6d03f01f0301229a40fb695a607b6801225a657b68012283f835207b68002283f834207b68db6c002bbcee3610
RX_HEX=54520114018100809d00000009000000281c18baf43e02000099000000707883ea
RX_FRAME type=0x8101 seq=157 length=9 payload=f43e02000099000000
WRITE offset=38912: total=147188 verified=39168 pending=0
TX_FRAME type=0x0101 seq=158 length=264
TX_HEX=54520114010100009e0000000801000049235d9c009900001b472d3d09d07b68db6c7868984704e000bf02e000bf00e000bf2837bd4680bd100002402800024040000240580002407000024088000240a0000240b8000240100402402804024040040240580402407004024088040240a0040240b804024080b487b000aff860b9607a603b60fb689b6d7b61fb689b6d3b61fb681b687f4a934272d0fb681b687d4a93426dd0fb681b687c4a934268d0fb681b687a4a934263d0fb681b68794a93425ed0fb681b68774a934259d0fb681b68764a934254d0fb681b68744a93424fd0fb681b68734a93424ad0fb681b68714a934245d0fb681b68704a934240d0fb681b686e4a93423bd0fb681b686d4a934236d0fb681b686b4a93423674afa2
RX_HEX=54520114018100809e00000009000000cb1b9734f43e0200009a0000009ed736f8
RX_FRAME type=0x8101 seq=158 length=9 payload=f43e0200009a000000
WRITE offset=39168: total=147188 verified=39424 pending=0
TX_FRAME type=0x0101 seq=159 length=264
TX_HEX=54520114010100009f00000008010000d723f750009a00004069b74931d0fb681b686a4a93422cd0fb681b68684a934227d0fb681b68674a934222d0fb681b68654a93421dd0fb681b68644a934218d0fb681b68624a934213d0fb681b68614a93420ed0fb681b685f4a934209d0fb681b685e4a934204d0fb681b685c4a934201d1012300e00023002b0dd0fb685b6efa68926e5a60fb68db6e002b04d0fb681b6ffa68526f5a60fb681b68394a93424ad0fb681b68384a934245d0fb681b68364a934240d0fb681b68354a93423bd0fb681b68334a934236d0fb681b68324a934231d0fb681b68304a93422cd0fb681b682f4a934227d0fb681b682d4a934222d0fb681b682c4a93421dd0fb681b682a4a934218d0fb681b68294adf76608b
RX_HEX=54520114018100809f00000009000000551b3df8f43e0200009b000000fbb08a40
RX_FRAME type=0x8101 seq=159 length=9 payload=f43e0200009b000000
WRITE offset=39424: total=147188 verified=39680 pending=0
TX_FRAME type=0x0101 seq=160 length=264
TX_HEX=5452011401010000a00000000801000006621a0c009b0000451e45fa934213d0fb681b68274a93420ed0fb681b68264a934209d0fb681b68244a934204d0fb681b68234a934201d1012300e00023002b59d0fb68db6d03f01f033f229a407b699a60fb681b681a68fb681b6822f480221a60fb681b683a685a60fb689b68402b38d1fb681b687a689a60fb681b68ba68da6086e0100002402800024040000240580002407000024088000240a0000240b8000240100402402804024040040240580402407004024088040240a0040240b8040240085402581c5402583054025844540258585402586c5402588054025894540258fb681b68ba689a60fb681b687a68da604de0fb681b68294a934222d0fb681b68274a93421dd0fb684986f34d
RX_HEX=5452011401810080a000000009000000845ad0a4f43e0200009c00000042885ddd
RX_FRAME type=0x8101 seq=160 length=9 payload=f43e0200009c000000
WRITE offset=39680: total=147188 verified=39936 pending=0
TX_FRAME type=0x0101 seq=161 length=264
TX_HEX=5452011401010000a1000000080100009862b0c0009c00005468afb81b68264a934218d0fb681b68244a934213d0fb681b68234a93420ed0fb681b68214a934209d0fb681b68204a934204d0fb681b681e4a934201d1012300e00023002b20d0fb68db6d03f01f0301229a403b695a60fb681b683a685a60fb689b68402b08d1fb681b687a689a60fb681b68ba68da6007e0fb681b68ba689a60fb681b687a68da6000bf1c37bd465df8047b704700bf085402581c5402583054025844540258585402586c540258805402589454025880b58ab000aff860b9607a60bb683b627b68fb610823fb75404b1b7d012b01d1022376e03d4b01221a75bb68b3f1006f06d3bb68b3f1016f02d20123bb610ce0bb68b3f1016f06d3bb68b3f1469d470c
RX_HEX=5452011401810080a1000000090000001a5a7a68f43e0200009d00000027efe165
RX_FRAME type=0x8101 seq=161 length=9 payload=f43e0200009d000000
WRITE offset=39936: total=147188 verified=40192 pending=0
TX_FRAME type=0x0101 seq=162 length=264
TX_HEX=5452011401010000a2000000080100007b653f4e009d0000f8fda72f026f02d20223bb6101e001235be0304b00229a61b9694cf2503000f0c1f8034687f8273097f82730002b47d1bb69012b06d1284bdb68274a43f00203d36007e0244bd3f80c31234a43f00203c2f80c31bff36f8f00bfbff34f8f00bffb691a683b6a1a603b6a04333b62fb690433fb61fb7d013bfb75fb7d002befd1bff36f8f00bfbff34f8f00bfb9694cf2503000f087f8034687f82730bb69012b06d10d4bdb680c4a23f00203d36007e0094bd3f80c31084a23f00203c2f80c31044b00221a7597f8273018462837bd4680bd00bfecaf02240020005280b400af184bdb6803f00103002b0dd0154b164a5a60144b154a5a60124bdb6803f00103002b01d0a6d327c6
RX_HEX=5452011401810080a200000009000000f95df5e6f43e0200009e000000c9405477
RX_FRAME type=0x8101 seq=162 length=9 payload=f43e0200009e000000
WRITE offset=40192: total=147188 verified=40448 pending=0
TX_FRAME type=0x0101 seq=163 length=264
TX_HEX=5452011401010000a300000008010000e5659582009e000065de330a012318e00e4bd3f80c3103f00103002b10d00b4b0b4ac3f80421094b0a4ac3f80421074bd3f80c3103f00103002b01d0012300e000231846bd465df8047b70470020005223016745ab89efcd80b400af124bdb68114a43f00103d3600f4bdb6803f00103002b01d1012311e00b4bd3f80c310a4a43f00103c2f80c31074bd3f80c3103f00103002b01d1012300e000231846bd465df8047b704700bf0020005280b586b000af7860396004237b6100233b61fdf7a7f9f8603b68022b13d1404b7b6110e07b68b3f1ff3f0cd0fdf79af90246fb68d31a7a689a4202d37b68002b01d1032368e07a69364b1340002b0ad1354b1a697b6913407a699a420cbf0123db888150
RX_HEX=5452011401810080a300000009000000675d5f2af43e0200009f000000ac27e8cf
RX_FRAME type=0x8101 seq=163 length=9 payload=f43e0200009f000000
WRITE offset=40448: total=147188 verified=40704 pending=0
TX_FRAME type=0x0101 seq=164 length=264
TX_HEX=5452011401010000a400000008010000fc6c5088009f0000ed887b230023dbb20ce0304bd3f81031da437b69134023f00043002b0cbf01230023dbb2002bcfd13b68012b05d1274b1a69274b13403b6107e0244bd3f81021234b134043f000433b613b6923f00043002b16d01f4b9a693b6913431d4a93613a69194b1340002b03d1184a3b69536105e0164a3b6923f00043c2f8143101231ce03b68012b0bd1104b1b6903f48033b3f5803f11d10d4b4ff480325a610ce00a4bd3f8103103f48033b3f5803f04d1064b4ff48032c3f81421002318461837bd4680bd04000080f0ff10e0002000520000ee17ecaf022480b584b000af786039600023fb735e4b1b7d012b01d10223b2e05b4b01221a75594b00229a617b685b6803f0b855058b
RX_HEX=5452011401810080a4000000090000007e549a20f43e020000a00000005bcfa067
RX_FRAME type=0x8101 seq=164 length=9 payload=f43e020000a0000000
WRITE offset=40704: total=147188 verified=40960 pending=0
PROGRESS 40960/147188
TX_FRAME type=0x0101 seq=165 length=264
TX_HEX=5452011401010000a500000008010000626cfa4400a0000001ed1d440103002b09d001214cf25030fff748ff0346002b01d00123fb737b685b6803f00203002b09d002214cf25030fff738ff0346002b01d00123fb73fb7b002b40f085807b681b68012b36d17b681a697b685b681946104600f087f87b685b6803f00103002b0fd001214cf25030fff718ff0346002b01d00123fb73394bdb68384a23f00803d3607b685b6803f00203002b5cd002214cf25030fff702ff0346002b01d00123fb732e4bd3f80c312c4a23f00803c2f80c3149e03b684ff0ff321a607b689b68bb6039e07b6859687b681b691a46b86800f0b2f87b685b6803f00103002b0cd001214cf25030fff7d9fe0346fb731b4bda681a491a4b1340cb607b68d7935151
RX_HEX=5452011401810080a500000009000000e05430ecf43e020000a10000003ea81cdf
RX_FRAME type=0x8101 seq=165 length=9 payload=f43e020000a1000000
WRITE offset=40960: total=147188 verified=41216 pending=0
TX_FRAME type=0x0101 seq=166 length=264
TX_HEX=5452011401010000a600000008010000816b75ca00a10000e8fbfb285b6803f00203002b0ed002214cf25030fff7c6fe0346fb73114bd3f80c211049104b1340c1f80c31fb7b002b03d03b68ba681a600ae0bb680133bb607b68da687b689b681344ba689a42bdd3034b00221a75fb7b18461037bd4680bdecaf022400200052fbf8ffff80b483b000af786039603b6803f00303032b22d12e4bdb682d4a23f03003d3602b4bd3f80c312a4a23f03003c2f80c31274bda6826497b681343cb60244bd3f80c2123497b681343c1f80c31204b9b691f4a43f01003936133e03b6803f00103002b11d01a4bdb68194a23f03003d360174bda6816497b681343cb60144bdb68134a43f08803d3603b6803f00203002b17d00f4bd3f80c310dfb74df
RX_HEX=5452011401810080a6000000090000000353bf62f43e020000a2000000d007a9cd
RX_FRAME type=0x8101 seq=166 length=9 payload=f43e020000a2000000
WRITE offset=41216: total=147188 verified=41472 pending=0
TX_FRAME type=0x0101 seq=167 length=264
TX_HEX=5452011401010000a7000000080100001f6bdf0600a20000037d44960d4a23f03003c2f80c310b4bd3f80c2109497b681343c1f80c31074bd3f80c31054a43f08803c2f80c3100bf0c37bd465df8047b704700bf0020005280b485b000aff860b9607a60bb6803f00103002b10d0184bdb68174a23f4e663d360154bda68fb6819027b680b431343114a43f08403d360bb6803f00203002b14d00d4bd3f80c310b4a23f4e663c2f80c31094bd3f80c21fb6819027b680b431343054a43f08403c2f80c3100bf1437bd465df8047b70470020005280b489b000af786039600023fb61894b7b6194e13b681a680121fb6901fa03f313403b613b69002b00f086813b685b6803f00303012b05d03b685b6803f00303022b30d17b689b6863343c15
RX_HEX=5452011401810080a7000000090000009d5315aef43e020000a3000000b5601575
RX_FRAME type=0x8101 seq=167 length=9 payload=f43e020000a3000000
WRITE offset=41472: total=147188 verified=41728 pending=0
TX_FRAME type=0x0101 seq=168 length=264
TX_HEX=5452011401010000a800000008010000b379ffdf00a30000991ba3efbb61fb695b00032202fa03f3db43ba691340bb613b68da68fb695b0002fa03f3ba691343bb617b68ba699a607b685b68bb610122fb6902fa03f3db43ba691340bb613b685b681b0903f00102fb6902fa03f3ba691343bb617b68ba695a603b685b6803f00303032b17d07b68db68bb61fb695b00032202fa03f3db43ba691340bb613b689a68fb695b0002fa03f3ba691343bb617b68ba69da603b685b6803f00303022b23d1fb69da087b68083253f82230bb61fb6903f007039b000f2202fa03f3db43ba691340bb613b681a69fb6903f007039b0002fa03f3ba691343bb61fb69da087b680832b96943f822107b681b68bb61fb695b00032202fa03f3db4329a34d5a
RX_HEX=5452011401810080a80000000900000031413577f43e020000a40000000c58c2e8
RX_FRAME type=0x8101 seq=168 length=9 payload=f43e020000a4000000
WRITE offset=41728: total=147188 verified=41984 pending=0
TX_FRAME type=0x0101 seq=169 length=264
TX_HEX=5452011401010000a9000000080100002d79551300a400006e6b940bba691340bb613b685b6803f00302fb695b0002fa03f3ba691343bb617b68ba691a603b685b6803f44033002b00f0e0802f4bd3f8f4302e4a43f00203c2f8f4302b4bd3f8f43003f00203fb60fb68294afb699b08023352f82330bb61fb6903f003039b000f2202fa03f3db43ba691340bb617b68204a934252d07b681f4a934231d07b681e4a93422bd07b681d4a934225d07b681c4a93421fd07b681b4a934219d07b681a4a934213d07b68194a93420dd07b68184a934207d07b68174a934201d109232de00a232be0082329e0072327e0062325e0052323e0042321e003231fe002231de001231be000bf800000580044025800040058000002580004025872ac8abd
RX_HEX=5452011401810080a900000009000000af419fbbf43e020000a5000000693f7e50
RX_FRAME type=0x8101 seq=169 length=9 payload=f43e020000a5000000
WRITE offset=41984: total=147188 verified=42240 pending=0
TX_FRAME type=0x0101 seq=170 length=264
TX_HEX=5452011401010000aa00000008010000ce7eda9d00a50000c00efd6700080258000c0258001002580014025800180258001c025800200258002402580023fa6902f0030292009340ba691343bb613849fb699b080233ba6941f823204ff0b0431b68bb613b69db43ba691340bb613b685b6803f48013002b03d0ba693b691343bb614ff0b042bb6913604ff0b0435b68bb613b69db43ba691340bb613b685b6803f40013002b03d0ba693b691343bb614ff0b042bb6953607b695b68bb613b69db43ba691340bb613b685b6803f40033002b03d0ba693b691343bb617b69ba695a607b691b68bb613b69db43ba691340bb613b685b6803f48033002b03d0ba693b691343bb617b69ba691a60fb690133fb613b681a68fb6922fa03f30fd34b80
RX_HEX=5452011401810080aa000000090000004c461035f43e020000a60000008790cb42
RX_FRAME type=0x8101 seq=170 length=9 payload=f43e020000a6000000
WRITE offset=42240: total=147188 verified=42496 pending=0
TX_FRAME type=0x0101 seq=171 length=264
TX_HEX=5452011401010000ab00000008010000507e705100a60000d2141cfe002b7ff463ae00bf00bf2437bd465df8047b70470004005880b487b000af7860396000237b61754b3b61d9e001227b6902fa03f33a681340fb60fb68002b00f0cc806f4a7b699b08023352f82330bb607b6903f003039b000f2202fa03f3ba681340bb607b68674a934237d07b68664a934231d07b68654a93422bd07b68644a934225d07b68634a93421fd07b68624a934219d07b68614a934213d07b68604a93420dd07b685f4a934207d07b685e4a934201d1092312e00a2310e008230ee007230ce006230ae0052308e0042306e0032304e0022302e0012300e000237a6902f0030292009340ba689a4236d13b691a68fb68db431a403b691a603b695a687f5f2359
RX_HEX=5452011401810080ab00000009000000d246baf9f43e020000a7000000e2f777fa
RX_FRAME type=0x8101 seq=171 length=9 payload=f43e020000a7000000
WRITE offset=42496: total=147188 verified=42752 pending=0
TX_FRAME type=0x0101 seq=172 length=264
TX_HEX=5452011401010000ac000000080100004977b55b00a7000026b534b0fb68db431a403b695a604ff0b0435a68fb68db434ff0b04113404b604ff0b0431a68fb68db434ff0b04113400b607b6903f003039b000f2202fa03f3bb60304a7b699b08023352f82310bb68da432c487b699b080a40023340f823207b681a687b695b00032101fa03f31a437b681a607b69da087b68083253f822107b6903f007039b000f2202fa03f3db437a69d20819407b68083243f822107b68da687b695b00032101fa03f3db431a407b68da607b685a6801217b6901fa03f3db431a407b685a607b689a687b695b00032101fa03f3db431a407b689a607b6901337b613a687b6922fa03f3002b7ff41faf00bf00bf1c37bd465df8047b704780000058d78250c4
RX_HEX=5452011401810080ac00000009000000cb4f7ff3f43e020000a8000000b4e714a2
RX_FRAME type=0x8101 seq=172 length=9 payload=f43e020000a8000000
WRITE offset=42752: total=147188 verified=43008 pending=0
TX_FRAME type=0x0101 seq=173 length=264
TX_HEX=5452011401010000ad00000008010000d7771f9700a800009f8977d200040058000002580004025800080258000c0258001002580014025800180258001c0258002002580024025880b485b000af78600b467b807b681a697b881340002b02d00123fb7301e00023fb73fb7b18461437bd465df8047b704780b483b000af78600b467b8013467b707b78002b03d07a887b689a6103e07b881a047b689a6100bf0c37bd465df8047b704780b582b000af0346fb804ff0b043d3f88820fb881340002b08d04ff0b042fb88c2f88830fb881846fbf71fff00bf0837bd4680bd000080b584b000af7860194bdb6803f00403042b0ad0164bdb6803f007037a689a4201d001231fe000231de0114bdb6823f007020f497b681343cb60fcf7c5bc865a
RX_HEX=5452011401810080ad00000009000000554fd53ff43e020000a9000000d180a81a
RX_FRAME type=0x8101 seq=173 length=9 payload=f43e020000a9000000
WRITE offset=43008: total=147188 verified=43264 pending=0
TX_FRAME type=0x0101 seq=174 length=264
TX_HEX=5452011401010000ae000000080100003470901900a90000335dc9d281fcf86009e0fcf77dfc0246fb68d31ab3f57a7f01d9012307e0064b5b6803f40053b3f5005feed1002318461037bd4680bd00bf0048025880b586b002af7860fcf760fcf8607b68002b01d101235fe07b6893f84130dbb2002b07d17868f9f753fe41f28831786800f05efa7b681b681b6823f4f8517b689b68013b1a027b681b680a431a607b689b6c0093fb6800222021786800f056fa0346fb72fb7a002b35d17b681b681a681b4b13407a68526811067a68d26811437a68d26911437a68126a11437a6812680b4313607b681b685a68124b13407a68126911047a68526911437a68926911437a6812680b4353607b681b681a687b681b6842f001021a604b00507b
RX_HEX=5452011401810080ae00000009000000b6485ab1f43e020000aa0000003f2f1d08
RX_FRAME type=0x8101 seq=174 length=9 payload=f43e020000aa000000
WRITE offset=43264: total=147188 verified=43520 pending=0
TX_FRAME type=0x0101 seq=175 length=264
TX_HEX=5452011401010000af00000008010000aa703ad500aa00007f05c0777b6800225a647b68012283f84120fb7a18461037bd4680bd2fffff00fef8e0ff80b588b002aff860b9607a60fcf7eafb3861fb6893f84030dbb2012b01d1022348e0fb68012283f84020fb6893f84130dbb2012b37d1fb6800225a64fb68022283f841207b6800933b6900222021f86800f0e8f90346fb75fb7d002b25d10022b968f86800f015fabb685b6a002b15d17b6800933b6901220221f86800f0d2f90346fb75fb7d002b0fd1fb681b680222da60fb68012283f8412006e0fb68012283f8412001e00223fb75fb68002283f84020fb7d18461837bd4680bd80b58ab002aff860b9607a600023fb77fcf78afbb861fb681b6820337b61fb6893f840304a878c60
RX_HEX=5452011401810080af000000090000002848f07df43e020000ab0000005a48a1b0
RX_FRAME type=0x8101 seq=175 length=9 payload=f43e020000ab000000
WRITE offset=43520: total=147188 verified=43776 pending=0
TX_FRAME type=0x0101 seq=176 length=264
TX_HEX=5452011401010000b0000000080100002d53a17000ab0000be17686adbb2012b01d1022376e0fb68012283f84020fb6893f84130dbb2012b65d1fb6800225a64bb68002b56d0fb68122283f84120fb681b681b695a1cfb68da62fb681b681b695a1cfb689a62fb68ba685a62fb681b685a69fb681b6822f040625a611be07b680093bb6901220421f86800f069f90346fb77fb7f002b13d1fb685b6a1a787b691a70fb685b6a5a1cfb685a62fb68db6a5a1efb68da62fb68db6a002bdfd100e000bffb7f002b10d17b680093bb6901220221f86800f044f90346fb77fb7f002b03d1fb681b680222da60fb68012283f841200ae0fb685b6c43f00802fb685a640123fb7701e00223fb77fb68002283f84020fb7f18462037bd4680bdc35b751e
RX_HEX=5452011401810080b000000009000000af6b6bd8f43e020000ac000000e370762d
RX_FRAME type=0x8101 seq=176 length=9 payload=f43e020000ac000000
WRITE offset=43776: total=147188 verified=44032 pending=0
TX_FRAME type=0x0101 seq=177 length=264
TX_HEX=5452011401010000b100000008010000b3530bbc00ac0000bb97704a80b58ab002aff860b9607a600023fb77fcf7f8fab861fb681b689b697b61fb681b6820333b61fb6893f84030dbb2012b01d102237de0fb68012283f84020fb6893f84130dbb2012b6cd1fb6800225a64bb68002b5dd0fb68222283f84120fb681b681b695a1cfb689a63fb681b681b695a1cfb685a63fb68ba681a63fb681b685b6923f04062fb681b6842f080625a61fb681b687a699a611ce07b680093bb6901220621f86800f0cdf80346fb77fb7f002b14d1fb681b6b3a691278d2b21a70fb681b6b5a1cfb681a63fb689b6b5a1efb689a63fb689b6b002bded100e000bffb7f002b10d17b680093bb6901220221f86800f0a7f80346fb77fb7f002b03d130009c11
RX_HEX=5452011401810080b100000009000000316bc114f43e020000ad0000008617ca95
RX_FRAME type=0x8101 seq=177 length=9 payload=f43e020000ad000000
WRITE offset=44032: total=147188 verified=44288 pending=0
TX_FRAME type=0x0101 seq=178 length=264
TX_HEX=5452011401010000b2000000080100005054843200ad000038ba8eadfb681b680222da60fb68012283f841200ae0fb685b6c43f00802fb685a640123fb7701e00223fb77fb68002283f84020fb7f18462037bd4680bd80b588b002aff860b9607a603b60fcf75cfa3861fb6893f84030dbb2012b01d1022360e0fb68012283f84020fb6893f84130dbb2012b4fd1fb6800225a64fb68422283f841203b6800933b6900222021f86800f05af80346fb75fb7d002b3dd1fb681b687a6812689a62fb681b687a6852685a62fb681b687a689268da62fb681b681b6823f440027b681b691a43fb681b6842f480021a607b68da68bb689a624ff00062b968f86800f066f83b6800933b6901220821f86800f027f80346fb75fb7d002b0ad1b8fa2252
RX_HEX=5452011401810080b200000009000000d26c4e9af43e020000ae00000068b87f87
RX_FRAME type=0x8101 seq=178 length=9 payload=f43e020000ae000000
WRITE offset=44288: total=147188 verified=44544 pending=0
TX_FRAME type=0x0101 seq=179 length=264
TX_HEX=5452011401010000b300000008010000ce542efe00ae00002b61a663fb681b680822da60fb68012283f8412001e00223fb75fb68002283f84020fb7d18461837bd4680bd80b483b000af786039607b683a689a6400bf0c37bd465df8047b704780b584b000aff860b9603b601346fb711ae0bb69b3f1ff3f16d0fcf7d1f902463b68d31aba699a4202d3bb69002b0bd1fb68042283f84120fb685b6c43f00102fb685a6401230ee0fb681b689a68bb681340002b14bf01230023dbb21a46fb799a42d6d1002318461037bd4680bd80b485b000aff860b9607a60bb685b6a002b09d07b68b3f1406f05d0bb689a6afb681b68013a1a61bb689b69002b00f0c180bb681b6a002b63d0fb681b68ba689268da61bb68db69002b31d0bb68fe702c13
RX_HEX=5452011401810080b3000000090000004c6ce456f43e020000af0000000ddfc33f
RX_FRAME type=0x8101 seq=179 length=9 payload=f43e020000af000000
WRITE offset=44544: total=147188 verified=44800 pending=0
TX_FRAME type=0x0101 seq=180 length=264
TX_HEX=5452011401010000b400000008010000d75debf400af000020f53918da6abb681b6b1a43bb685b6b1a43bb685b6a1a43bb685b699b041a43bb681b691a43bb681b6a1a43bb68db681a43bb68db691a43bb689b691a43bb681b6842ea0301fb681b687a680a435a617b68b3f1406f00f03f81fb681b68ba6852689a6138e1bb68da6abb681b6b1a43bb685b6b1a43bb685b6a1a43bb685b699b041a43bb681b691a43bb681b6a1a43bb68db691a43bb689b691a43bb681b6842ea0301fb681b687a680a435a61fb681b6800229a610fe1bb68db69002b2ed0bb68da6abb681b6b1a43bb685b6b1a43bb685b6a1a43bb685b699b041a43bb681b6a1a43bb68db681a43bb68db691a43bb689b691a43bb681b6842ea0301fb681b687a68d7244b0d
RX_HEX=5452011401810080b4000000090000005565215cf43e020000b0000000c498b937
RX_FRAME type=0x8101 seq=180 length=9 payload=f43e020000b0000000
WRITE offset=44800: total=147188 verified=45056 pending=0
PROGRESS 45056/147188
TX_FRAME type=0x0101 seq=181 length=264
TX_HEX=5452011401010000b500000008010000495d413800b00000fb5c30700a435a617b68b3f1406f00f0e380fb681b68ba6852689a61dce0bb68da6abb681b6b1a43bb685b6b1a43bb685b6a1a43bb685b699b041a43bb681b6a1a43bb68db691a43bb689b691a43bb681b6842ea0301fb681b687a680a435a61fb681b6800229a61b6e0bb681b6a002b5dd0fb681b68ba689268da61bb68db69002b2ed0bb68da6abb681b6b1a43bb685b6b1a43bb685b6a1a43bb685b699b041a43bb681b691a43bb681b6a1a43bb68db681a43bb68db691a43bb689b6942ea0301fb681b687a680a435a617b68b3f1406f00f08180fb681b68ba6852689a617ae0bb68da6abb681b6b1a43bb685b6b1a43bb685b6a1a43bb685b699b041a43bb681b69eea7032b
RX_HEX=5452011401810080b500000009000000cb658b90f43e020000b1000000a1ff058f
RX_FRAME type=0x8101 seq=181 length=9 payload=f43e020000b1000000
WRITE offset=45056: total=147188 verified=45312 pending=0
TX_FRAME type=0x0101 seq=182 length=264
TX_HEX=5452011401010000b600000008010000aa5aceb600b100004e7696871a43bb681b6a1a43bb68db691a43bb689b6942ea0301fb681b687a680a435a61fb681b6800229a6154e0bb68db69002b2ad0bb68da6abb681b6b1a43bb685b6b1a43bb685b6a1a43bb685b699b041a43bb681b6a1a43bb68db681a43bb68db691a43bb689b6942ea0301fb681b687a680a435a617b68b3f1406f2bd0fb681b68ba6852689a6125e0bb685b6a002b21d0bb68da6abb681b6b1a43bb685b6b1a43bb685b6a1a43bb685b699b041a43bb681b6a1a43bb68db691a43bb689b6942ea0301fb681b687a680a435a61fb681b6800229a6100bf1437bd465df8047b704780b58cb000af78607b68002b02d1012300f048bc7b681b6803f00103002b00f0c6734ec7
RX_HEX=5452011401810080b6000000090000002862041ef43e020000b20000004f50b09d
RX_FRAME type=0x8101 seq=182 length=9 payload=f43e020000b2000000
WRITE offset=45312: total=147188 verified=45568 pending=0
TX_FRAME type=0x0101 seq=183 length=264
TX_HEX=5452011401010000b700000008010000345a647a00b200005b39f5aa8880994b1b6903f03803fb62964b9b6abb62fb6a102b07d0fb6a182b11d1bb6a03f00303022b0cd18f4b1b6803f40033002b6dd07b685b68002b69d1012300f021bc7b685b68b3f5803f06d1864b1b68854a43f4803313602ee07b685b68002b0cd1814b1b68804a23f4803313607e4b1b687d4a23f4802313601de07b685b68b3f5a02f0cd1784b1b68774a43f480231360754b1b68744a43f4803313600be0714b1b68704a23f4803313606e4b1b686d4a23f4802313607b685b68002b13d0fbf7a0ff786208e0fbf79cff02467b6ad31a642b01d90323d4e3634b1b6803f40033002bf0d014e0fbf78cff786208e0fbf788ff02467b6ad31a642b01d9032379b4e506
RX_HEX=5452011401810080b700000009000000b662aed2f43e020000b30000002a370c25
RX_FRAME type=0x8101 seq=183 length=9 payload=f43e020000b3000000
WRITE offset=45568: total=147188 verified=45824 pending=0
TX_FRAME type=0x0101 seq=184 length=264
TX_HEX=5452011401010000b800000008010000984844a300b300006f952089c0e3594b1b6803f40033002bf0d100e000bf7b681b6803f00203002b00f0ca80514b1b6903f038033b624f4b9b6afb613b6a002b07d03b6a182b56d1fb6903f00303002b51d1484b1b6803f00403002b05d07b68db68002b01d1012392e3424b1b6823f019027b68db683f4913430b60fbf748ff786208e0fbf744ff02467b6ad31a022b01d903237ce3374b1b6803f00403002bf0d0fcf723fa034641f20302934217d87b681b69402b08d12e4b5b6823f47c332c4a43f4003353607ae02a4b5b6823f47c327b681b691b03264913434b606fe0244b5b6823f0fe427b681b691b06214913434b6064e07b68db68002b47d01d4b1b6823f019027b68db681a496e71624d
RX_HEX=5452011401810080b8000000090000001a708e0bf43e020000b4000000930fdbb8
RX_FRAME type=0x8101 seq=184 length=9 payload=f43e020000b4000000
WRITE offset=45824: total=147188 verified=46080 pending=0
TX_FRAME type=0x0101 seq=185 length=264
TX_HEX=5452011401010000b9000000080100000648ee6f00b4000029a33f6213430b60fbf7fefe786208e0fbf7fafe02467b6ad31a022b01d9032332e3124b1b6803f00403002bf0d0fcf7d9f9034641f20302934219d87b681b69402b08d1094b5b6823f47c33074a43f40033536030e0054b5b6823f47c327b681b691b03014913434b6025e0004402589a4b5b6823f0fe427b681b691b06974913434b6018e0954b1b68944a23f001031360fbf7b9fe786208e0fbf7b5fe02467b6ad31a022b01d90323ede28b4b1b6803f00403002bf0d17b681b6803f01003002b00f0a980854b1b6903f03803bb61824b9b6a7b61bb69082b07d0bb69182b3ad17b6903f00303012b35d17b4b1b6803f48073002b05d07b68db69802b01d00123c1e2ac8a2794
RX_HEX=5452011401810080b900000009000000847024c7f43e020000b5000000f6686700
RX_FRAME type=0x8101 seq=185 length=9 payload=f43e020000b5000000
WRITE offset=46080: total=147188 verified=46336 pending=0
TX_FRAME type=0x0101 seq=186 length=264
TX_HEX=5452011401010000ba00000008010000e54f61e100b50000c0b70278fcf76ef9034641f20302934217d87b681b6a202b08d1704b5b6823f0f8436e4a43f08043536075e06b4b5b6823f0f8427b681b6a9b06684913434b606ae0664bdb6823f07c527b681b6a1b0662491343cb605fe07b68db69002b42d05e4b1b685d4a43f080031360fbf74cfe786208e0fbf748fe02467b6ad31a022b01d9032380e2554b1b6803f48073002bf0d0fcf727f9034641f20302934217d87b681b6a202b08d14c4b5b6823f0f8434a4a43f0804353602ee0484b5b6823f0f8427b681b6a9b06444913434b6023e0424bdb6823f07c527b681b6a1b063f491343cb6018e03d4b1b683c4a23f080031360fbf709fe786208e0fbf705fe02467b6ad31aed633451
RX_HEX=5452011401810080ba000000090000006777ab49f43e020000b600000018c7d212
RX_FRAME type=0x8101 seq=186 length=9 payload=f43e020000b6000000
WRITE offset=46336: total=147188 verified=46592 pending=0
TX_FRAME type=0x0101 seq=187 length=264
TX_HEX=5452011401010000bb000000080100007b4fcb2d00b600009383446f022b01d903233de2334b1b6803f48073002bf0d17b681b6803f00803002b36d07b685b69002b19d02b4b5b6f2a4a43f001035367fbf7e6fd786208e0fbf7e2fd02467b6ad31a022b01d903231ae2224b5b6f03f00203002bf0d018e01e4b5b6f1d4a23f001035367fbf7ccfd786208e0fbf7c8fd02467b6ad31a022b01d9032300e2154b5b6f03f00203002bf0d17b681b6803f02003002b39d07b689b69002b1cd00d4b1b680c4a43f480531360fbf7a9fd786208e0fbf7a5fd02467b6ad31a022b01d90323dde1034b1b6803f40053002bf0d01be000bf004402589b4b1b689a4a23f480531360fbf78cfd786208e0fbf788fd02467b6ad31a022b01d9032355fdb49a
RX_HEX=5452011401810080bb00000009000000f9770185f43e020000b70000007da06eaa
RX_FRAME type=0x8101 seq=187 length=9 payload=f43e020000b7000000
WRITE offset=46592: total=147188 verified=46848 pending=0
TX_FRAME type=0x0101 seq=188 length=264
TX_HEX=5452011401010000bc0000000801000062460e2700b70000a9c95d78c0e1924b1b6803f40053002bf0d17b681b6803f00403002b00f081808c4b1b688b4a43f480731360fbf76cfd786208e0fbf768fd02467b6ad31a642b01d90323a0e1834b1b6803f48073002bf0d07b689b68012b06d17d4b1b6f7c4a43f0010313672de07b689b68002b0cd1774b1b6f764a23f001031367744b1b6f734a23f0040313671ce07b689b68052b0cd16f4b1b6f6e4a43f0040313676c4b1b6f6b4a43f0010313670be0684b1b6f674a23f001031367654b1b6f644a23f0040313677b689b68002b15d0fbf71cfd78620ae0fbf718fd02467b6ad31a41f28832934201d903234ee1594b1b6f03f00203002beed014e0fbf706fd78620ae0fbf702fd48f4a68c
RX_HEX=5452011401810080bc00000009000000e07ec48ff43e020000b80000002bb00df2
RX_FRAME type=0x8101 seq=188 length=9 payload=f43e020000b8000000
WRITE offset=46848: total=147188 verified=47104 pending=0
TX_FRAME type=0x0101 seq=189 length=264
TX_HEX=5452011401010000bd00000008010000fc46a4eb00b80000377f6e3c02467b6ad31a41f28832934201d9032338e14e4b1b6f03f00203002beed17b685b6a002b00f02d81484b1b6903f03803182b00f0bd807b685b6a022b40f09e80424b1b68414a23f080731360fbf7dafc786208e0fbf7d6fc02467b6ad31a022b01d903230ee1394b1b6803f00073002bf0d1364b9a6a374b13407a68916a7a68d26a12010a43314913438b627b681b6b013bc3f308027b685b6b013b5b029bb21a437b689b6b013b1b0403f4fe031a437b68db6b013b1b0603f0fe43234913430b63224bdb6a214a23f00103d3621f4b5a6b214b13407a68926cd2001b4913434b631a4bdb6a23f00c027b681b6c17491343cb62154bdb6a23f002027b685b6c160d894d
RX_HEX=5452011401810080bd000000090000007e7e6e43f43e020000b90000004ed7b14a
RX_FRAME type=0x8101 seq=189 length=9 payload=f43e020000b9000000
WRITE offset=47104: total=147188 verified=47360 pending=0
TX_FRAME type=0x0101 seq=190 length=264
TX_HEX=5452011401010000be000000080100001f412b6500b90000e2fdd34e12491343cb62114bdb6a104a43f48033d3620e4bdb6a0d4a43f40033d3620b4bdb6a0a4a43f48023d362084bdb6a074a43f00103d362054b1b68044a43f080731360fbf75ffc786211e000bf00440258004802580cfcffff0700fffffbf752fc02467b6ad31a022b01d903238ae0474b1b6803f00073002bf0d082e0434b1b68424a23f080731360fbf73cfc786208e0fbf738fc02467b6ad31a022b01d9032370e03a4b1b6803f00073002bf0d168e0364b9b6a3b61354b1b6bfb607b685b6a012b31d03b6903f003027b689b6a9a422ad13b691b0903f03f027b68db6a9a4222d1fb68c3f308027b681b6b013b9a421ad1fb685b0a03f07f027b685b6b013bb593ac30
RX_HEX=5452011401810080be000000090000009d79e1cdf43e020000ba000000a0780458
RX_FRAME type=0x8101 seq=190 length=9 payload=f43e020000ba000000
WRITE offset=47360: total=147188 verified=47616 pending=0
TX_FRAME type=0x0101 seq=191 length=264
TX_HEX=5452011401010000bf00000008010000814181a900ba00001d12d5819a4211d1fb681b0c03f07f027b689b6b013b9a4208d1fb681b0e03f07f027b68db6b013b9a4201d001232be0174b5b6bdb08c3f30c033b617b689b6c3a699a421fd0124bdb6a114a23f00103d362fbf7d9fb786200bffbf7d5fb02467b6a9342f9d00a4b5a6b0a4b13407a68926cd200064913434b63054bdb6a044a43f00103d362002318463037bd4680bd004402580700ffff80b586b000af786039607b68002b01d101239ce18a4b1b6803f00f033a689a4210d9874b1b6823f00f0285493b6813430b60834b1b6803f00f033a689a4201d0012384e17b681b6803f00403002b10d07b681a697b4b9b6903f070039a4208d9784b9b6923f070027b681b691fc10038
RX_HEX=5452011401810080bf0000000900000003794b01f43e020000bb000000c51fb8e0
RX_FRAME type=0x8101 seq=191 length=9 payload=f43e020000bb000000
WRITE offset=47616: total=147188 verified=47872 pending=0
TX_FRAME type=0x0101 seq=192 length=264
TX_HEX=5452011401010000c000000008010000bdc2f1dc00bb000084ceb5f9754913438b617b681b6803f00803002b10d07b685a69704bdb6903f070039a4208d96d4bdb6923f070027b685b696a491343cb617b681b6803f01003002b10d07b689a69644bdb6903f4e0639a4208d9614bdb6923f4e0627b689b695e491343cb617b681b6803f02003002b10d07b68da69594b1b6a03f070039a4208d9564b1b6a23f070027b68db69534913430b627b681b6803f00203002b10d07b68da684d4b9b6903f00f039a4208d94a4b9b6923f00f027b68db68474913438b617b681b6803f00103002b55d0434b9b6923f470627b689b68404913438b617b685b68022b07d13c4b1b6803f40033002b21d10123f6e07b685b68032b07d1364b1b68a68851c1
RX_HEX=5452011401810080c0000000090000003ffa3b74f43e020000bc0000007c276f7d
RX_FRAME type=0x8101 seq=192 length=9 payload=f43e020000bc000000
WRITE offset=47872: total=147188 verified=48128 pending=0
TX_FRAME type=0x0101 seq=193 length=264
TX_HEX=5452011401010000c10000000801000023c25b1000bc00002a992f6b03f00073002b15d10123eae07b685b68012b07d1304b1b6803f48073002b09d10123dee02c4b1b6803f00403002b01d10123d6e0284b1b6923f007027b685b68254913430b61fbf7ddfa78610ae0fbf7d9fa02467b69d31a41f28832934201d90323bee01c4b1b6903f038027b685b68db009a42ebd17b681b6803f00203002b10d07b68da68144b9b6903f00f039a4208d2114b9b6923f00f027b68db680e4913438b610b4b1b6803f00f033a689a4214d2084b1b6823f00f0206493b6813430b60044b1b6803f00f033a689a4205d0012386e000200052004402587b681b6803f00403002b10d07b681a693f4b9b6903f070039a4208d23c4b9b6923f070023ba8e43d
RX_HEX=5452011401810080c100000009000000a1fa91b8f43e020000bd0000001940d3c5
RX_FRAME type=0x8101 seq=193 length=9 payload=f43e020000bd000000
WRITE offset=48128: total=147188 verified=48384 pending=0
TX_FRAME type=0x0101 seq=194 length=264
TX_HEX=5452011401010000c200000008010000c0c5d49e00bd000074f472c17b681b69394913438b617b681b6803f00803002b10d07b685a69344bdb6903f070039a4208d2314bdb6923f070027b685b692e491343cb617b681b6803f01003002b10d07b689a69284bdb6903f4e0639a4208d2254bdb6923f4e0627b689b6922491343cb617b681b6803f02003002b10d07b68da691d4b1b6a03f070039a4208d21a4b1b6a23f070027b68db69174913430b6200f034f80246144b9b691b0a03f00f031249cb5c03f01f0322fa03f33b610e4b9b6903f00f030d4ad35c03f01f033a6922fa03f30a4a13600a4a3b6913600a4b1b681846fbf738fa0346fb73fb7b18461837bd4680bd00bf00440258042a0408a8010024a4010024ac010024af8d3241
RX_HEX=5452011401810080c20000000900000042fd1e36f43e020000be000000f7ef66d7
RX_FRAME type=0x8101 seq=194 length=9 payload=f43e020000be000000
WRITE offset=48384: total=147188 verified=48640 pending=0
TX_FRAME type=0x0101 seq=195 length=264
TX_HEX=5452011401010000c3000000080100005ec57e5200be0000e412c74b80b489b000afb34b1b6903f03803182b00f2558101a252f823f000bfbdbd0208fbbf0208fbbf0208fbbf0208fbbf0208fbbf0208fbbf0208fbbf0208e3bd0208fbbf0208fbbf0208fbbf0208fbbf0208fbbf0208fbbf0208fbbf0208e9bd0208fbbf0208fbbf0208fbbf0208fbbf0208fbbf0208fbbf0208fbbf0208efbd0208944b1b6803f02003002b09d0914b1b68db0803f00303904a22fa03f3bb6111e18d4bbb610ee18d4bbb610be18c4bbb6108e1884b9b6a03f003037b61854b9b6a1b0903f03f033b61824bdb6a03f00103fb60804b5b6bdb08c3f30c03fa6802fb03f307ee903af8ee677ac7ed027a3b69002b00f0e1807b69022b00f083807b69ae086991
RX_HEX=5452011401810080c300000009000000dcfdb4faf43e020000bf0000009288da6f
RX_FRAME type=0x8101 seq=195 length=9 payload=f43e020000bf000000
WRITE offset=48640: total=147188 verified=48896 pending=0
TX_FRAME type=0x0101 seq=196 length=264
TX_HEX=5452011401010000c40000000801000047ccbb5800bf00000f071cff022b00f2a1807b69002b03d07b69012b56d099e06f4b1b6803f02003002b2dd06c4b1b68db0803f003036b4a22fa03f37b607b6807ee903af8ee676a3b6907ee903af8ee677a86eea77a624b1b6bc3f3080307ee903af8ee676a97ed026adfed615ac6ee257a76eea77af7ee006a77eea67a67ee277ac7ed077a87e03b6907ee903af8ee677adfed586a86eea77a514b1b6bc3f3080307ee903af8ee676a97ed026adfed505ac6ee257a76eea77af7ee006a77eea67a67ee277ac7ed077a65e03b6907ee903af8ee677adfed486a86eea77a404b1b6bc3f3080307ee903af8ee676a97ed026adfed3f5ac6ee257a76eea77af7ee006a77eea67a67ee277ac7edb80b8b05
RX_HEX=5452011401810080c400000009000000c5f471f0f43e020000c00000005838865c
RX_FRAME type=0x8101 seq=196 length=9 payload=f43e020000c0000000
WRITE offset=48896: total=147188 verified=49152 pending=0
PROGRESS 49152/147188
TX_FRAME type=0x0101 seq=197 length=264
TX_HEX=5452011401010000c500000008010000d9cc119400c0000057385642077a43e03b6907ee903af8ee677adfed386a86eea77a2f4b1b6bc3f3080307ee903af8ee676a97ed026adfed2e5ac6ee257a76eea77af7ee006a77eea67a67ee277ac7ed077a21e03b6907ee903af8ee677adfed266a86eea77a1e4b1b6bc3f3080307ee903af8ee676a97ed026adfed1d5ac6ee257a76eea77af7ee006a77eea67a67ee277ac7ed077a00bf114b1b6b5b0a03f07f0301333b603b6807ee903ab8ee677ad7ed076ac6ee877afceee77a17ee903abb6105e00023bb6102e0074bbb6100bfbb6918462437bd465df8047b704700bf004402580090d00300093d0040787d01000000460024744c0024744a20bcbe4b80b582b000affff781fe024641552da8
RX_HEX=5452011401810080c5000000090000005bf4db3cf43e020000c10000003d5f3ae4
RX_FRAME type=0x8101 seq=197 length=9 payload=f43e020000c1000000
WRITE offset=49152: total=147188 verified=49408 pending=0
TX_FRAME type=0x0101 seq=198 length=264
TX_HEX=5452011401010000c6000000080100003acb9e1a00c10000a9eaac0d104b9b691b0a03f00f030f49cb5c03f01f0322fa03f37b600a4b9b6903f00f03094ad35c03f01f037a6822fa03f3074a1360074a7b681360044b1b6818460837bd4680bd00440258042a0408a8010024a401002480b500affff7ccff0246064bdb691b0903f007030449cb5c03f01f0322fa03f3184680bd00440258042a040880b500affff7b6ff0246064bdb691b0a03f007030449cb5c03f01f0322fa03f3184680bd00440258042a04082de9b04fcab000afc7f81401002387f82731002387f82631d7f81431d3e9002302f00064002554ea050349d0d7f814319b6eb3f5401f2fd0b3f5401f28d8b3f5001f1ad0b3f5001f22d8002b03d0b3f5801f07d017144ba9
RX_HEX=5452011401810080c600000009000000b8f354b2f43e020000c2000000d3f08ff6
RX_FRAME type=0x8101 seq=198 length=9 payload=f43e020000c2000000
WRITE offset=49408: total=147188 verified=49664 pending=0
TX_FRAME type=0x0101 seq=199 length=264
TX_HEX=5452011401010000c700000008010000a4cb34d600c20000b5163cbe1ce0b84bdb6ab74a43f40033d3621ae0d7f8143108330221184601f08ffc034687f827310fe0d7f8143128330221184601f036fd034687f8273104e0012387f8273100e000bf97f82731002b0ad1a54b1b6d23f44011d7f814319b6ea14a0b43136503e097f8273187f82631d7f81431d3e9002302f480784ff0000958ea090347d0d7f814319b6d042b2ad801a252f823f000bfe5c10208f3c1020809c2020827c2020827c202088e4bdb6a8d4a43f40033d3621ae0d7f8143108330021184601f03cfc034687f827310fe0d7f8143128330021184601f0e3fc034687f8273104e0012387f8273100e000bf97f82731002b0ad17b4b1b6d23f00701d7f814318a4dafd4
RX_HEX=5452011401810080c70000000900000026f3fe7ef43e020000c3000000b697334e
RX_FRAME type=0x8101 seq=199 length=9 payload=f43e020000c3000000
WRITE offset=49664: total=147188 verified=49920 pending=0
TX_FRAME type=0x0101 seq=200 length=264
TX_HEX=5452011401010000c80000000801000008d9140f00c30000c47bd4809b6d784a0b43136503e097f8273187f82631d7f81431d3e9002302f4007a4ff0000b5aea0b034cd0d7f81431db6db3f5807f30d0b3f5807f29d8c02b2dd0c02b25d8802b18d0802b21d8002b02d0402b07d01ce0634bdb6a624a43f40033d3621ce0d7f8143108330021184601f0e6fb034687f8273111e0d7f8143128330021184601f08dfc034687f8273106e0012387f8273102e000bf00e000bf97f82731002b0ad14f4b1b6d23f4e071d7f81431db6d4c4a0b43136503e097f8273187f82631d7f81431d3e9002302f48063c7f808310023c7f80c31d7e942120b46134353d0d7f81431d3f8a830b3f5000f35d0b3f5000f2ed8b3f5c00f31d0b3f5c00fcef8d736
RX_HEX=5452011401810080c8000000090000008ae1dea7f43e020000c40000000fafe4d3
RX_FRAME type=0x8101 seq=200 length=9 payload=f43e020000c4000000
WRITE offset=49920: total=147188 verified=50176 pending=0
TX_FRAME type=0x0101 seq=201 length=264
TX_HEX=5452011401010000c90000000801000096d9bec300c400001b7e1c7b28d8b3f5800f1ad0b3f5800f22d8002b03d0b3f5001f07d01ce0324bdb6a314a43f40033d3621ce0d7f8143108330021184601f083fb034687f8273111e0d7f8143128330021184601f02afc034687f8273106e0012387f8273102e000bf00e000bf97f82731002b0bd11e4b9b6d23f46001d7f81431d3f8a8301a4a0b43936503e097f8273187f82631d7f81431d3e9002302f40063c7f800310023c7f80431d7e940120b46134356d0d7f81431d3f8ac30b3f1806f38d0b3f1806f31d8b3f1407f34d0b3f1407f2bd8b3f1007f1dd0b3f1007f25d8002b06d0b3f1807f0ad01fe000bf00440258a24bdb6aa14a43f40033d3621ce0d7f81431083300211846a9db91b7
RX_HEX=5452011401810080c90000000900000014e1746bf43e020000c50000006ac8586b
RX_FRAME type=0x8101 seq=201 length=9 payload=f43e020000c5000000
WRITE offset=50176: total=147188 verified=50432 pending=0
TX_FRAME type=0x0101 seq=202 length=264
TX_HEX=5452011401010000ca0000000801000075de314d00c50000fa1aea0901f01cfb034687f8273111e0d7f8143128330021184601f0c3fb034687f8273106e0012387f8273102e000bf00e000bf97f82731002b0bd18e4b9b6d23f0e061d7f81431d3f8ac308a4a0b43936503e097f8273187f82631d7f81431d3e9002302f00073c7f8f8300023c7f8fc30d7e93e120b4613433ad0d7f81431db6c302b1fd0302b19d8202b0cd0202b15d8002b19d0102b11d1774bdb6a764a43f40033d36211e0d7f8143108330221184601f0c5fa034687f8273106e0012387f8273102e000bf00e000bf97f82731002b0ad1684bdb6c23f03001d7f81431db6c654a0b43d36403e097f8273187f82631d7f81431d3e9002302f48053c7f8f0300023167c8856
RX_HEX=5452011401810080ca00000009000000f7e6fbe5f43e020000c60000008467ed79
RX_FRAME type=0x8101 seq=202 length=9 payload=f43e020000c6000000
WRITE offset=50432: total=147188 verified=50688 pending=0
TX_FRAME type=0x0101 seq=203 length=264
TX_HEX=5452011401010000cb00000008010000ebde9b8100c600007a0f2bd4c7f8f430d7e93c120b46134351d0d7f814311b6eb3f5804f35d0b3f5804f2ed8b3f5405f31d0b3f5405f28d8b3f5005f1ad0b3f5005f22d8002b03d0b3f5805f07d01ce04b4bdb6a4a4a43f40033d3621ce0d7f8143108330021184601f06efa034687f8273111e0d7f8143128330021184601f015fb034687f8273106e0012387f8273102e000bf00e000bf97f82731002b0ad1374b1b6d23f4e041d7f814311b6e344a0b43136503e097f8273187f82631d7f81431d3e9002302f40053c7f8e8300023c7f8ec30d7e93a120b46134356d0d7f814315b6eb3f5a02f33d0b3f5a02f2cd8b3f5802f2fd0b3f5802f26d8b3f5403f2bd0b3f5403f20d8b3f5003f14bdacf6
RX_HEX=5452011401810080cb0000000900000069e65129f43e020000c7000000e10051c1
RX_FRAME type=0x8101 seq=203 length=9 payload=f43e020000c7000000
WRITE offset=50688: total=147188 verified=50944 pending=0
TX_FRAME type=0x0101 seq=204 length=264
TX_HEX=5452011401010000cc00000008010000f2d75e8b00c70000f42debce12d0b3f5003f1ad8002b22d0b3f5803f15d1d7f8143108330121184601f00efa034687f8273115e0d7f8143128330121184601f0b5fa034687f827310ae0012387f8273106e000bf04e000bf02e000bf00e000bf97f82731002b0dd1054b1b6d23f4e021d7f814315b6e024a0b43136506e000bf0044025897f8273187f82631d7f81431d3e9002302f48043c7f8e0300023c7f8e430d7e938120b46134355d0d7f81431d3f8b030b3f1a04f33d0b3f1a04f2cd8b3f1804f2fd0b3f1804f26d8b3f1405f2bd0b3f1405f20d8b3f1005f12d0b3f1005f1ad8002b22d0b3f1805f15d1d7f8143108330121184601f0a6f9034687f8273115e0d7f81431283301217140caff
RX_HEX=5452011401810080cc0000000900000070ef9423f43e020000c8000000b7103299
RX_FRAME type=0x8101 seq=204 length=9 payload=f43e020000c8000000
WRITE offset=50944: total=147188 verified=51200 pending=0
TX_FRAME type=0x0101 seq=205 length=264
TX_HEX=5452011401010000cd000000080100006cd7f44700c800005e33d447184601f04dfa034687f827310ae0012387f8273106e000bf04e000bf02e000bf00e000bf97f82731002b0bd1a34b9b6d23f0e041d7f81431d3f8b0309f4a0b43936503e097f8273187f82631d7f81431d3e9002302f40043c7f8d8300023c7f8dc30d7e936120b46134337d0d7f814311b6fb3f1005f0ed0b3f1005f16d8002b18d0b3f1805f11d18c4bdb6a8b4a43f40033d3620fe0d7f8143108330121184601f04cf9034687f8273104e0012387f8273100e000bf97f82731002b0ad17f4b1b6d23f04051d7f814311b6f7b4a0b43136503e097f8273187f82631d7f81431d3e9002302f08073c7f8d0300023c7f8d430d7e934120b46134339d0d7f8143154a8ff90
RX_HEX=5452011401810080cd00000009000000eeef3eeff43e020000c9000000d2778e21
RX_FRAME type=0x8101 seq=205 length=9 payload=f43e020000c9000000
WRITE offset=51200: total=147188 verified=51456 pending=0
TX_FRAME type=0x0101 seq=206 length=264
TX_HEX=5452011401010000ce000000080100008fd07bc900c90000244d92d99b6c032b1cd801a252f823f085c8020859c8020867c8020885c80208674bdb6a664a43f40033d3620fe0d7f8143108330221184601f002f9034687f8273104e0012387f8273100e000bf97f82731002b0ad15a4bdb6c23f00301d7f814319b6c564a0b43d36403e097f8273187f82631d7f81431d3e9002302f48003c7f8c8300023c7f8cc30d7e932120b46134300f09f804b4b1b684a4a43f480731360faf731fcc7f820010be0faf72cfc0246d7f82031d31a642b03d9032387f8273105e03f4b1b6803f48073002bedd097f82731002b79d1394b1a6fd7f81431d3f8b430534003f44073002b15d0344b1b6f23f44073c7f81c31314b1b6f304a43f48033b25cacf5
RX_HEX=5452011401810080ce000000090000000de8b161f43e020000ca0000003cd83b33
RX_FRAME type=0x8101 seq=206 length=9 payload=f43e020000ca000000
WRITE offset=51456: total=147188 verified=51712 pending=0
TX_FRAME type=0x0101 seq=207 length=264
TX_HEX=5452011401010000cf0000000801000011d0d10500ca000089923c2213672e4b1b6f2d4a23f4803313672b4ad7f81c311367d7f81431d3f8b430b3f5807f18d1faf7eefbc7f820010de0faf7e9fb0246d7f82031d21a41f288339a4203d9032387f8273105e01c4b1b6f03f00203002bebd097f82731002b29d1d7f81431d3f8b43003f44073b3f5407f0ed1124b1b6923f47c51d7f81431d3f8b4301a09104b13400d4a0b43136105e00b4b1b690a4a23f47c531361084b196fd7f81431d3f8b430c3f30b03044a0b4313670ee097f8273187f8263109e00044025800480258cfffff0097f8273187f82631d7f81431d3e9002302f00103c7f8c0300023c7f8c430d7e930120b46134300f08980d7f81431db6f282b6bd801a252f8b1641205
RX_HEX=5452011401810080cf0000000900000093e81badf43e020000cb00000059bf878b
RX_FRAME type=0x8101 seq=207 length=9 payload=f43e020000cb000000
WRITE offset=51712: total=147188 verified=51968 pending=0
TX_FRAME type=0x0101 seq=208 length=264
TX_HEX=5452011401010000d00000000801000096f34aa000cb00000b3cfef123f000bf19cb020811cb020811cb020811cb020811cb020811cb020811cb020811cb0208e5ca020811cb020811cb020811cb020811cb020811cb020811cb020811cb0208fbca020811cb020811cb020811cb020811cb020811cb020811cb020811cb020819cb020811cb020811cb020811cb020811cb020811cb020811cb020811cb020819cb020811cb020811cb020811cb020811cb020811cb020811cb020811cb020819cb0208d7f8143108330121184600f0c3ff034687f827310fe0d7f8143128330121184601f06af8034687f8273104e0012387f8273100e000bf97f82731002b0ad1bf4b5b6d23f03801d7f81431db6fbb4a0b43536503e097f82731475fa519
RX_HEX=5452011401810080d00000000900000014cb8008f43e020000cc000000e0875016
RX_FRAME type=0x8101 seq=208 length=9 payload=f43e020000cc000000
WRITE offset=51968: total=147188 verified=52224 pending=0
TX_FRAME type=0x0101 seq=209 length=264
TX_HEX=5452011401010000d10000000801000008f3e06c00cc00000b02d68787f82631d7f81431d3e9002302f00203c7f8b8300023c7f8bc30d7e92e120b46134341d0d7f814319b6f052b24d801a252f823f0bdcb020889cb02089fcb0208bdcb0208bdcb0208bdcb0208d7f8143108330121184600f071ff034687f827310fe0d7f8143128330121184601f018f8034687f8273104e0012387f8273100e000bf97f82731002b0ad1964b5b6d23f00701d7f814319b6f924a0b43536503e097f8273187f82631d7f81431d3e9002302f00403c7f8b0300023c7f8b430d7e92c120b46134344d0d7f81431d3f89430052b25d801a252f823f000bf65cc020831cc020847cc020865cc020865cc020865cc0208d7f8143108330121184600f096b8a930
RX_HEX=5452011401810080d1000000090000008acb2ac4f43e020000cd00000085e0ecae
RX_FRAME type=0x8101 seq=209 length=9 payload=f43e020000cd000000
WRITE offset=52224: total=147188 verified=52480 pending=0
TX_FRAME type=0x0101 seq=210 length=264
TX_HEX=5452011401010000d200000008010000ebf46fe200cd0000961f4c921dff034687f827310fe0d7f8143128330121184600f0c4ff034687f8273104e0012387f8273100e000bf97f82731002b0bd16c4b9b6d23f00701d7f81431d3f89430684a0b43936503e097f8273187f82631d7f81431d3e9002302f02003c7f8a8300023c7f8ac30d7e92a120b46134355d0d7f81431d3f89030b3f1a04f33d0b3f1a04f2cd8b3f1804f2fd0b3f1804f26d8b3f1405f2bd0b3f1405f20d8b3f1005f12d0b3f1005f1ad8002b22d0b3f1805f15d1d7f8143108330021184600f0bdfe034687f8273115e0d7f8143128330221184600f064ff034687f827310ae0012387f8273106e000bf04e000bf02e000bf00e000bf97f82731002b0bd1394b28b9cc0c
RX_HEX=5452011401810080d20000000900000069cca54af43e020000ce0000006b4f59bc
RX_FRAME type=0x8101 seq=210 length=9 payload=f43e020000ce000000
WRITE offset=52480: total=147188 verified=52736 pending=0
TX_FRAME type=0x0101 seq=211 length=264
TX_HEX=5452011401010000d30000000801000075f4c52e00ce0000030fd4b45b6d23f0e041d7f81431d3f89030354a0b43536503e097f8273187f82631d7f81431d3e9002302f04003c7f8a0300023c7f8a430d7e928120b46134358d0d7f81431d3f89c30b3f5a05f33d0b3f5a05f2cd8b3f5805f2fd0b3f5805f26d8b3f5406f2bd0b3f5406f20d8b3f5006f12d0b3f5006f1ad8002b22d0b3f5806f15d1d7f8143108330021184600f057fe034687f8273115e0d7f8143128330221184600f0fefe034687f827310ae0012387f8273106e000bf04e000bf02e000bf00e000bf97f82731002b0ed1064b9b6d23f4e051d7f81431d3f89c30024a0b43936506e000bf0044025897f8273187f82631d7f81431d3e9002302f08003c7f898305c4ec2d2
RX_HEX=5452011401810080d300000009000000f7cc0f86f43e020000cf0000000e28e504
RX_FRAME type=0x8101 seq=211 length=9 payload=f43e020000cf000000
WRITE offset=52736: total=147188 verified=52992 pending=0
TX_FRAME type=0x0101 seq=212 length=264
TX_HEX=5452011401010000d4000000080100006cfd002400cf00008b93e66e0023c7f89c30d7e926120b46134355d0d7f81431d3f8a030b3f5204f33d0b3f5204f2cd8b3f5004f2fd0b3f5004f26d8b3f5c04f2bd0b3f5c04f20d8b3f5804f12d0b3f5804f1ad8002b22d0b3f5005f15d1d7f8143108330021184600f0eefd034687f8273115e0d7f8143128330221184600f095fe034687f827310ae0012387f8273106e000bf04e000bf02e000bf00e000bf97f82731002b0bd1a14b9b6d23f46041d7f81431d3f8a0309d4a0b43936503e097f8273187f82631d7f81431d3e9002302f00803c7f890300023c7f89430d7e924120b4613431ed0d7f81431d3f88430b3f5805f0cd1d7f8143128330221184600f054fe0346002b02d001236cbdb60a
RX_HEX=5452011401810080d400000009000000eec5ca8cf43e020000d0000000c76f9f0c
RX_FRAME type=0x8101 seq=212 length=9 payload=f43e020000d0000000
WRITE offset=52992: total=147188 verified=53248 pending=0
PROGRESS 53248/147188
TX_FRAME type=0x0101 seq=213 length=264
TX_HEX=5452011401010000d500000008010000f2fdaae800d00000fcd3c8aa87f82631874b5b6d23f44051d7f81431d3f88430834a0b435365d7f81431d3e9002302f01003c7f888300023c7f88c30d7e922120b4613431ed0d7f81431d3f89830b3f5807f0cd1d7f8143128330221184600f025fe0346002b02d0012387f82631704b9b6d23f44071d7f81431d3f898306c4a0b439365d7f81431d3e9002302f40023c7f880300023c7f88430d7e920120b4613433ed0d7f81431d3f8a430b3f5003f22d0b3f5003f1bd8002b03d0b3f5803f0bd015e0d7f8143108330021184600f03bfd034687f827310fe0d7f8143128330221184600f0e2fd034687f8273104e0012387f8273100e000bf97f82731002b0bd14b4b9b6d23f44031d7f879a59eac
RX_HEX=5452011401810080d50000000900000070c56040f43e020000d1000000a20823b4
RX_FRAME type=0x8101 seq=213 length=9 payload=f43e020000d1000000
WRITE offset=53248: total=147188 verified=53504 pending=0
TX_FRAME type=0x0101 seq=214 length=264
TX_HEX=5452011401010000d60000000801000011fa256600d1000035c9ac851431d3f8a430474a0b43936503e097f8273187f82631d7f81431d3e9002302f48023bb670023fb67d7e91e120b4613433bd0d7f81431d3f88830b3f5401f1fd0b3f5401f18d8b3f5801f03d0b3f5001f07d011e0334bdb6a324a43f40033d3620fe0d7f8143128330121184600f098fd034687f8273104e0012387f8273100e000bf97f82731002b0bd1264b5b6d23f44011d7f81431d3f88830224a0b43536503e097f8273187f82631d7f81431d3e9002302f480333b6700237b67d7e91c120b46134334d0d7f814311b6d002b03d0b3f5803f07d011e0124bdb6a114a43f40033d3620ee0d7f8143108330221184600f0a4fc034687f8273103e0012387f847ff6a41
RX_HEX=5452011401810080d60000000900000093c2efcef43e020000d20000004ca796a6
RX_FRAME type=0x8101 seq=214 length=9 payload=f43e020000d2000000
WRITE offset=53504: total=147188 verified=53760 pending=0
TX_FRAME type=0x0101 seq=215 length=264
TX_HEX=5452011401010000d7000000080100008ffa8faa00d20000914e1a67273100bf97f82731002b0dd1054bdb6c23f48031d7f814311b6d024a0b43d36406e000bf0044025897f8273187f82631d7f81431d3e9002302f00053bb660023fb66d7e91a120b4613430cd0d7f8143128330221184600f023fd0346002b02d0012387f82631d7f81431d3e9002302f400333b6600237b66d7e918120b46134338d0d7f81431d3f88030b3f5407f18d0b3f5407f11d8b3f5007f14d0b3f5007f0bd8002b11d0b3f5807f06d1c34bdb6ac24a43f40033d36208e0012387f8273104e000bf02e000bf00e000bf97f82731002b0bd1b94b5b6d23f44071d7f81431d3f88030b54a0b43536503e097f8273187f82631d7f81431d3e9002302f480133726139c
RX_HEX=5452011401810080d7000000090000000dc24502f43e020000d300000029c02a1e
RX_FRAME type=0x8101 seq=215 length=9 payload=f43e020000d3000000
WRITE offset=53760: total=147188 verified=54016 pending=0
TX_FRAME type=0x0101 seq=216 length=264
TX_HEX=5452011401010000d80000000801000023e8af7300d300006eef79f1bb650023fb65d7e916120b46134309d0aa4b1b6d23f00041d7f814315b6fa74a0b431365d7f81431d3e9002302f080533b6500237b65d7e914120b4613430ad09e4b1b6923f48041d7f81431d3f8b8309a4a0b431361d7f81431d3e9002302f40013bb640023fb64d7e912120b46134309d0924b1b6d23f08071d7f81431db6e8e4a0b431365d7f81431d3e9002302f080433b6400237b64d7e910120b4613430ed0864b1b69854a23f400431361834b1969d7f81431d3f8bc30804a0b431361d7f81431d3e9002302f00043bb630023fb63d7e90e120b46134309d0774bdb6c23f04051d7f814315b6d744a0b43d364d7f81431d3e9002302f400033b6300239ef96e96
RX_HEX=5452011401810080d800000009000000a1d065dbf43e020000d400000090f8fd83
RX_FRAME type=0x8101 seq=216 length=9 payload=f43e020000d4000000
WRITE offset=54016: total=147188 verified=54272 pending=0
TX_FRAME type=0x0101 seq=217 length=264
TX_HEX=5452011401010000d900000008010000bde805bf00d40000bbdc1c427b63d7e90c120b4613430ad06b4b5b6d23f44001d7f81431d3f88c30674a0b435365d7f81431d3e900230021b96203f00103fb62d7e90a120b46134311d0d7f8143108330021184600f078fb034687f8273197f82731002b03d097f8273187f82631d7f81431d3e900230021396203f002037b62d7e908120b46134311d0d7f8143108330121184600f058fb034687f8273197f82731002b03d097f8273187f82631d7f81431d3e900230021b96103f00403fb61d7e906120b46134311d0d7f8143108330221184600f038fb034687f8273197f82731002b03d097f8273187f82631d7f81431d3e900230021396103f008037b61d7e904120b46134311d0d7f842b44fa8
RX_HEX=5452011401810080d9000000090000003fd0cf17f43e020000d5000000f59f413b
RX_FRAME type=0x8101 seq=217 length=9 payload=f43e020000d5000000
WRITE offset=54272: total=147188 verified=54528 pending=0
TX_FRAME type=0x0101 seq=218 length=264
TX_HEX=5452011401010000da000000080100005eef8a3100d50000780b24bf143128330021184600f0cafb034687f8273197f82731002b03d097f8273187f82631d7f81431d3e900230021b96003f01003fb60d7e902120b46134311d0d7f8143128330121184600f0aafb034687f8273197f82731002b03d097f8273187f82631d7f81431d3e900230021396003f020037b60d7e900120b46134311d0d7f8143128330221184600f08afb034687f8273197f82731002b03d097f8273187f8263197f82631002b01d1002300e00123184607f59477bd46bde8b08f0044025880b500affef796fd0246064b1b6a1b0903f007030449cb5c03f01f0322fa03f3184680bd00440258042a040880b489b000af7860a14b9b6a03f00303bb619f4b9ab1b4e2
RX_HEX=5452011401810080da00000009000000dcd74099f43e020000d60000001b30f429
RX_FRAME type=0x8101 seq=218 length=9 payload=f43e020000d6000000
WRITE offset=54528: total=147188 verified=54784 pending=0
TX_FRAME type=0x0101 seq=219 length=264
TX_HEX=5452011401010000db00000008010000c0ef20fd00d6000006ec5f309b6a1b0b03f03f037b619c4bdb6a1b0903f001033b61994bdb6bdb08c3f30c033a6902fb03f307ee903af8ee677ac7ed037a7b69002b00f01181bb69022b00f08380bb69022b00f2a180bb69002b03d0bb69012b56d099e0884b1b6803f02003002b2dd0854b1b68db0803f00303844a22fa03f3bb60bb6807ee903af8ee676a7b6907ee903af8ee677a86eea77a7b4b9b6bc3f3080307ee903af8ee676a97ed036adfed785ac6ee257a76eea77af7ee006a77eea67a67ee277ac7ed077a87e07b6907ee903af8ee677adfed6f6a86eea77a6a4b9b6bc3f3080307ee903af8ee676a97ed036adfed675ac6ee257a76eea77af7ee006a77eea67a67ee277ac7ed8c488120
RX_HEX=5452011401810080db0000000900000042d7ea55f43e020000d70000007e574891
RX_FRAME type=0x8101 seq=219 length=9 payload=f43e020000d7000000
WRITE offset=54784: total=147188 verified=55040 pending=0
TX_FRAME type=0x0101 seq=220 length=264
TX_HEX=5452011401010000dc00000008010000d9e6e5f700d70000e74698e0077a65e07b6907ee903af8ee677adfed5f6a86eea77a594b9b6bc3f3080307ee903af8ee676a97ed036adfed565ac6ee257a76eea77af7ee006a77eea67a67ee277ac7ed077a43e07b6907ee903af8ee677adfed4f6a86eea77a484b9b6bc3f3080307ee903af8ee676a97ed036adfed455ac6ee257a76eea77af7ee006a77eea67a67ee277ac7ed077a21e07b6907ee903af8ee677adfed3d6a86eea77a374b9b6bc3f3080307ee903af8ee676a97ed036adfed345ac6ee257a76eea77af7ee006a77eea67a67ee277ac7ed077a00bf2a4b9b6b5b0a03f07f0307ee903af8ee677ab7ee007a37ee877ad7ed076ac6ee877afceee77a17ee902a7b681a601f4b05f4bbbc
RX_HEX=5452011401810080dc000000090000005bde2f5ff43e020000d800000028472bc9
RX_FRAME type=0x8101 seq=220 length=9 payload=f43e020000d8000000
WRITE offset=55040: total=147188 verified=55296 pending=0
TX_FRAME type=0x0101 seq=221 length=264
TX_HEX=5452011401010000dd0000000801000047e64f3b00d8000014ff1ee59b6b1b0c03f07f0307ee903af8ee677ab7ee007a37ee877ad7ed076ac6ee877afceee77a17ee902a7b685a60134b9b6b1b0e03f07f0307ee903af8ee677ab7ee007a37ee877ad7ed076ac6ee877afceee77a17ee902a7b689a6008e07b6800221a607b6800225a607b6800229a6000bf2437bd465df8047b704700bf004402580090d003000000460024744c0024744a20bcbe4b80b489b000af7860a14b9b6a03f00303bb619f4b9b6a1b0d03f03f037b619c4bdb6a1b0a03f001033b61994b5b6cdb08c3f30c033a6902fb03f307ee903af8ee677ac7ed037a7b69002b00f01181bb69022b00f08380bb69022b00f2a180bb69002b03d0bb69012b56d099e0f45a1a33
RX_HEX=5452011401810080dd00000009000000c5de8593f43e020000d90000004d209771
RX_FRAME type=0x8101 seq=221 length=9 payload=f43e020000d9000000
WRITE offset=55296: total=147188 verified=55552 pending=0
TX_FRAME type=0x0101 seq=222 length=264
TX_HEX=5452011401010000de00000008010000a4e1c0b500d90000e36ce23f884b1b6803f02003002b2dd0854b1b68db0803f00303844a22fa03f3bb60bb6807ee903af8ee676a7b6907ee903af8ee677a86eea77a7b4b1b6cc3f3080307ee903af8ee676a97ed036adfed785ac6ee257a76eea77af7ee006a77eea67a67ee277ac7ed077a87e07b6907ee903af8ee677adfed6f6a86eea77a6a4b1b6cc3f3080307ee903af8ee676a97ed036adfed675ac6ee257a76eea77af7ee006a77eea67a67ee277ac7ed077a65e07b6907ee903af8ee677adfed5f6a86eea77a594b1b6cc3f3080307ee903af8ee676a97ed036adfed565ac6ee257a76eea77af7ee006a77eea67a67ee277ac7ed077a43e07b6907ee903af8ee677adfed4f6a86ee0ff84ace
RX_HEX=5452011401810080de0000000900000026d90a1df43e020000da000000a38f2263
RX_FRAME type=0x8101 seq=222 length=9 payload=f43e020000da000000
WRITE offset=55552: total=147188 verified=55808 pending=0
TX_FRAME type=0x0101 seq=223 length=264
TX_HEX=5452011401010000df000000080100003ae16a7900da0000ecdec482a77a484b1b6cc3f3080307ee903af8ee676a97ed036adfed455ac6ee257a76eea77af7ee006a77eea67a67ee277ac7ed077a21e07b6907ee903af8ee677adfed3d6a86eea77a374b1b6cc3f3080307ee903af8ee676a97ed036adfed345ac6ee257a76eea77af7ee006a77eea67a67ee277ac7ed077a00bf2a4b1b6c5b0a03f07f0307ee903af8ee677ab7ee007a37ee877ad7ed076ac6ee877afceee77a17ee902a7b681a601f4b1b6c1b0c03f07f0307ee903af8ee677ab7ee007a37ee877ad7ed076ac6ee877afceee77a17ee902a7b685a60134b1b6c1b0e03f07f0307ee903af8ee677ab7ee007a37ee877ad7ed076ac6ee877afceee77a17ee902a7b68fc98c80b
RX_HEX=5452011401810080df00000009000000b8d9a0d1f43e020000db000000c6e89edb
RX_FRAME type=0x8101 seq=223 length=9 payload=f43e020000db000000
WRITE offset=55808: total=147188 verified=56064 pending=0
TX_FRAME type=0x0101 seq=224 length=264
TX_HEX=5452011401010000e000000008010000eba0872500db0000f184ea7a9a6008e07b6800221a607b6800225a607b6800229a6000bf2437bd465df8047b704700bf004402580090d003000000460024744c0024744a20bcbe4b80b584b000af786039600023fb73534b9b6a03f00303032b01d1012399e04f4b1b684e4a23f080631360f9f74dfbb86008e0f9f749fb0246bb68d31a022b01d9032386e0454b1b6803f00063002bf0d1424b9b6a23f47c327b681b681b033f4913438b627b685b68013bc3f308027b689b68013b5b029bb21a437b68db68013b1b0403f4fe031a437b681b69013b1b0603f0fe43314913438b63304bdb6a23f0c0027b685b692d491343cb622b4bdb6a23f020027b689b6928491343cb62274bdb6a264abe220d8a
RX_HEX=5452011401810080e00000000900000069984d8df43e020000dc0000007fd04946
RX_FRAME type=0x8101 seq=224 length=9 payload=f43e020000dc000000
WRITE offset=56064: total=147188 verified=56320 pending=0
TX_FRAME type=0x0101 seq=225 length=264
TX_HEX=5452011401010000e10000000801000075a02de900dc000065b1a79923f01003d362244bda6b244b13407a68d269d20020491343cb631f4bdb6a1e4a43f01003d3623b68002b06d11a4bdb6a194a43f40023d3620fe03b68012b06d1154bdb6a144a43f48013d36205e0124bdb6a114a43f40013d3620f4b1b680e4a43f080631360f9f7cdfab86008e0f9f7c9fa0246bb68d31a022b01d9032306e0054b1b6803f00063002bf0d0fb7b18461037bd4680bd00bf004402580700ffff80b584b000af786039600023fb73534b9b6a03f00303032b01d1012399e04f4b1b684e4a23f080531360f9f79bfab86008e0f9f797fa0246bb68d31a022b01d9032386e0454b1b6803f00053002bf0d1424b9b6a23f07c727b681b681b053f4900cabd25
RX_HEX=5452011401810080e100000009000000f798e741f43e020000dd0000001ab7f5fe
RX_FRAME type=0x8101 seq=225 length=9 payload=f43e020000dd000000
WRITE offset=56320: total=147188 verified=56576 pending=0
TX_FRAME type=0x0101 seq=226 length=264
TX_HEX=5452011401010000e20000000801000096a7a26700dd0000576cb60f13438b627b685b68013bc3f308027b689b68013b5b029bb21a437b68db68013b1b0403f4fe031a437b681b69013b1b0603f0fe43314913430b64304bdb6a23f440627b685b692d491343cb622b4bdb6a23f400727b689b6928491343cb62274bdb6a264a23f48073d362244b5a6c244b13407a68d269d200204913434b641f4bdb6a1e4a43f48073d3623b68002b06d11a4bdb6a194a43f48003d3620fe03b68012b06d1154bdb6a144a43f40003d36205e0124bdb6a114a43f08073d3620f4b1b680e4a43f080531360f9f71bfab86008e0f9f717fa0246bb68d31a022b01d9032306e0054b1b6803f00053002bf0d0fb7b18461037bd4680bd00bf0044025886b486ec
RX_HEX=5452011401810080e200000009000000149f68cff43e020000de000000f41840ec
RX_FRAME type=0x8101 seq=226 length=9 payload=f43e020000de000000
WRITE offset=56576: total=147188 verified=56832 pending=0
TX_FRAME type=0x0101 seq=227 length=264
TX_HEX=5452011401010000e30000000801000008a708ab00de0000d1336d490700ffff80b582b000af78607b68002b01d1012342e07b68d3f88830002b06d17b68002283f884207868f8f73bf87b682422c3f888207b681b681a687b681b6822f001021a607b689b6a002b02d0786801f050fa786800f0e5fc0346012b01d101231be07b681b685a687b681b6822f490425a607b681b689a687b681b6822f02a029a607b681b681a687b681b6842f001021a60786801f0cffa034618460837bd4680bd80b582b000af78607b68002b01d1012331e07b682422c3f888207b681b681a687b681b6822f001021a607b681b6800221a607b681b6800225a607b681b6800229a607868f8f75ef87b680022c3f890207b680022c3f888207b680022e4e40921
RX_HEX=5452011401810080e3000000090000008a9fc203f43e020000df000000917ffc54
RX_FRAME type=0x8101 seq=227 length=9 payload=f43e020000df000000
WRITE offset=56832: total=147188 verified=57088 pending=0
TX_FRAME type=0x0101 seq=228 length=264
TX_HEX=5452011401010000e40000000801000011aecda100df0000030640e7c3f88c207b680022da667b6800221a677b68002283f88420002318460837bd4680bd000080b58ab000aff860b9601346fb80fb68d3f88830202b67d1bb68002b02d0fb88002b01d1012360e0fb68ba681a65fb68fa88a3f85420fb68fa88a3f85620fb680022c3f89020fb682122c3f88820fb68db6f002b28d0fb68db6f264ada63fb68db6f254a1a64fb68db6f244ada64fb68db6f00221a65fb68d86ffb681b6d1946fb681b6828331a46fb88f9f7ddfd0346002b09d0fb681022c3f89020fb682022c3f88820012320e0fb681b6840221a62fb681b6808337b617b6953e8003f3b613b6943f080037b62fb681b6808337a6a3a62fb61f9693a6a41e80023cd41719d
RX_HEX=5452011401810080e40000000900000093960709f43e020000e00000006697b4fc
RX_FRAME type=0x8101 seq=228 length=9 payload=f43e020000e0000000
WRITE offset=57088: total=147188 verified=57344 pending=0
PROGRESS 57344/147188
TX_FRAME type=0x0101 seq=229 length=264
TX_HEX=5452011401010000e5000000080100008fae676d00e00000efb345dbbb61bb69002be5d1002300e0022318462837bd4680bd00bff1f6020887f70208a3f7020880b5bab000af78607b681b68db69c7f8e4307b681b681b68c7f8e0307b681b689b68c7f8dc30d7f8e42040f60f031340c7f8d830d7f8d830002b1bd1d7f8e43003f02003002b15d0d7f8e03003f02003002b05d1d7f8dc3003f08053002b09d07b685b6f002b00f093837b685b6f786898478de3d7f8d830002b00f02381d7f8dc208d4b1340002b06d1d7f8e0208b4b1340002b00f01681d7f8e43003f00103002b11d0d7f8e03003f48073002b0bd07b681b6801221a627b68d3f8903043f001027b68c3f89020d7f8e43003f00203002b11d0d7f8dc3003f001036c7082c5
RX_HEX=5452011401810080e5000000090000000d96adc5f43e020000e100000003f00844
RX_FRAME type=0x8101 seq=229 length=9 payload=f43e020000e1000000
WRITE offset=57344: total=147188 verified=57600 pending=0
TX_FRAME type=0x0101 seq=230 length=264
TX_HEX=5452011401010000e6000000080100006ca9e8e300e1000017830dda002b0bd07b681b6802221a627b68d3f8903043f004027b68c3f89020d7f8e43003f00403002b11d0d7f8dc3003f00103002b0bd07b681b6804221a627b68d3f8903043f002027b68c3f89020d7f8e43003f00803002b17d0d7f8e03003f02003002b05d1d7f8dc205c4b1340002b0bd07b681b6808221a627b68d3f8903043f008027b68c3f89020d7f8e43003f40063002b12d0d7f8e03003f08063002b0cd07b681b684ff400621a627b68d3f8903043f020027b68c3f890207b68d3f89030002b00f0f982d7f8e43003f02003002b13d0d7f8e03003f02003002b05d1d7f8dc3003f08053002b07d07b685b6f002b03d07b685b6f786898477b68d3f89030784f1846
RX_HEX=5452011401810080e600000009000000ee91224bf43e020000e2000000ed5fbd56
RX_FRAME type=0x8101 seq=230 length=9 payload=f43e020000e2000000
WRITE offset=57600: total=147188 verified=57856 pending=0
TX_FRAME type=0x0101 seq=231 length=264
TX_HEX=5452011401010000e700000008010000f2a9422f00e20000457a2879c7f8d4307b681b689b6803f04003402b05d0d7f8d43003f02803002b54d0786801f062fa7b681b689b6803f04003402b46d17b681b680833c7f89c30d7f89c3053e8003fc7f89830d7f8983023f04003c7f8d0307b681b680833d7f8d020c7f8a820c7f8a430d7f8a410d7f8a82041e80023c7f8a030d7f8a030002bd9d17b68d3f88030002b17d07b68d3f88030154a1a657b68d3f880301846faf7eff90346002b19d07b68d3f880301b6d7a68d2f88020104698470fe0786800f09dfa0be0786800f099fa07e0786800f095fa7b680022c3f890206fe200bf6de2010000102001000423f802087b68db6e012b40f00382d7f8e43003f01003002b00f0fc811ef4b2d3
RX_HEX=5452011401810080e70000000900000070918887f43e020000e3000000883801ee
RX_FRAME type=0x8101 seq=231 length=9 payload=f43e020000e3000000
WRITE offset=57856: total=147188 verified=58112 pending=0
TX_FRAME type=0x0101 seq=232 length=264
TX_HEX=5452011401010000e8000000080100005ebb62f600e30000443b4d6fd7f8e03003f01003002b00f0f5817b681b6810221a627b681b689b6803f04003402b40f06d817b68d3f880301b68a44a934268d07b68d3f880301b68a14a934261d07b68d3f880301b689f4a93425ad07b68d3f880301b689c4a934253d07b68d3f880301b689a4a93424cd07b68d3f880301b68974a934245d07b68d3f880301b68954a93423ed07b68d3f880301b68924a934237d07b68d3f880301b68904a934230d07b68d3f880301b688d4a934229d07b68d3f880301b688b4a934222d07b68d3f880301b68884a93421bd07b68d3f880301b68864a934214d07b68d3f880301b68834a93420dd07b68d3f880301b68814a934206d07b68d3f880301b680ef42a42
RX_HEX=5452011401810080e800000009000000dc83a85ef43e020000e40000003100d673
RX_FRAME type=0x8101 seq=232 length=9 payload=f43e020000e4000000
WRITE offset=58112: total=147188 verified=58368 pending=0
TX_FRAME type=0x0101 seq=233 length=264
TX_HEX=5452011401010000e900000008010000c0bbc83a00e400006938ec127e4a934206d17b68d3f880301b685b689bb205e07b68d3f880301b685b689bb2a7f8be30b7f8be30002b00f0ad807b68b3f85c30b7f8be209a4280f0a5807b68b7f8be20a3f85e207b68d3f88030db69b3f5807f00f087807b681b68c7f88830d7f8883053e8003fc7f88430d7f8843023f48073c7f8b8307b681b681a46d7f8b830c7f89430c7f89020d7f89010d7f8942041e80023c7f88c30d7f88c30002bdad17b681b6808337b677b6f53e8003f3b673b6f23f00103c7f8b4307b681b680833d7f8b420c7f88020fb67f96fd7f8802041e80023bb67bb6f002be1d17b681b6808333b663b6e53e8003ffb65fb6d23f04003c7f8b0307b681b680833d7f894ed5885
RX_HEX=5452011401810080e90000000900000042830292f43e020000e500000054676acb
RX_FRAME type=0x8101 seq=233 length=9 payload=f43e020000e5000000
WRITE offset=58368: total=147188 verified=58624 pending=0
TX_FRAME type=0x0101 seq=234 length=264
TX_HEX=5452011401010000ea0000000801000023bc47b400e50000d8feb55cb020fa66bb66b96efa6e41e800237b667b6e002be3d17b682022c3f88c207b680022da667b681b68fb64fb6c53e8003fbb64bb6c23f01003c7f8ac307b681b681a46d7f8ac30bb657a65796dba6d41e800233b653b6d002be4d17b68d3f880301846f9f76dfd7b6802221a677b68b3f85c207b68b3f85e309bb2d31a9bb21946786800f043f919e17b68b3f85c30b7f8be209a4240f012817b68d3f88030db69b3f5807f40f00a817b6802221a677b68b3f85c301946786800f028f9fee000bf100002402800024040000240580002407000024088000240a0000240b8000240100402402804024040040240580402407004024088040240a0040240b8040240e15f2d97
RX_HEX=5452011401810080ea00000009000000a1848d1cf43e020000e6000000bac8dfd9
RX_FRAME type=0x8101 seq=234 length=9 payload=f43e020000e6000000
WRITE offset=58624: total=147188 verified=58880 pending=0
TX_FRAME type=0x0101 seq=235 length=264
TX_HEX=5452011401010000eb00000008010000bdbced7800e60000b0a75cbf7b68b3f85c207b68b3f85e309bb2d31aa7f8ce307b68b3f85e309bb2002b00f0cf80b7f8ce30002b00f0ca807b681b68bb63bb6b53e8003f7b637b6b23f49073c7f8c8307b681b681a46d7f8c8307b643a64396c7a6c41e80023fb63fb6b002be4d17b681b6808337b627b6a53e8003f3b623a6a554b1340c7f8c4307b681b680833d7f8c4203a63fb62f96a3a6b41e80023bb62bb6a002be3d17b682022c3f88c207b680022da667b6800225a677b681b683b613b6953e8003ffb60fb6823f01003c7f8c0307b681b681a46d7f8c030fb61ba61b969fa6941e800237b617b69002be4d17b6802221a67b7f8ce301946786800f08bf863e0d7f8e43003f480134d16f74a
RX_HEX=5452011401810080eb000000090000003f8427d0f43e020000e7000000dfaf6361
RX_FRAME type=0x8101 seq=235 length=9 payload=f43e020000e7000000
WRITE offset=58880: total=147188 verified=59136 pending=0
TX_FRAME type=0x0101 seq=236 length=264
TX_HEX=5452011401010000ec00000008010000a4b5287200e700009cbbfd48002b0ed0d7f8dc3003f48003002b08d07b681b684ff480121a62786801f020f951e0d7f8e43003f08003002b14d0d7f8e03003f08003002b05d1d7f8dc3003f40003002b08d07b689b6f002b3ad07b689b6f7868984735e0d7f8e43003f04003002b09d0d7f8e03003f04003002b03d0786801f0caf826e0d7f8e43003f40003002b09d0d7f8e03003f08043002b03d0786801f0f9f816e0d7f8e43003f08073002b10d0d7f8e030002b0cda786801f0e1f808e000bf06e000bf04e000bf02e000bf00e000bfe837bd4680bdfeffffef80b483b000af786000bf0c37bd465df8047b704780b483b000af786000bf0c37bd465df8047b704780b483b000af7860e0455203
RX_HEX=5452011401810080ec00000009000000268de2daf43e020000e800000089bf0039
RX_FRAME type=0x8101 seq=236 length=9 payload=f43e020000e8000000
WRITE offset=59136: total=147188 verified=59392 pending=0
TX_FRAME type=0x0101 seq=237 length=264
TX_HEX=5452011401010000ed000000080100003ab582be00e8000098a4b6a600bf0c37bd465df8047b704780b483b000af78600b467b8000bf0c37bd465df8047b70472de9b04f92b000af7861002387f842307b699a687b691b691a437b695b691a437b69db6913437b647b691b681a68be4b13407a691268796c0b4313607b691b685b6823f440517b69da687b691b680a435a607b699b697b647b691b68b34a934204d07b691b6a7a6c13437b647b691b689a68af4b13407a691268796c0b4393607b691b68db6a23f00f017b695a6a7b691b680a43da627b691b68a64a934277d1a54b5b6d03f03803282b6dd801a252f823f000bfb9e80208e9e80208e9e80208e9e80208e9e80208e9e80208e9e80208e9e80208c1e80208e9e802086d2eb457
RX_HEX=5452011401810080ed00000009000000b88d4816f43e020000e9000000ecd8bc81
RX_FRAME type=0x8101 seq=237 length=9 payload=f43e020000e9000000
WRITE offset=59392: total=147188 verified=59648 pending=0
TX_FRAME type=0x0101 seq=238 length=264
TX_HEX=5452011401010000ee00000008010000d9b20d3000e9000084db9dc1e9e80208e9e80208e9e80208e9e80208e9e80208e9e80208c9e80208e9e80208e9e80208e9e80208e9e80208e9e80208e9e80208e9e80208d1e80208e9e80208e9e80208e9e80208e9e80208e9e80208e9e80208e9e80208d9e80208e9e80208e9e80208e9e80208e9e80208e9e80208e9e80208e9e80208e1e80208012387f8433022e2042387f843301ee2082387f843301ae2102387f8433016e2202387f8433012e2402387f843300ee2802387f843300ae27b691b68694a934230d1674b5b6d03f00703052b26d801a252f823f025e902082de9020835e902083de9020845e902084de90208002387f84330ece1042387f84330e8e1082387f84330e4e1b2f166a5
RX_HEX=5452011401810080ee000000090000005b8ac798f43e020000ea00000002770993
RX_FRAME type=0x8101 seq=238 length=9 payload=f43e020000ea000000
WRITE offset=59648: total=147188 verified=59904 pending=0
TX_FRAME type=0x0101 seq=239 length=264
TX_HEX=5452011401010000ef0000000801000047b2a7fc00ea0000cd4c04d6102387f84330e0e1202387f84330dce1402387f84330d8e1802387f84330d4e17b691b684f4a934230d14c4b5b6d03f00703052b26d801a252f823f091e9020899e90208a1e90208a9e90208b1e90208b9e90208002387f84330b6e1042387f84330b2e1082387f84330aee1102387f84330aae1202387f84330a6e1402387f84330a2e1802387f843309ee17b691b68354a934230d1314b5b6d03f00703052b26d801a252f823f0fde9020805ea02080dea020815ea02081dea020825ea0208002387f8433080e1042387f843307ce1082387f8433078e1102387f8433074e1202387f8433070e1402387f843306ce1802387f8433068e17b691b681b4a93423deb478a
RX_HEX=5452011401810080ef00000009000000c58a6d54f43e020000eb0000006710b52b
RX_FRAME type=0x8101 seq=239 length=9 payload=f43e020000eb000000
WRITE offset=59904: total=147188 verified=60160 pending=0
TX_FRAME type=0x0101 seq=240 length=264
TX_HEX=5452011401010000f000000008010000c0913c5900eb000037a89bf642d1164b5b6d03f00703052b38d801a252f823f069ea020871ea020879ea020881ea0208adea0208b5ea0208002387f843304ae1042387f8433046e1082387f8433042e1102387f843303ee1f369ffcf000c0058fff4ff1100100140004402580044004000480040004c004000500040202387f8433028e1402387f8433024e1802387f8433020e17b691b68cb4a934276d1cb4b5b6d03f03803282b6cd801a252f823f085eb0208b5eb0208b5eb0208b5eb0208b5eb0208b5eb0208b5eb0208b5eb02088deb0208b5eb0208b5eb0208b5eb0208b5eb0208b5eb0208b5eb0208b5eb020895eb0208b5eb0208b5eb0208b5eb0208b5eb0208b5eb0208b5eb02088f87d605
RX_HEX=5452011401810080f00000000900000042a9f6f1f43e020000ec000000de2862b6
RX_FRAME type=0x8101 seq=240 length=9 payload=f43e020000ec000000
WRITE offset=60160: total=147188 verified=60416 pending=0
TX_FRAME type=0x0101 seq=241 length=264
TX_HEX=5452011401010000f1000000080100005e91969500ec0000e273e52db5eb02089deb0208b5eb0208b5eb0208b5eb0208b5eb0208b5eb0208b5eb0208b5eb0208a5eb0208b5eb0208b5eb0208b5eb0208b5eb0208b5eb0208b5eb0208b5eb0208adeb0208012387f84330bce0042387f84330b8e0082387f84330b4e0102387f84330b0e0202387f84330ace0402387f84330a8e0802387f84330a4e07b691b688f4a934230d18d4b5b6d03f00703052b26d801a252f823f0f1eb0208f9eb020801ec020809ec020811ec020819ec0208002387f8433086e0042387f8433082e0082387f843307ee0102387f843307ae0202387f8433076e0402387f8433072e0802387f843306ee07b691b68754a934230d1724b5b6d03f00703052b061e661d
RX_HEX=5452011401810080f100000009000000dca95c3df43e020000ed000000bb4fde0e
RX_FRAME type=0x8101 seq=241 length=9 payload=f43e020000ed000000
WRITE offset=60416: total=147188 verified=60672 pending=0
TX_FRAME type=0x0101 seq=242 length=264
TX_HEX=5452011401010000f200000008010000bd96191b00ed000018268e0926d801a252f823f05dec020865ec02086dec020875ec02087dec020885ec0208002387f8433050e0042387f843304ce0082387f8433048e0102387f8433044e0202387f8433040e0402387f843303ce0802387f8433038e07b691b685b4a934230d1574b9b6d03f00703052b26d801a252f823f0c9ec0208d1ec0208d9ec0208e1ec0208e9ec0208f1ec0208022387f843301ae0042387f8433016e0082387f8433012e0102387f843300ee0202387f843300ae0402387f8433006e0802387f8433002e0802387f843307b691b683f4a934240f0f88097f84330202b46dc022bc0f28280023b1e2b7ed801a252f823f0afed020825ee0208b7ed020825ee02088587fbab
RX_HEX=5452011401810080f2000000090000003faed3b3f43e020000ee00000055e06b1c
RX_FRAME type=0x8101 seq=242 length=9 payload=f43e020000ee000000
WRITE offset=60672: total=147188 verified=60928 pending=0
TX_FRAME type=0x0101 seq=243 length=264
TX_HEX=5452011401010000f3000000080100002396b3d700ee0000a9efbea425ee020825ee0208c7ed020825ee020825ee020825ee020825ee020825ee020825ee020825ee0208d7ed020825ee020825ee020825ee020825ee020825ee020825ee020825ee020825ee020825ee020825ee020825ee020825ee020825ee020825ee020825ee020817ee0208402b37d03ae0fef7a5fbf8633ce007f124031846fef7b4fbbb6afb6334e007f118031846fef700fdfb69fb632ce0094b1b6803f02003002b16d0064b1b68db0803f00303074a22fa03f3fb631ce000bf001401400044025800780040007c0040000c00580090d0039d4bfb630ce09d4bfb6309e04ff40043fb6305e00023fb63012387f8423000bffb6b002b00f0de817b695b6a0427ae30
RX_HEX=5452011401810080f300000009000000a1ae797ff43e020000ef0000003087d7a4
RX_FRAME type=0x8101 seq=243 length=9 payload=f43e020000ef000000
WRITE offset=60928: total=147188 verified=61184 pending=0
TX_FRAME type=0x0101 seq=244 length=264
TX_HEX=5452011401010000f4000000080100003a9f76dd00ef00006520342e944a32f813301a46fb6bb3fbf2f33b637b695a6813465b0013443a6b9a4205d37b695b681b033a6b9a4203d9012387f84230c1e1fb6b0022bb60fa607b695b6a844a32f813309bb200223b607a60d7e90023d7e90201f1f71dfb02460b46104619464ff000024ff000030b0243ea1063020279694968490800200c46054612eb040843eb05097b695b6800229a46934652465b4640464946f1f7fcfa02460b461346bb63bb6bb3f5407f08d3bb6bb3f5801f04d27b691b68ba6bda607ce1012387f8423078e17b69db69b3f5004f40f0c58097f84330202b48dc002b7bdb202b79d801a252f823f0afef0208b7ef020813f0020813f00208bfef020813f00208bdfb6dea
RX_HEX=5452011401810080f400000009000000b8a7bc75f43e020000f0000000f9c0adac
RX_FRAME type=0x8101 seq=244 length=9 payload=f43e020000f0000000
WRITE offset=61184: total=147188 verified=61440 pending=0
PROGRESS 61440/147188
TX_FRAME type=0x0101 seq=245 length=264
TX_HEX=5452011401010000f500000008010000a49fdc1100f000008727852613f0020813f00208cfef020813f0020813f0020813f0020813f0020813f0020813f0020813f00208dfef020813f0020813f0020813f0020813f0020813f0020813f0020813f0020813f0020813f0020813f0020813f0020813f0020813f0020813f0020813f0020805f00208402b2ed031e0fdf76ff8f86333e0fdf781f8f8632fe007f124031846fef7b0fabb6afb6327e007f118031846fef7fcfbfb69fb631fe02d4b1b6803f02003002b09d02a4b1b68db0803f00303244a22fa03f3fb630fe0224bfb630ce0214bfb6309e04ff40043fb6305e00023fb63012387f8423000bffb6b002b00f0e7807b695b6a194a32f813301a46fb6bb3fbf2f35a007b6922b6822e
RX_HEX=5452011401810080f50000000900000026a716b9f43e020000f10000009ca71114
RX_FRAME type=0x8101 seq=245 length=9 payload=f43e020000f1000000
WRITE offset=61440: total=147188 verified=61696 pending=0
TX_FRAME type=0x0101 seq=246 length=264
TX_HEX=5452011401010000f6000000080100004798539f00f100000c12d1cc5b685b081a447b695b68b2fbf3f3bb63bb6b0f2b16d9bb6bb3f5803f12d2bb6b9bb223f00f03fb86bb6b5b089bb203f007039ab2fb8e1343fb867b691b68fa8eda60b9e0012387f84230b5e00090d00300093d00142a04080044025897f84330202b49dc002b7cdb202b7ad801a252f823f000bf3bf1020843f102089ff102089ff102084bf102089ff102089ff102089ff102085bf102089ff102089ff102089ff102089ff102089ff102089ff102089ff102086bf102089ff102089ff102089ff102089ff102089ff102089ff102089ff102089ff102089ff102089ff102089ff102089ff102089ff102089ff102089ff1020891f10208402b2ed031e0fcf7f1a894e2
RX_HEX=5452011401810080f600000009000000c5a09937f43e020000f20000007208a406
RX_FRAME type=0x8101 seq=246 length=9 payload=f43e020000f2000000
WRITE offset=61696: total=147188 verified=61952 pending=0
TX_FRAME type=0x0101 seq=247 length=264
TX_HEX=5452011401010000f700000008010000d998f95300f20000d65a3dbea9fff86333e0fcf7bbfff8632fe007f124031846fef7eaf9bb6afb6327e007f118031846fef736fbfb69fb631fe02d4b1b6803f02003002b09d02a4b1b68db0803f00303284a22fa03f3fb630fe0264bfb630ce0254bfb6309e04ff40043fb6305e00023fb63012387f8423000bffb6b002b21d07b695b6a1d4a32f813301a46fb6bb3fbf2f27b695b685b081a447b695b68b2fbf3f3bb63bb6b0f2b09d9bb6bb3f5803f05d2bb6b9ab27b691b68da6002e0012387f842307b690122a3f86a207b690122a3f868207b6900225a677b6900229a6797f8423018464837bd46bde8b08f00bf004402580090d00300093d00142a040880b483b000af78607b689b6a845c8d98
RX_HEX=5452011401810080f7000000090000005ba033fbf43e020000f3000000176f18be
RX_FRAME type=0x8101 seq=247 length=9 payload=f43e020000f3000000
WRITE offset=61952: total=147188 verified=62208 pending=0
TX_FRAME type=0x0101 seq=248 length=264
TX_HEX=5452011401010000f800000008010000758ad98a00f3000025ff78f003f00803002b0ad07b681b685b6823f400417b689a6b7b681b680a435a607b689b6a03f00103002b0ad07b681b685b6823f400317b68da6a7b681b680a435a607b689b6a03f00203002b0ad07b681b685b6823f480317b681a6b7b681b680a435a607b689b6a03f00403002b0ad07b681b685b6823f480217b685a6b7b681b680a435a607b689b6a03f01003002b0ad07b681b689b6823f480517b68da6b7b681b680a439a607b689b6a03f02003002b0ad07b681b689b6823f400517b681a6c7b681b680a439a607b689b6a03f04003002b1ad07b681b685b6823f480117b685a6c7b681b680a435a607b685b6cb3f5801f0ad17b681b685b6823f4c0017b682886d8fc
RX_HEX=5452011401810080f800000009000000f7b21322f43e020000f4000000ae57cf23
RX_FRAME type=0x8101 seq=248 length=9 payload=f43e020000f4000000
WRITE offset=62208: total=147188 verified=62464 pending=0
TX_FRAME type=0x0101 seq=249 length=264
TX_HEX=5452011401010000f900000008010000eb8a734600f4000085d94e289a6c7b681b680a435a607b689b6a03f08003002b0ad07b681b685b6823f400217b68da6c7b681b680a435a6000bf0c37bd465df8047b704780b598b002af78607b680022c3f89020f7f7dcfe78657b681b681b6803f00803082b2fd16ff07e4300937b6d00224ff40011786800f08ef80346002b22d07b681b68bb63bb6b53e8003f7b637b6b23f080033b657b681b681a463b6d7b643a64396c7a6c41e80023fb63fb6b002be6d17b682022c3f888207b68002283f88420032363e07b681b681b6803f00403042b49d16ff07e4300937b6d00224ff48001786800f057f80346002b3cd07b681b687b627b6a53e8003f3b623b6a23f49073fb647b681b681a46744d4ded
RX_HEX=5452011401810080f90000000900000069b2b9eef43e020000f5000000cb30739b
RX_FRAME type=0x8101 seq=249 length=9 payload=f43e020000f5000000
WRITE offset=62464: total=147188 verified=62720 pending=0
TX_FRAME type=0x0101 seq=250 length=264
TX_HEX=5452011401010000fa00000008010000088dfcc800f50000313eedaafb6c3b63fa62f96a3a6b41e80023bb62bb6a002be6d17b681b6808333b613b6953e8003ffb60fb6823f00103bb647b681b680833ba6cfa61bb61b969fa6941e800237b617b69002be5d17b682022c3f88c207b68002283f88420032312e07b682022c3f888207b682022c3f88c207b680022da667b6800221a677b68002283f88420002318465837bd4680bd80b584b000aff860b9603b601346fb714fe0bb69b3f1ff3f4bd0f7f72dfe02463b68d31aba699a4202d3bb69002b01d103234ee0fb681b681b6803f00403002b37d0bb68802b34d0bb68402b31d0fb681b68db6903f00803082b10d1fb681b6808221a62f86800f079f8fb680822c3f89020fb68c7d975dd
RX_HEX=5452011401810080fa000000090000008ab53660f43e020000f6000000259fc689
RX_FRAME type=0x8101 seq=250 length=9 payload=f43e020000f6000000
WRITE offset=62720: total=147188 verified=62976 pending=0
TX_FRAME type=0x0101 seq=251 length=264
TX_HEX=5452011401010000fb00000008010000968d560400f60000a801d2be002283f88420012329e0fb681b68db6903f40063b3f5006f11d1fb681b684ff400621a62f86800f05ff8fb682022c3f89020fb68002283f8842003230fe0fb681b68da69bb681340ba689a420cbf01230023dbb21a46fb799a42a0d0002318461037bd4680bd80b48fb000af78607b681b683b623b6a53e8003ffb61fb6923f0c0037b637b681b681a467b6bfb62ba62b96afa6a41e800237b627b6a002be6d17b681b680833fb60fb6853e8003fbb60bb6823f400033b637b681b6808333a6bba617b617969ba6941e800233b613b69002be5d17b682022c3f8882000bf3c37bd465df8047b704780b495b000af78607b681b687b637b6b53e8003f3b633b6b334a6f1e
RX_HEX=5452011401810080fb0000000900000014b59cacf43e020000f700000040f87a31
RX_FRAME type=0x8101 seq=251 length=9 payload=f43e020000f7000000
WRITE offset=62976: total=147188 verified=63232 pending=0
TX_FRAME type=0x0101 seq=252 length=264
TX_HEX=5452011401010000fc000000080100008f84930e00f700005f6a101d23f49073fb647b681b681a46fb6c3b64fa63f96b3a6c41e80023bb63bb6b002be6d17b681b6808333b623b6a53e8003ffb61fa691e4b1340bb647b681b680833ba6cfa62bb62b96afa6a41e800237b627b6a002be5d17b68db6e012b18d17b681b68fb60fb6853e8003fbb60bb6823f010037b647b681b681a467b6cbb617a617969ba6941e800233b613b69002be6d17b682022c3f88c207b680022da667b6800225a6700bf5437bd465df8047b7047feffffef80b590b000af78607b689b6bfb637b68db69b3f5807f37d0fb6b0022a3f85620fb6b1b6808337b627b6a53e8003f3b623b6a23f08003bb63fb6b1b680833ba6b3a63fb62f96a3a6b41e80023482a3a8d
RX_HEX=5452011401810080fc000000090000000dbc59a6f43e020000f800000016e81969
RX_FRAME type=0x8101 seq=252 length=9 payload=f43e020000f8000000
WRITE offset=63232: total=147188 verified=63488 pending=0
TX_FRAME type=0x0101 seq=253 length=264
TX_HEX=5452011401010000fd00000008010000118439c200f800000b04534ebb62bb6a002be5d1fb6b1b683b613b6953e8003ffb60fb6843f040037b63fb6b1b681a467b6bfb61ba61b969fa6941e800237b617b69002be6d102e0f86bfef7c7ff00bf4037bd4680bd80b584b000af78607b689b6bfb60f868fef7c3ff00bf1037bd4680bd80b586b000af78607b689b6b7b617b69d3f888303b617b69d3f88c30fb607b691b689b6803f08003802b09d13b69212b06d17b690022a3f856207869fff7e0fe7b691b689b6803f04003402b09d1fb68222b06d17b690022a3f85e207869fff710ff7b69d3f8903043f010027b69c3f890207869fef78dff00bf1837bd4680bd80b584b000af78607b689b6bfb60fb680022a3f85e20f868fef7283a4f72
RX_HEX=5452011401810080fd0000000900000093bcf36af43e020000f9000000738fa5d1
RX_FRAME type=0x8101 seq=253 length=9 payload=f43e020000f9000000
WRITE offset=63488: total=147188 verified=63744 pending=0
TX_FRAME type=0x0101 seq=254 length=264
TX_HEX=5452011401010000fe00000008010000f283b64c00f90000d3be4c657bff00bf1037bd4680bd80b588b000af78607b681b68fb60fb6853e8003fbb60bb6823f04003fb617b681b681a46fb69bb617a617969ba6941e800233b613b69002be6d17b682022c3f888207b6800229a677868fef73cff00bf2037bd4680bd80b483b000af786000bf0c37bd465df8047b704780b483b000af786000bf0c37bd465df8047b704780b483b000af786000bf0c37bd465df8047b704780b483b000af78607b68002b03d07b684ff0ff321a6000bf0c37bd465df8047b7047000080b487b000aff860b9607a60fb68002b31d0bb68002b02d17b68002b2bd100237b6123e0fb681b68b9687a690a4412785a40fb681a6000233b6111e0fb681b687a20e74a
RX_HEX=5452011401810080fe0000000900000070bb7ce4f43e020000fa0000009d2010c3
RX_FRAME type=0x8101 seq=254 length=9 payload=f43e020000fa000000
WRITE offset=63744: total=147188 verified=64000 pending=0
TX_FRAME type=0x0101 seq=255 length=264
TX_HEX=5452011401010000ff000000080100006c831c8000fa0000d994f0405b08fa68126802f00102002a01d00d4a00e000225a40fb681a603b6901333b613b69072bead97b6901337b617a697b689a42d7d300e000bf1c37bd465df8047b704700bf2083b8ed80b483b000af78607b68002b03d07b681b68db4300e0002318460c37bd465df8047b704780b584b000af7860396007f10c031846fff78eff07f10c033a6879681846fff799ff07f10c031846fff7d8ff034618461037bd4680bd80b483b000af78607b681b781ab27b6801331b781bb21b021bb213431bb29bb218460c37bd465df8047b704780b483b000af78607b681b781a467b6801331b781b021a437b6802331b781b041a437b6803331b781b06134318460c37bd46e805d62c
RX_HEX=5452011401810080ff00000009000000eebbd628f43e020000fb000000f847ac7b
RX_FRAME type=0x8101 seq=255 length=9 payload=f43e020000fb000000
WRITE offset=64000: total=147188 verified=64256 pending=0
TX_FRAME type=0x0101 seq=256 length=264
TX_HEX=545201140101000000010000080100003e8e200000fb00009dbbdcca5df8047b704780b487b000af78600023fb750023bb7500233b6126e07a683b6913441b78fb73fb7b002b02d10123bb7518e0bb7d002b01d000231ae0fb7b202b10d0fb7b092b0dd0fb7b0a2b0ad0fb7b0d2b07d0fb7b0b2b04d0fb7b0c2b01d00123fb753b6901333b613b691f2bd5d9fb7d18461c37bd465df8047b704780b586b000aff860b9607a607a68b968f8680cf099f90346002b01d0002311e07b687b610ae0fa687b6913441b78002b01d0002306e07b6901337b617b691f2bf1d9012318461837bd4680bd80b485b000af78600023fb600ae07a68fb6813441b78002b01d0002306e0fb680133fb60fb680f2bf1d9012318461437bd465df8047b43d543b7
RX_HEX=54520114018100800001000009000000bcb6eaa8f43e020000fc000000417f7be6
RX_FRAME type=0x8101 seq=256 length=9 payload=f43e020000fc000000
WRITE offset=64256: total=147188 verified=64512 pending=0
TX_FRAME type=0x0101 seq=257 length=264
TX_HEX=54520114010100000101000008010000a08e8acc00fc00009fd46d6970470000b0b5b0b000aff860b9607a6007f11003ac22002118460cf064f9fb68002b02d0bb68c32b01d8012308e104228549f8680cf047f90346002b01d00323fee0fb6804331846fff72bff0346012b01d00423f4e0fb6806331846fff721ff0346c42b01d00523eae0fb6808331846fff749ff034683f00103dbb2002b20d1fb6828331846fff73eff034683f00103dbb2002b15d1fb6848331846fff733ff034683f00103dbb2002b0ad1fb6868331846fff728ff034683f00103dbb2002b01d00623bce0fb68083312225f491846fff755ff034683f00103dbb2002b01d00723ade0fb6828330d2259491846fff746ff034683f00103dbb2002b01d00823b4fd698a
RX_HEX=5452011401810080010100000900000022b64064f43e020000fd0000002418c75e
RX_FRAME type=0x8101 seq=257 length=9 payload=f43e020000fd000000
WRITE offset=64512: total=147188 verified=64768 pending=0
TX_FRAME type=0x0101 seq=258 length=264
TX_HEX=545201140101000002010000080100004389054200fd0000765ee02a9ee0fb6888331846fff7e1fe0346514a934201d0092393e0fb688c331846fff7d6fec7f8bc00d7f8bc30002b01d10b2386e0d7f8bc30b3f5d01f04d8d7f8bc30454a934201d90a237ae0bb68c43bd7f8bc209a4201d90c2372e0fb68b4331846fff733ff034683f00103dbb2002b01d00f2365e0fb68083307f110041d4628686968aa68eb680fc428696969aa69eb690fc4fb68283307f130041d4628686968aa68eb680fc428696969aa69eb690fc4fb68483307f150041d4628686968aa68eb680fc428696969aa69eb690fc4fb68683307f170041d4628686968aa68eb680fc428696969aa69eb690fc4194bc7f89030d7f8bc30c7f89430fb689033184658f7f173
RX_HEX=54520114018100800201000009000000c1b1cfeaf43e020000fe000000cab7724c
RX_FRAME type=0x8101 seq=258 length=9 payload=f43e020000fe000000
WRITE offset=64768: total=147188 verified=65024 pending=0
TX_FRAME type=0x0101 seq=259 length=264
TX_HEX=54520114010100000301000008010000dd89af8e00fe000093c5f72ffff765fe0346c7f89830fb68943307f19c041d4628686968aa68eb680fc428696969aa69eb690fc47b68002b07d07b68184607f11003ac2219460cf06df800231846c037bd46b0bd30020408380204084c020408000002083cff0f0080b483b000af786039607a683b6862fa03f318460c37bd465df8047b704780b483b000af78607b681b781a067b6801331b781b041a437b6802331b781b0213437a6803321278134318460c37bd465df8047b704780b483b000af786039603b681b0edab27b681a703b681a0c7b680133d2b21a703b681a0a7b680233d2b21a707b6803333a68d2b21a7000bf0c37bd465df8047b7047000090b5d5b000af07f5a873a3f534cbb93b
RX_HEX=545201140181008003010000090000005fb16526f43e020000ff000000afd0cef4
RX_FRAME type=0x8101 seq=259 length=9 payload=f43e020000ff000000
WRITE offset=65024: total=147188 verified=65280 pending=0
TX_FRAME type=0x0101 seq=260 length=264
TX_HEX=54520114010100000401000008010000c4806a8400ff0000c428262fa673186007f5a873a3f5a87319600023c7f82c3119e0d7f82c319b0007f5a872a2f5a872126813441846fff7a6ff014607f5a873a3f5a273d7f82c2143f82210d7f82c310133c7f82c31d7f82c310f2be1d91023c7f82c317fe0d7f82c31a3f10f0207f5a873a3f5a27353f8223007211846fff773ff0446d7f82c31a3f10f0207f5a873a3f5a27353f8223012211846fff764ff034684ea0302d7f82c31a3f10f0107f5a873a3f5a27353f82130db085340c7f81031d7f82c319a1e07f5a873a3f5a27353f8223011211846fff746ff0446d7f82c319a1e07f5a873a3f5a27353f8223013211846fff738ff034684ea0302d7f82c31991e07f5a873a3f5a27390713ecc
RX_HEX=5452011401810080040100000900000046b8a02cf43e0200000001000069bc092b
RX_FRAME type=0x8101 seq=260 length=9 payload=f43e02000000010000
WRITE offset=65280: total=147188 verified=65536 pending=0
PROGRESS 65536/147188
TX_FRAME type=0x0101 seq=261 length=264
TX_HEX=545201140101000005010000080100005a80c0480000010012c0993a53f821309b0a5340c7f80c31d7f82c31a3f1100207f5a873a3f5a27353f82220d7f810311a44d7f82c31d91f07f5a873a3f5a27353f821301a44d7f80c31d11807f5a873a3f5a273d7f82c2143f82210d7f82c310133c7f82c31d7f82c313f2b7ff67baf07f5a873a3f5a6731b681b68c7f84c3107f5a873a3f5a6731b685b68c7f8483107f5a873a3f5a6731b689b68c7f8443107f5a873a3f5a6731b68db68c7f8403107f5a873a3f5a6731b681b69c7f83c3107f5a873a3f5a6731b685b69c7f8383107f5a873a3f5a6731b689b69c7f8343107f5a873a3f5a6731b68db69c7f830310023c7f82c3194e00621d7f83c01fff7b3fe04460b21d7f83c01fff7877f2023
RX_HEX=54520114018100800501000009000000d8b80ae0f43e020000010100000cdbb593
RX_FRAME type=0x8101 seq=261 length=9 payload=f43e02000001010000
WRITE offset=65536: total=147188 verified=65792 pending=0
TX_FRAME type=0x0101 seq=262 length=264
TX_HEX=54520114010100000601000008010000b9874fc600010100d394ce98adfe03465c401921d7f83c01fff7a6fe03466340c7f82831d7f83c21d7f838311a40d7f83c31d943d7f834310b405340c7f82431d7f83021d7f828311a44d7f824311a447549d7f82c3151f823301a4407f5a873a3f5a273d7f82c1153f821301344c7f820310221d7f84c01fff776fe04460d21d7f84c01fff770fe03465c401621d7f84c01fff769fe03466340c7f81c31d7f84821d7f844315a40d7f84c311a40d7f84811d7f844310b405340c7f81831d7f81c21d7f818311344c7f81431d7f83431c7f83031d7f83831c7f83431d7f83c31c7f83831d7f84021d7f820311344c7f83c31d7f84431c7f84031d7f84831c7f84431d7f84c31c7f84831d7f85d6b12c7
RX_HEX=545201140181008006010000090000003bbf856ef43e02000002010000e2740081
RX_FRAME type=0x8101 seq=262 length=9 payload=f43e02000002010000
WRITE offset=65792: total=147188 verified=66048 pending=0
TX_FRAME type=0x0101 seq=263 length=264
TX_HEX=545201140101000007010000080100002787e50a0002010049865f6e2021d7f814311344c7f84c31d7f82c310133c7f82c31d7f82c313f2b7ff666af07f5a873a3f5a6731b681a68d7f84c311a4407f5a873a3f5a6731b681a6007f5a873a3f5a6731b685a68d7f848311a4407f5a873a3f5a6731b685a6007f5a873a3f5a6731b689a68d7f844311a4407f5a873a3f5a6731b689a6007f5a873a3f5a6731b68da68d7f840311a4407f5a873a3f5a6731b68da6007f5a873a3f5a6731b681a69d7f83c311a4407f5a873a3f5a6731b681a6107f5a873a3f5a6731b685a69d7f838311a4407f5a873a3f5a6731b685a6107f5a873a3f5a6731b689a69d7f834311a4407f5a873a3f5a6731b689a6107f5a873a3f5a6731b68da69d7f89fb7048e
RX_HEX=54520114018100800701000009000000a5bf2fa2f43e020000030100008713bc39
RX_FRAME type=0x8101 seq=263 length=9 payload=f43e02000003010000
WRITE offset=66048: total=147188 verified=66304 pending=0
TX_FRAME type=0x0101 seq=264 length=264
TX_HEX=545201140101000008010000080100008b95c5d300030100f26a881c30311a4407f5a873a3f5a6731b68da6100bf07f5aa77bd4690bd00bf2c2a040880b483b000af78607b68002b22d07b68134a1a607b68134a5a607b68124a9a607b68124ada607b68114a1a617b68114a5a617b68104a9a617b68104ada6179684ff000024ff00003c1e908237b6800229a6600e000bf0c37bd465df8047b704767e6096a85ae67bb72f36e3c3af54fa57f520e518c68059babd9831f19cde05b2de9b04386b000aff860b9607a60fb68002b39d0bb68002b02d17b68002b33d100237b611de0ba687b691a44fb689b6e581cf96888661178fa6813440a4683f82820fb689b6e402b08d1fb6828331946f868fff77ffdfb6800229a667b6901334a2ae01d
RX_HEX=5452011401810080080100000900000009ad0f7bf43e020000040100003e2b6ba4
RX_FRAME type=0x8101 seq=264 length=9 payload=f43e02000004010000
WRITE offset=66304: total=147188 verified=66560 pending=0
TX_FRAME type=0x0101 seq=265 length=264
TX_HEX=5452011401010000090100000801000015956f1f00040100f61e4dd27b617a697b689a42ddd3fb68d3e90823796800200c46054612eb040843eb0509fb68c3e9088900e000bf1837bd46bde8b083f0b587b000af786039607b68002b7fd03b68002b7cd07b68d3e908014ff000024ff00003cb0043ea5073c200c7e902237b689b6e591c7a6891667a681344802283f828207b689b6e382b15d97b689b6e28337a68d0187b689b6ec3f140031a4600210bf027fd7b68283319467868fff728fd7b6800229a667b689b6e28337a68d0187b689b6ec3f138031a4600210bf011fd00237b611de07b69d900d7e90223c1f12006a1f1200022fa01f403fa06f6344323fa00f0044323fa01f57b69c3f13f03e1b27a6813440a4683f828205e8795ba
RX_HEX=5452011401810080090100000900000097ada5b7f43e020000050100005b4cd71c
RX_FRAME type=0x8101 seq=265 length=9 payload=f43e02000005010000
WRITE offset=66560: total=147188 verified=66816 pending=0
TX_FRAME type=0x0101 seq=266 length=264
TX_HEX=54520114010100000a01000008010000f692e0910005010050130dad7b6901337b617b69072bded97b68283319467868fff7eefc00237b610de07b699b003a68d0187b687a6953f822301946fff7befc7b6901337b617b69072beed900e000bf1c37bd46f0bd80b483b000af78607b681b781ab27b6801331b781bb21b021bb213431bb29bb218460c37bd465df8047b704780b483b000af78607b681b781a467b6801331b781b021a437b6802331b781b041a437b6803331b781b06134318460c37bd465df8047b704780b483b000af78600b467b807b88dab27b681a707b881b0a9ab27b680133d2b21a7000bf0c37bd465df8047b704780b483b000af786039603b68dab27b681a703b681a0a7b680133d2b21a703b681a0c7b68d376b315
RX_HEX=54520114018100800a0100000900000074aa2a39f43e02000006010000b5e3620e
RX_FRAME type=0x8101 seq=266 length=9 payload=f43e02000006010000
WRITE offset=66816: total=147188 verified=67072 pending=0
TX_FRAME type=0x0101 seq=267 length=264
TX_HEX=54520114010100000b0100000801000068924a5d00060100249d9f060233d2b21a703b681a0e7b680333d2b21a7000bf0c37bd465df8047b704780b483b000af0346fb71fb79052b94bf01230023dbb218460c37bd465df8047b704780b485b000af78600023fb600be0fb6818337a6813441b78002b01d0002306e0fb680133fb60fb680f2bf0d9012318461437bd465df8047b704780b485b000af78600023fb600ae07a68fb6813441b78ff2b01d0002306e0fb680133fb60fb682f2bf1d9012318461437bd465df8047b7047000090b583b000af786039607b68002b5ad03b68002b57d07b681b791846fff7a5ff034683f00103dbb2002b4cd13022002138680bf0fefb0422254938680bf012fc3b68043301211846fff757ffbf1de6b7
RX_HEX=54520114018100800b01000009000000eaaa80f5f43e02000007010000d084deb6
RX_FRAME type=0x8101 seq=267 length=9 payload=f43e02000007010000
WRITE offset=67072: total=147188 verified=67328 pending=0
TX_FRAME type=0x0101 seq=268 length=264
TX_HEX=54520114010100000c01000008010000719b8f5700070100f1a4c81b3b68063330211846fff751ff3b6803f108027b681b6819461046fff75fff3b6803f10c027b681b7919461046fff756ff3b6803f110027b689b6819461046fff74dff3b6803f114027b68db6819461046fff744ff3b6803f1280428213868fff785f9034619462046fff738ff3b682c3305491846fff732ff00e000bf0c37bd4690bd00bf5c020408a5c33c5a90b587b000af786039607b68002b39d03b68002b36d00422364978680bf08dfb0346002b2ed17b6804331846fff7c7fe0346012b26d17b6806331846fff7bffe0346302b1ed17868fff734ff034683f00103dbb2002b15d17b6828331846fff7c4fe044628217868fff73af903469c4208d17b68996fed31
RX_HEX=54520114018100800c01000009000000f3a345fff43e020000080100008694bdee
RX_FRAME type=0x8101 seq=268 length=9 payload=f43e02000008010000
WRITE offset=67328: total=147188 verified=67584 pending=0
TX_FRAME type=0x0101 seq=269 length=264
TX_HEX=54520114010100000d01000008010000ef9b259b00080100499f14a82c331846fff7b7fe03461e4a934201d0002330e07b6808331846fff7acfe0346bb607b680c331846fff7a5fe0346dbb23b737b6810331846fff79dfe03463b617b6814331846fff796fe03467b613b7b1846fff7e4fe034683f00103dbb2002b01d0002307e03b681c4607f108030fcb84e80f00012318461c37bd4690bd00bf5c020408a5c33c5a90b58fb000aff860b9607a6007f120031946f868fff776ff786307f110031946b868fff76fff38637b68002b01d1022330e0f868fff7ddfe0346002b07d0b868fff7d7fe0346002b01d0032322e07b6b002b04d13b6b002b01d102231ae07b6b002b0fd03b6b002b03d03a6a3b699a4208d37b681c4607f1a985fbc9
RX_HEX=54520114018100800d010000090000006da3ef33f43e02000009010000e3f30156
RX_FRAME type=0x8101 seq=269 length=9 payload=f43e02000009010000
WRITE offset=67584: total=147188 verified=67840 pending=0
TX_FRAME type=0x0101 seq=270 length=264
TX_HEX=54520114010100000e010000080100000c9caa1500090100303e67fa20030fcb84e80f00002307e07b681c4607f110030fcb84e80f00012318463c37bd4690bd80b483b000af03460a46fb711346bb71fb79052b31d801a252f823f095080308a3080308b1080308bf08030895080308cd080308bb79012b0cbf01230023dbb21ce0bb79022b0cbf01230023dbb215e0bb79032b0cbf01230023dbb20ee0bb79042b0cbf01230023dbb207e0bb79022b0cbf01230023dbb200e0002318460c37bd465df8047b704790b585b000aff8600b467a60fb72fb68002b02d07b68002b01d101234fe0fb681b791846fff725fe034683f00103dbb2002b16d1fb7a1846fff71bfe034683f00103dbb2002b0cd1fb681b79fa7a11461846fff711a5333f
RX_HEX=54520114018100800e010000090000008ea460bdf43e0200000a0100000d5cb444
RX_FRAME type=0x8101 seq=270 length=9 payload=f43e0200000a010000
WRITE offset=67840: total=147188 verified=68096 pending=0
TX_FRAME type=0x0101 seq=271 length=264
TX_HEX=54520114010100000f01000008010000929c00d9000a01009f195e3391ff034683f00103dbb2002b01d002232be0fb681b68b3f1ff3f01d1032324e07a68fb6814460fcb84e80f007b681b685a1c7b681a607b68fa7a1a71fb7a012b02d0fb7a032b05d17b6800229a607b680022da60fb7a022b06d1fb681b79052b02d17b680022da60002318461437bd4690bd80b483b000af78600b467b807b88dab27b681a707b881b0a9ab27b680133d2b21a7000bf0c37bd465df8047b704780b483b000af786039603b68dab27b681a703b681a0a7b680133d2b21a703b681a0c7b680233d2b21a703b681a0e7b680333d2b21a7000bf0c37bd465df8047b7047000080b487b000af786039604ff0ff337b617b68002b04d13b68002b01d036831c6a
RX_HEX=54520114018100800f0100000900000010a4ca71f43e0200000b010000683b08fc
RX_FRAME type=0x8101 seq=271 length=9 payload=f43e0200000b010000
WRITE offset=68096: total=147188 verified=68352 pending=0
TX_FRAME type=0x0101 seq=272 length=264
TX_HEX=5452011401010000100100000801000015bf9b7c000b0100d866776c002326e000233b611de07a683b6913441b781a467b6953407b610023fb730ce07b6903f001035a420d4b13407a69520853407b61fb7b0133fb73fb7b072befd93b6901333b613a693b689a42ddd37b69db4318461c37bd465df8047b704700bf2083b8ed80b483b000af0346fb80fb886fea43436fea53439bb218460c37bd465df8047b704780b485b000af0346fb80fb884ff6ff72934201d1012310e0fb88c3f30d03fb81fb890b2b02dc002b04dc05e04ff6ff72934201d1012300e0002318461437bd465df8047b704790b587b000aff860b9607a603b60fb68002b12d0bb68002b0fd03b68002b0cd0fb68db68b3f5805f07d8fb68db68002b06d0fb68c7a6efd2
RX_HEX=54520114018100801001000009000000978751d4f43e0200000c010000d103df61
RX_FRAME type=0x8101 seq=272 length=9 payload=f43e0200000c010000
WRITE offset=68352: total=147188 verified=68608 pending=0
TX_FRAME type=0x0101 seq=273 length=264
TX_HEX=545201140101000011010000080100008bbf31b0000c01005f3aad5e9b68002b02d14ff0ff336ce0fb68db6818337b617a687b699a4202d24ff0ff3361e0bb6854221a70bb68013352221a70bb68023301221a70bb68033314221a70bb681a1dfb681b8819461046fff711ffbb689a1dfb685b8819461046fff709ffbb6803f10802fb685b6819461046fff717ffbb6803f10c02fb68db6819461046fff70effbb6802330e211846fff72aff3861bb68103339691846fff701fffb68db68002b09d0bb6803f11400fb689968fb68db681a460bf02ff9fb68db681433ba68d418fb689a68fb68db6819461046fff708ff034619462046fff7e1fe3b687a691a60002318461c37bd4690bd80b483b000af78607b681b781a467b680133836fe50c
RX_HEX=545201140181008011010000090000000987fb18f43e0200000d010000b46463d9
RX_FRAME type=0x8101 seq=273 length=9 payload=f43e0200000d010000
WRITE offset=68608: total=147188 verified=68864 pending=0
TX_FRAME type=0x0101 seq=274 length=264
TX_HEX=5452011401010000120100000801000068b8be3e000d0100b7dd20761b781b021a437b6802331b781b041a437b6803331b781b06134318460c37bd465df8047b70472de9b04f84b000af78607868fff7dcff034600221c4615467b6804331846fff7d3ff034600229a4693464ff000024ff000035346002244ea020845ea0309c7e90289d7e90223104619461037bd46bde8b08f80b483b000af78600b467b807b88dab27b681a707b881b0a9ab27b680133d2b21a7000bf0c37bd465df8047b704780b483b000af786039603b68dab27b681a703b681a0a7b680133d2b21a703b681a0c7b680233d2b21a703b681a0e7b680333d2b21a7000bf0c37bd465df8047b704790b587b000aff860c7e90023d7e90023c7e904233b6919467b64bf62
RX_HEX=54520114018100801201000009000000ea807496f43e0200000e0100005acbd6cb
RX_FRAME type=0x8101 seq=274 length=9 payload=f43e0200000e010000
WRITE offset=68864: total=147188 verified=69120 pending=0
TX_FRAME type=0x0101 seq=275 length=264
TX_HEX=54520114010100001301000008010000f6b814f2000e01005623f481f868fff7d0fffb681c1dd7e904014ff000024ff000030a000023134619462046fff7c1ff00bf1c37bd4690bd80b588b000afb9607a603b600346fb81fb893b824ff400437b82bb687b617b68bb613b68fb6107f110003b6bfa6ab96afff7b6fe034618462037bd4680bd80b588b004aff8607a603b600b46fb72fb7a9bb219467868fff779ff7b689a1cfb681b8819461046fff771fffb685968fb690293bb6901933b68009304237a684ff6ff70fff7bdff034618461037bd4680bd80b584b000aff860b9607a603b607b681b68ba689a420dd93a7e7b681b68b968cb1a013b9a4205d83b7e002b05d03b68002b02d14ff0ff331be07b681b68591c7a681160ba3dd77d
RX_HEX=545201140181008013010000090000007480de5af43e0200000f0100003fac6a73
RX_FRAME type=0x8101 seq=275 length=9 payload=f43e0200000f010000
WRITE offset=69120: total=147188 verified=69376 pending=0
TX_FRAME type=0x0101 seq=276 length=264
TX_HEX=54520114010100001401000008010000efb1d1f8000f0100c3c387a4fa6813443a7e1a703b7e002b0ed07b681b68fa6813443a7e396818460af0fcff7b681a683b7e1a447b681a60002318461037bd4680bd80b58ab004aff860b9607a603b60bb68db68012b0bd07b6a01933b6a00933b687a680121b868fff785ff034647e0bb689b681b78012b0bd07b6a01933b6a00933b687a680621b868fff774ff034636e07b6801221a707b6801334ff480511846fff706ff7b685a1dfb68db6a19461046fff7fefe7b6803f10902fb689b6a19461046fff7f5febb681b881846fff7cffd03461846bb6859687b6a02933b6a01933b6800930d237a68fff725ff78617b69002b03d1fb68012283f830207b6918461837bd4680bd80b58ab011d50af6
RX_HEX=545201140181008014010000090000006d891b50f43e02000010010000f6eb107b
RX_FRAME type=0x8101 seq=276 length=9 payload=f43e02000010010000
WRITE offset=69376: total=147188 verified=69632 pending=0
PROGRESS 69632/147188
TX_FRAME type=0x0101 seq=277 length=264
TX_HEX=5452011401010000150100000801000071b17b3400100100db00586304aff860b9607a603b6000237b61bb68db68002b41d1fb689968fb681b7b07f1140200930b4639687868fff747ff0346002b32d1fb681969fb681b7d07f1140200930b4639687868fff738ff0346002b23d1fb689969fb681b7f07f1140200930b4639687868fff729ff0346002b14d1fb68196afb6893f8243007f1140200930b4639687868fff719ff0346002b04d13b681a1f7b699a420bd2bb6a01937b6a00933b6a7a680121b868fff7defe03461ee07b697a681a44fb689b6a19461046fff771febb681b881846fff74bfd03461846bb6859687b691a1dbb6a02937b6a01933b6a009313467a68fff79ffe034618461837bd4680bd80b58cb004aff86003515cab
RX_HEX=54520114018100801501000009000000f389b19cf43e02000011010000938cacc3
RX_FRAME type=0x8101 seq=277 length=9 payload=f43e02000011010000
WRITE offset=69632: total=147188 verified=69888 pending=0
TX_FRAME type=0x0101 seq=278 length=264
TX_HEX=5452011401010000160100000801000092b6f4ba00110100f68c5e7ab9607a603b60bb68db68002b0bd0fb6a0193bb6a00933b687a680121b868fff7a4fe03465ce0fb681b68002b04d0fb681b681b68002b0bd1fb6a0193bb6a00933b687a680221b868fff78ffe034647e0fb681b681b68fa68516807f11002104698470346002b0bd0fb6a0193bb6a00933b687a680521b868fff777fe03462fe03a7c7b681a707b6801337a7c1a707b6802337a6911461846fff705fe7b680633ba6911461846fff7fefd7b680a33fa6911461846fff7f7fdbb681b881846fff7d1fc03461846bb685968fb6a0293bb6a01933b6800930e237a68fff727fe034618462037bd4680bd80b58cb004aff860b9607a603b60bb68db68002b0bd0fb6a6e952a2c
RX_HEX=54520114018100801601000009000000108e3e12f43e020000120100007d2319d1
RX_FRAME type=0x8101 seq=278 length=9 payload=f43e02000012010000
WRITE offset=69888: total=147188 verified=70144 pending=0
TX_FRAME type=0x0101 seq=279 length=264
TX_HEX=545201140101000017010000080100000cb65e7600120100b54eca7a0193bb6a00933b687a680121b868fff72cfe03464de0fb681b68002b04d0fb681b685b68002b0bd1fb6a0193bb6a00933b687a680221b868fff717fe034638e0fb681b685b68fa68526807f1140107f1180098470346002b0bd0fb6a0193bb6a00933b687a680521b868fff7fefd03461fe0d7e906237868fff7b6fd7b6808337a6911461846fff78efdbb681b881846fff768fc03461846bb685968fb6a0293bb6a01933b6800930c237a68fff7befd034618462037bd4680bd90b58bb004aff860b9607a603b60bb68db68082b0bd0fb6a0193bb6a00933b687a680121b868fff7c3fd034655e0fb681b68002b04d0fb681b689b68002b0bd1fb6a0193bb6a6cf3e2c8
RX_HEX=545201140181008017010000090000008e8e94def43e020000130100001844a569
RX_FRAME type=0x8101 seq=279 length=9 payload=f43e02000013010000
WRITE offset=70144: total=147188 verified=70400 pending=0
TX_FRAME type=0x0101 seq=280 length=264
TX_HEX=54520114010100001801000008010000a0a47eaf00130100efe448a300933b687a680221b868fff7aefd034640e0fb681b689c68bb689b681846fff702fdfb685b6807f11402a0470346002b0bd0fb6a0193bb6a00933b687a680521b868fff792fd034624e0bb689b681846fff7e9fc02460b467868fff745fd7b6808337a6911461846fff71dfdbb681b881846fff7f7fb03461846bb685968fb6a0293bb6a01933b6800930c237a68fff74dfd034618461c37bd4690bd80b588b004aff860b9607a603b60bb681b6819467868fff7f8fc7b681a1dbb685b6819461046fff7f0fc7b680833ba68127a1a70fb681b881846fff7c5fb03461846fb685968fb690293bb6901933b68009309237a68fff71bfd034618461037bd4680bd98ed8c93
RX_HEX=54520114018100801801000009000000229cb407f43e02000014010000a17c72f4
RX_FRAME type=0x8101 seq=280 length=9 payload=f43e02000014010000
WRITE offset=70400: total=147188 verified=70656 pending=0
TX_FRAME type=0x0101 seq=281 length=264
TX_HEX=545201140101000019010000080100003ea4d463001401000a09f1ac2de9f0418cb004aff860b9607a603b6007f1100300221a605a609a60fb681b68002b0bd1fb6b0193bb6b00933b687a680221b868fff719fd03464de1bb681b88a3f58073042b00f21d8101a252f823f0a1130308031403088f140308e71403083f150308bb68db68042b0bd0fb6b0193bb6b00933b687a680121b868fff7f5fc034629e1fb681b68db69002b0bd1fb6b0193bb6b00933b687a680221b868fff7e4fc034618e1fb681b68dc69bb689b681846fff71cfcfb685a6807f110031946a047f861eae0bb68db68082b0bd8fb6b0193bb6b00933b687a680121b868fff7c4fc0346f8e0fb681b681b6a002b0bd1fb6b0193bb6b00933b687a680221b8689bedf60f
RX_HEX=54520114018100801901000009000000bc9c1ecbf43e02000015010000c41bce4c
RX_FRAME type=0x8101 seq=281 length=9 payload=f43e02000015010000
WRITE offset=70656: total=147188 verified=70912 pending=0
TX_FRAME type=0x0101 seq=282 length=264
TX_HEX=54520114010100001a01000008010000dda35bed0015010037acfd9afff7b3fc0346e7e0fb681b681c6abb689b681846fff7ebfb8046bb689b6803f10805bb68db68a3f10806bb689b6804331846fff7dcfb0246fb685b68019307f1100300931346324629464046a047f861a4e0bb68db68002b0bd0fb6b0193bb6b00933b687a680121b868fff77efc0346b2e0fb681b685b6a002b0bd1fb6b0193bb6b00933b687a680221b868fff76dfc0346a1e0fb681b685b6afa68516807f1100210469847f86178e0bb68db68002b0bd0fb6b0193bb6b00933b687a680121b868fff752fc034686e0fb681b689b6a002b0bd1fb6b0193bb6b00933b687a680221b868fff741fc034675e0fb681b689b6afa68516807f1100210469847f861215c452a
RX_HEX=54520114018100801a010000090000005f9b9145f43e020000160100002ab47b5e
RX_FRAME type=0x8101 seq=282 length=9 payload=f43e02000016010000
WRITE offset=70912: total=147188 verified=71168 pending=0
TX_FRAME type=0x0101 seq=283 length=264
TX_HEX=54520114010100001b0100000801000043a3f12100160100acd578554ce0bb68db68002b0bd0fb6b0193bb6b00933b687a680121b868fff726fc03465ae0fb681b68db6a002b0bd1fb6b0193bb6b00933b687a680221b868fff715fc034649e0fb681b68db6afa68526810469847f861fb69002b30d1bb681b881846fff780fa03461846bb685968fb6b0293bb6b01933b68009300230022fff7d6fb034629e0fb6b0193bb6b00933b687a680221b868fff7e9fb03461de0fb69002b0ed107f11001fb6b0193bb6b00933b687a68b868fff772fe03460de000bf00e000bffb6b0193bb6b00933b687a680521b868fff7cafb034618462037bd46bde8f08100bf90b5bfb004aff860b9607a603b600623c7f8e030bb68db68082b0ed023bac065
RX_HEX=54520114018100801b01000009000000c19b3b89f43e020000170100004fd3c7e6
RX_FRAME type=0x8101 seq=283 length=9 payload=f43e02000017010000
WRITE offset=71168: total=147188 verified=71424 pending=0
TX_FRAME type=0x0101 seq=284 length=264
TX_HEX=54520114010100001c010000080100005aaa342b00170100d034f5f8d7f800310193d7f8fc300093d7f8f8307a680121b868fff7a8fb0346dce0fb681b68002b04d0fb681b68db68002b0ed1d7f800310193d7f8fc300093d7f8f8307a680221b868fff790fb0346c4e0bb689b681846fff7cbfac7f8dc00bb689b6804331846fff7c3fac7f8d800d7f8d830002b03d0d7f8d830102b03d91023a7f8e63003e0d7f8d830a7f8e630fb681b68dc68fb685b6807f11802b7f8e610029307f11403019307f1120300931023d7f8dc00a0470346002b13d17b8ab7f8e6209a420ed37b8a102b0bd87b8a19463a68d7f8e030d31a424aa2fb0323db0899420ed9d7f800310193d7f8fc300093d7f8f8307a680521b868fff737fb03466be08d4999c2
RX_HEX=54520114018100801c01000009000000d892fe83f43e0200001801000019c3a4be
RX_FRAME type=0x8101 seq=284 length=9 payload=f43e02000018010000
WRITE offset=71424: total=147188 verified=71680 pending=0
TX_FRAME type=0x0101 seq=285 length=264
TX_HEX=54520114010100001d01000008010000c4aa9ee70018010020ec81d17b6919467868fff7cefa7b6804337a8a11461846fff7b0fa0023a7f8e4303ee07a68d7f8e030d018b7f8e42013465b0013449b00e8333b44d03b1b681946fff7b2fad7f8e03004337a68d018b7f8e42013465b0013449b00e8333b44cc3b1b681946fff7a0fad7f8e03008337a68d018b7f8e42013465b0013449b00e8333b44c83b1b681946fff78efad7f8e0300c33c7f8e030b7f8e4300133a7f8e4307b8ab7f8e4209a42bbd3bb681b881846fff759f903461846bb685968d7f800310293d7f8fc300193d7f8f8300093d7f8e0307a68fff7abfa03461846ec37bd4690bdabaaaaaa90b58db004aff860b9607a603b60bb68db68042b0bd07b6b01933b6b6ec12453
RX_HEX=54520114018100801d010000090000004692544ff43e020000190100007ca41806
RX_FRAME type=0x8101 seq=285 length=9 payload=f43e02000019010000
WRITE offset=71680: total=147188 verified=71936 pending=0
TX_FRAME type=0x0101 seq=286 length=264
TX_HEX=54520114010100001e0100000801000027ad116900190100c43fc72000933b687a680121b868fff7aefa034658e0fb681b68002b04d0fb681b681b69002b0bd17b6b01933b6b00933b687a680221b868fff799fa034643e0fb681b681c69bb689b681846fff7d1f9fb685a6807f114031946a0470346002b0bd07b6b01933b6b00933b687a680321b868fff77cfa034626e07b6919467868fff713fa7b680433ba6911461846fff70cfa7b680833fa6911461846fff705fabb681b881846fff7dff803461846bb6859687b6b02933b6b01933b6800930c237a68fff735fa034618462437bd4690bd90b591b004aff860b9607a603b60bb68db680c2b0bd0bb6c01937b6c00933b6c7a680121b868fff73afa0346cee0fb681b68002bb3baf3c6
RX_HEX=54520114018100801e01000009000000a595dbc1f43e0200001a010000920bad14
RX_FRAME type=0x8101 seq=286 length=9 payload=f43e0200001a010000
WRITE offset=71936: total=147188 verified=72192 pending=0
TX_FRAME type=0x0101 seq=287 length=264
TX_HEX=54520114010100001f01000008010000b9adbba5001a0100aa94ae0109d0fb681b681b69002b04d0fb681b685b69002b0bd1bb6c01937b6c00933b6c7a680221b868fff720fa0346b4e0bb689b681846fff75bf9b862bb689b6804331846fff754f97862bb689b6808331846fff74df93862fb68db6afb623b68143bfa6a9a4202d93b68143bfb623b6a002b03d03a6afb6a9a420bd9bb6c01937b6c00933b6c7a680121b868fff7eef9034682e0fb681b681b69fa68526807f11401b86a98470346002b0bd0bb6c01937b6c00933b6c7a680321b868fff7d6f903466ae0bb697a6a9a421cd8fb681b685c697b6803f11402fb685b68019307f1100300933b6a796ab86aa0470346002b09d13b693a6a9a4205d3ba697b6ad21a3b696c79c382
RX_HEX=54520114018100801f010000090000003b95710df43e0200001b010000f76c11ac
RX_FRAME type=0x8101 seq=287 length=9 payload=f43e0200001b010000
WRITE offset=72192: total=147188 verified=72448 pending=0
TX_FRAME type=0x0101 seq=288 length=264
TX_HEX=5452011401010000200100000801000068ec56f9001b010043badf619a420bd2bb6c01937b6c00933b6c7a680521b868fff7a9f903463de0b96a7868fff741f97b680433796a1846fff73bf97b680833ba6911461846fff734f97b680c333a6911461846fff72df97b6803f110047b6814333a6911461846fef7c2ff034619462046fff71ef9bb681b881846fef7f8ff03461846bb6859683b6903f11402bb6c02937b6c01933b6c009313467a68fff74bf9034618463437bd4690bd80b588b004aff860b9607a603b60bb68db68002b0bd03b6a0193fb690093bb693a680121b868fff750f903463fe0fb681b68002b04d0fb681b689b69002b0bd13b6a0193fb690093bb693a680221b868fff73bf903462ae0fb681b689b69fa68985484b3
RX_HEX=54520114018100802001000009000000ead49c51f43e0200001c0100004e54c631
RX_FRAME type=0x8101 seq=288 length=9 payload=f43e0200001c010000
WRITE offset=72448: total=147188 verified=72704 pending=0
TX_FRAME type=0x0101 seq=289 length=264
TX_HEX=54520114010100002101000008010000f6ecfc35001c01006f51e73652681146786898470346002b0bd03b6a0193fb690093bb693a680421b868fff724f9034613e0bb681b881846fef79aff03461846bb6859683b6a0293fb690193bb69009300230022fff7f0f8034618461037bd4680bd000080b584b000aff860b9607a60fb68002b2bd034220021f8680af039f9fb68ba681a60fb687a685a60fb68124a9a60fb6809221a73fb68104a1a61fb680f221a75fb680e4a9a61fb680b221a77fb680c4a1a62fb68072283f82420fb6801229a62fb684ff47a62da6200e000bf1037bd4680bd00bf2c2b0408382b0408482b0408542b0408b0b483b000af786039607b68002b0dd03b68002b0ad07b683a6803f1080415460fcd0fc4dda3a829
RX_HEX=5452011401810080210100000900000074d4369df43e0200001d0100002b337a89
RX_FRAME type=0x8101 seq=289 length=9 payload=f43e0200001d010000
WRITE offset=72704: total=147188 verified=72960 pending=0
TX_FRAME type=0x0101 seq=290 length=264
TX_HEX=5452011401010000220100000801000015eb73bb001d01005e4105720fcd0fc42b68236000bf0c37bd46b0bc7047000080b588b004aff860b9607a603b60fb68002b16d0bb68002b13d07b68002b10d03b681f2b0dd9bb69002b0ad03b6a002b07d0bb68db68002b06d0bb689b68002b02d14ff0ff33f6e0bb685b8803f44043002b0bd03b6a0193fb690093bb697a680121b868fff777f80346e4e0bb681b88012b10d0fb6893f83030002b0bd13b6a0193fb690093bb697a680721b868fff762f80346cfe0bb681b880b2b20dc002b40f3be80013b0a2b00f2ba8001a252f823f000bf3d1d0308551d0308711d0308891d0308a11d0308b91d0308d51d0308ed1d0308091e0308211e03083d1e0308a3f58073042b00f29b808de0985d78ef
RX_HEX=5452011401810080220100000900000097d3b913f43e0200001e010000c59ccf9b
RX_FRAME type=0x8101 seq=290 length=9 payload=f43e0200001e010000
WRITE offset=72960: total=147188 verified=73216 pending=0
TX_FRAME type=0x0101 seq=291 length=264
TX_HEX=545201140101000023010000080100008bebd977001e01007fccf6ed3b6a0193fb690093bb697a68b968f868fff791f8034698e03b6a0293fb690193bb6900933b687a68b968f868fff7e6f803468ae03b6a0193fb690093bb697a68b968f868fff758f903467ee03b6a0193fb690093bb697a68b968f868fff7c4f9034672e03b6a0193fb690093bb697a68b968f868fff721fa034666e03b6a0293fb690193bb6900933b687a68b968f868fff728fc034658e03b6a0193fb690093bb697a68b968f868fff71cfd03464ce03b6a0293fb690193bb6900933b687a68b968f868fff782fd03463ee03b6a0193fb690093bb697a680221b868fef7c5ff034632e03b6a0293fb690193bb6900937b680122b968f868fff752fe034624e024710cba
RX_HEX=5452011401810080230100000900000009d313dff43e0200001f010000a0fb7323
RX_FRAME type=0x8101 seq=291 length=9 payload=f43e0200001f010000
WRITE offset=73216: total=147188 verified=73472 pending=0
TX_FRAME type=0x0101 seq=292 length=264
TX_HEX=5452011401010000240100000801000092e21c7d001f010091b778533b6a0293fb690193bb6900937b680022b968f868fff744fe034616e03b6a0193fb690093bb697a68b968f868fff768fa03460ae03b6a0193fb690093bb697a680221b868fef791ff034618461037bd4680bd00bf80b483b000af78607b681b781a467b6801331b781b029bb213439bb218460c37bd465df8047b704780b483b000af78607b681b781a467b6801331b781b021a437b6802331b781b041a437b6803331b781b06134318460c37bd465df8047b704780b483b000af78607b6800221a707b6803f580531a460023d3617b6803f580531a46002313627b6803f580531a46002353627b6803f580531a460023936200bf0c37bd465df8047b704780b469e6e98a
RX_HEX=5452011401810080240100000900000010dad6d5f43e0200002001000057133b8b
RX_FRAME type=0x8101 seq=292 length=9 payload=f43e02000020010000
WRITE offset=73472: total=147188 verified=73728 pending=0
PROGRESS 73728/147188
TX_FRAME type=0x0101 seq=293 length=264
TX_HEX=545201140101000025010000080100000ce2b6b10020010091520fb483b000af78607b6854225a707b6852229a707b6803f580531a460223d3617b6802221a7000bf0c37bd465df8047b704780b584b000af78607b6811331846fff79dfff8607b68db78012b0ad07b6803f58053db6b01337a6802f58052d363002337e07b681b79142b08d17b680d331846fff784ff0346b3f5805f0ad97b6803f580539b6b01337a6802f58052936300231fe07b6803330e211846fef723fd0246fb6893420ad07b6803f580531b6b01337a6802f58052136300230ae07b680d331846fff75bff02467b6803f580531a62012318461037bd4680bd90b589b000aff860b9607a60fa6841f2150313441846fff744ff0446fb6803f11502fb6803f5c7fee1a1
RX_HEX=545201140181008025010000090000008eda7c19f43e0200002101000032748733
RX_FRAME type=0x8101 seq=293 length=9 payload=f43e02000021010000
WRITE offset=73728: total=147188 verified=73984 pending=0
TX_FRAME type=0x0101 seq=294 length=264
TX_HEX=54520114010100002601000008010000efe5393f0021010060c0db4d80531b6a19461046fef7ecfc03469c420ad0fb6803f580535b6b0133fa6802f58052536300233ee0fb6805331846fff711ff03463b82fb6807331846fff70aff03467b82fb6809331846fff717ff03467b61fb6803f580531b6a002b02d0fb68153300e00023bb61fb6803f580531b6afb613b8a1846fef706fd0346002b08d1fb6803f580531b6c0133fa6802f580521364bb68002b05d007f11002bb68796810469847012318462437bd4690bd80b586b002aff860b9607a60fb6803f5805393f82c30002b03d0f868fff7f3fe17e0fb6803f58053012283f82c20f868fff7e9fefb68991c7b680093bb681322f86800f06af8fb6803f58053002283f82c207c152db8
RX_HEX=545201140181008026010000090000006dddf397f43e02000022010000dcdb3221
RX_FRAME type=0x8101 seq=294 length=9 payload=f43e02000022010000
WRITE offset=73984: total=147188 verified=74240 pending=0
TX_FRAME type=0x0101 seq=295 length=264
TX_HEX=5452011401010000270100000801000071e593f300220100a95fc3031037bd4680bd80b588b002aff860b9607a60fb6803f580535b6a7b61fb6803f580539b6a3b61fb6803f5805393f82c30002b03d0f868fff7bdfe2ce0fb6803f58053012283f82c20f868fff7b3fefb68991c7b680093bb681322f86800f034f8fb6803f115017b680093bb687a69f86800f02af8fb6841f2150119447b680093bb683a69f86800f01ff8fb6803f58053002283f82c201837bd4680bd80b582b000af78607b68002b09d041f24c020021786809f018fe7868fff77cfe00e000bf0837bd4680bd000080b586b000aff860b9607a603b60fb68002b00f0e780bb68002b03d17b68002b40f0e08000237b61d6e0ba687b6913441b78fb74fb681b782f4fa380
RX_HEX=54520114018100802701000009000000f3dd595bf43e02000023010000b9bc8e99
RX_FRAME type=0x8101 seq=295 length=9 payload=f43e02000023010000
WRITE offset=74240: total=147188 verified=74496 pending=0
TX_FRAME type=0x0101 seq=296 length=264
TX_HEX=54520114010100002801000008010000ddf7b32a00230100dac68dd3042b00f2c18001a252f823f05d2203087f220308c12203082d23030863230308fb7c542b03d1fb6801221a70b5e0fb6803f580535b6c0133fa6802f580525364abe0fb7c522b03d1f868fff758fea4e0fb7c542b09d1fb6803f580535b6c0133fa6802f58052536497e0fb6803f580535b6c0233fa6802f580525364f868fff719fe8ae0fb6803f58053db695a1cf96801f58051ca61fa681344fa7c5a70fb6803f58053db69142b72d1f868fff740fe0346002b0ed1fb6803f580535b6c0133fa6802f5805253643a6a3968f868fff7eefe5de0fb6803f580531b6a002b03d1fb6804221a7053e0fb6803221a704fe0fb6803f580535b6a5a1cf96801f58051e1daff99
RX_HEX=545201140181008028010000090000005fcf7982f43e0200002401000000845904
RX_FRAME type=0x8101 seq=296 length=9 payload=f43e02000024010000
WRITE offset=74496: total=147188 verified=74752 pending=0
TX_FRAME type=0x0101 seq=297 length=264
TX_HEX=5452011401010000290100000801000043f719e600240100b3454e274a62fa681344fa7c5a75fb6803f580535a6afb6803f580531b6a9a423ad1fb6804221a7036e0fb6803f580539b6a5a1cf96801f580518a62fa681a4441f215031344fa7c1a70fb6803f580539b6a042b22d13a6a3968f868fff73ffe0346002b03d0f868fff7a6fd16e0fb6803f580535b6c0133fa6802f5805253643a6a3968f868fff7c0fe07e0f868fff793fd04e000bf02e000bf00e000bf7b6901337b617a697b689a42fff424af00e000bf1837bd4680bd80b582b000af78607b68002b0fd07b681b78002b0bd07b6803f580539b6c01337a6802f5805293647868fff769fd00bf0837bd4680bd80b483b000af78607b681b781ab27b6801331b781bb2c0a8a2a4
RX_HEX=54520114018100802901000009000000c1cfd34ef43e0200002501000065e3e5bc
RX_FRAME type=0x8101 seq=297 length=9 payload=f43e02000025010000
WRITE offset=74752: total=147188 verified=75008 pending=0
TX_FRAME type=0x0101 seq=298 length=264
TX_HEX=54520114010100002a01000008010000a0f0966800250100a0822e641b021bb213431bb29bb218460c37bd465df8047b704780b483b000af78607b681b781a467b6801331b781b021a437b6802331b781b041a437b6803331b781b06134318460c37bd465df8047b704780b483b000af78600b467b807b88dab27b681a707b881b0a9ab27b680133d2b21a7000bf0c37bd465df8047b704780b483b000af786039603b68dab27b681a703b681a0a7b680133d2b21a703b681a0c7b680233d2b21a703b681a0e7b680333d2b21a7000bf0c37bd465df8047b7047000080b487b000aff860b9607a6000237b611fe0ba687b6913441b781a46fb685340fb6000233b610ee0fb685b08fa6802f00102002a01d00c4a00e000225340fb6001de8b26
RX_HEX=54520114018100802a0100000900000022c85cc0f43e020000260100008b4c50ae
RX_FRAME type=0x8101 seq=298 length=9 payload=f43e02000026010000
WRITE offset=75008: total=147188 verified=75264 pending=0
TX_FRAME type=0x0101 seq=299 length=264
TX_HEX=54520114010100002b010000080100003ef03ca400260100b52cf5393b6901333b613b69072bedd97b6901337b617a697b689a42dbd3fb6818461c37bd465df8047b70472083b8ed80b483b000af78607b68db4318460c37bd465df8047b704780b485b000aff860b9607a60fb68002b0dd0fb685b68ba689a4208d8fb685a68bb68d31a7a689a4201d8012300e0002318461437bd465df8047b704790b587b000aff860b9607a603b602ae0fb68d968fb68da68bb68b3fbf2f000fb02f29b1acb1a7b617a693b68934228bf13463b61fb685c693b697a68b968f868a0470346002b02d06ff0fe030fe0ba683b691344bb607a683b6913447b603a683b69d31a3b603b68002bd1d1002318461c37bd4690bd80b584b000aff860b9606ce55d09
RX_HEX=54520114018100802b01000009000000bcc8f60cf43e02000027010000ee2bec16
RX_FRAME type=0x8101 seq=299 length=9 payload=f43e02000027010000
WRITE offset=75264: total=147188 verified=75520 pending=0
TX_FRAME type=0x0101 seq=300 length=264
TX_HEX=54520114010100002c0100000801000027f9f9ae0027010089111c3d7a6014e0fb689b69b968f86898470346002b02d06ff0fe030de0fb689b68ba681344bb60fb689b687a68d31a7b607b68002be7d1002318461037bd4680bd000090b585b000aff860b9607a603b602022ff21f86809f0c7fb04221c49f86809f0dbfbfb68043301211846fff7f0fefb68063320211846fff7eafefb680833b9681846fff7fbfefb680c3379681846fff7f5fefb68103339681846fff7effefb6803f114041422f9684ff0ff30fff708ff03461846fff73aff034619462046fff7ddfe00bf1437bd4690bd00bf6402040890b585b000af7860396004222d49386809f071fb0346002b32d13b6804331846fff77bfe0346012b2ad13b680633184627463c42
RX_HEX=54520114018100802c01000009000000a5c13306f43e02000028010000b83b8f4e
RX_FRAME type=0x8101 seq=300 length=9 payload=f43e02000028010000
WRITE offset=75520: total=147188 verified=75776 pending=0
TX_FRAME type=0x0101 seq=301 length=264
TX_HEX=54520114010100002d01000008010000b9f9536200280100e013d893fff773fe0346202b22d13b6810331846fff781fe0346002b1ad03b6814331846fff779fe0446142239684ff0ff30fff7c7fe03461846fff7f9fe03469c4207d13b6818331846fff766fe0346002b01d000231be03b680c331846fff75cfef860fb68b3f5005f10d37b685b68fa689a420bd87b689a68fb68b3fbf2f101fb02f29b1a002b01d1012300e0002318461437bd4690bd6402040890b597b000aff860b9607a603b60bb6803f00103002b02d14ff4805300e000237b6507f134003b687a68b968fff73cff07f1100300211846fff754fefb681b689b69fa681268796d104698470346002b4dd1fb68186807f134021823796dfff7c3fe0346002b42d1a8d5ca4a
RX_HEX=54520114018100802d010000090000003bc199caf43e02000029010000dd5c33f6
RX_FRAME type=0x8101 seq=301 length=9 payload=f43e02000029010000
WRITE offset=75776: total=147188 verified=76032 pending=0
TX_FRAME type=0x0101 seq=302 length=264
TX_HEX=54520114010100002e010000080100005afedcec002901005a7dd816fb6818687b6d03f1180107f110020423fff7b6fe0346002b35d1fb681b681c69fb68186807f114022023796da0470346002b28d1fb681b6807f1140211461846fff746ff0346002b1dd007f1140308331846fff7e0fd0246bb68934213d107f114030c331846fff7d6fd02467b68934209d107f1140310331846fff7ccfd02463b68934202d06ff0fe0303e0fb68ba689a62002318465c37bd4690bd80b58ab000aff860b9607a603b60fb68002b0ed03b68002b0bd03b6b002b08d0fb6808331846fff7a8fd02467b68934201d000238ce004224749f86809f075fa0346002b2ad1fb6804331846fff77ffd0346012b22d1fb6806331846fff777fd0346402b92f7d5aa
RX_HEX=54520114018100802e01000009000000d8c61644f43e0200002a01000033f386e4
RX_FRAME type=0x8101 seq=302 length=9 payload=f43e0200002a010000
WRITE offset=76032: total=147188 verified=76288 pending=0
TX_FRAME type=0x0101 seq=303 length=264
TX_HEX=54520114010100002f01000008010000c4fe7620002a010042c480861ad140237b83fb681c331846fff783fd7862fb6820331846fff77dfd3862fb6830331846fff777fdf861fb6834331846fff771fd786134e004222f49f86809f042fa0346002b2ad1fb6804331846fff74cfd0346022b22d1fb6806331846fff744fd0346802b1ad180237b83fb6828331846fff750fd7862fb682c331846fff74afd3862fb683c331846fff744fdf861fb6840331846fff73efd786101e0002324e07b8bba689a4217d37b8bba68d31afa699a4211d13b6adb437a6a9a420cd87a6a3b6a1344b3f1805f06d27a6a3b6a13441b01fa699a4201d0002306e03b687a8b1a803b6b7a691a60012318462837bd4680bd6c0204087402040890b5c9b0bbfa813d
RX_HEX=54520114018100802f0100000900000046c6bc88f43e0200002b01000056943a5c
RX_FRAME type=0x8101 seq=303 length=9 payload=f43e0200002b010000
WRITE offset=76288: total=147188 verified=76544 pending=0
TX_FRAME type=0x0101 seq=304 length=264
TX_HEX=5452011401010000300100000801000043dded85002b01002f9576db00af07f59074a4f58a74206007f59070a0f58c70016007f59071a1f58e710a601a4607f59073a3f58f731a8007f59073a3f58f731b8807f59072a2f58c7212681344c7f81c3107f59073a3f58f731b8807f59072a2f58e721268d31ac7f818314ff0ff33c7f814313ae0d7f81831b3f5807f28bf4ff48073c7f8103107f59073a3f58a731b681b681c6907f59073a3f58a731b68186807f11002d7f81031d7f81c11a0470346002b01d0002328e007f11003d7f810211946d7f81401fff700fdc7f81401d7f81c21d7f810311344c7f81c31d7f81821d7f81031d31ac7f81831d7f81831002bc0d1d7f81401fff71efd0246d7f8303193420cbf01230023dbb20a5c4fa0
RX_HEX=54520114018100803001000009000000c1e5272df43e0200002c010000efacedc1
RX_FRAME type=0x8101 seq=304 length=9 payload=f43e0200002c010000
WRITE offset=76544: total=147188 verified=76800 pending=0
TX_FRAME type=0x0101 seq=305 length=264
TX_HEX=54520114010100003101000008010000dddd4749002c0100a1b45d5e184607f59277bd4690bd000090b5fdb002af07f5f474a4f5ee74206007f5f470a0f5f070016007f5f471a1f5f2710a6007f5f472a2f5f47213604ff0ff33c7f8e43107f5f473a3f5f4731b6800221a60d7f8f83100221a6007f5f473a3f5ee731b681b681c6907f5f473a3f5ee731b68186807f5d67207f5f473a3f5f07120230968a0470346002b02d06ff0fe0301e20023c7f8d8310ce007f5d672d7f8d83113441b78ff2b09d1d7f8d8310133c7f8d831d7f8d8311f2beed900e000bfd7f8d831202b05d1d7f8f83101221a600023e0e107f5d6730422c949184609f0f3f80346002b27d107f5d67304331846fff7fcfb0346012b1ed107f5d6730633184629a6ce12
RX_HEX=545201140181008031010000090000005fe58de1f43e0200002d0100008acb5179
RX_FRAME type=0x8101 seq=305 length=9 payload=f43e0200002d010000
WRITE offset=76800: total=147188 verified=77056 pending=0
TX_FRAME type=0x0101 seq=306 length=264
TX_HEX=545201140101000032010000080100003edac8c7002d010026e16770fff7f3fb0346202b15d107f5d67318331846fff700fc044607f5d673182219464ff0ff30fff74cfc03461846fff77efc03469c4201d00023ace107f5d67308331846fff7e8fbc7f8d40107f5d67310331846fff7e0fbc7f8d001d7f8d431002b47d007f5f473a3f5ee731b681b689a68d7f8d431b3fbf2f101fb02f29b1a002b37d1d7f8d0313f2b33d9d7f8d431303bd7f8d0219a422cd807f5f473a3f5ee731b68186807f5f473a3f5f073d7f8d4211968fff747fc0346002b1ad007f5f473a3f5ee731b681b681c6907f5f473a3f5ee731b68186807f5f473a3f5f0731b6803f1200107f11c024023a0470346002b01d000234ee107f11c030422814918461d8d1e8b
RX_HEX=54520114018100803201000009000000bce2026ff43e0200002e0100006464e46b
RX_FRAME type=0x8101 seq=306 length=9 payload=f43e0200002e010000
WRITE offset=77056: total=147188 verified=77312 pending=0
TX_FRAME type=0x0101 seq=307 length=264
TX_HEX=54520114010100003301000008010000a0da620b002e0100860e0d2d09f061f80346002b22d1d7f8d0317f2b1cd907f5f473a3f5ee731b681b681c6907f5f473a3f5ee731b68186807f5f473a3f5f0731b6803f1600107f11c0303f140024023a0470346002b01d0002321e107f5d6730c331846fff75dfb014607f1160207f11c0007f11803009313460a46d7f8d011fff792fd0346002b40d007f5f473a3f5ee731b681b681c6907f5f473a3f5ee731b68186807f5f473a3f5f0731a68d7f8d031134403f1200107f5ce721023a0470346002b22d107f5ce7304225149184608f0ffff0346002b18d107f5ce7304331846fff71efb044607f5d67314331846fff717fb03469c4208d107f5ce7308331846fff70efb0346002b01d0d5e227fb
RX_HEX=5452011401810080330100000900000022e2a8a3f43e0200002f010000010358d3
RX_FRAME type=0x8101 seq=307 length=9 payload=f43e0200002f010000
WRITE offset=77312: total=147188 verified=77568 pending=0
TX_FRAME type=0x0101 seq=308 length=264
TX_HEX=54520114010100003401000008010000b9d3a701002f010003a9fc790023c7e007f5f473a3f5f0731b682033c7f8e031d7f8d031c7f8dc313be0d7f8dc31b3f5807f28bf4ff48073c7f8cc3107f5f473a3f5ee731b681b681c6907f5f473a3f5ee731b68186807f19c02d7f8cc31d7f8e011a0470346002b02d06ff0fe0397e007f19c03d7f8cc211946d7f8e401fff725fbc7f8e401d7f8e021d7f8cc311344c7f8e031d7f8dc21d7f8cc31d31ac7f8dc31d7f8dc31002bbfd1d7f8e401fff743fb044607f5d67314331846fff7b1fa03469c4201d000236ae007f5f473a3f5f0731b6803f1200107f5f473a3f5e9731a8807f5f473a3f5e8731b6807f5f470a0f5ee7000931346d7f8d0210068fff783fd0346002b07d1002349e071f0210d
RX_HEX=545201140181008034010000090000003beb6da9f43e02000030010000c84422db
RX_FRAME type=0x8101 seq=308 length=9 payload=f43e02000030010000
WRITE offset=77568: total=147188 verified=77824 pending=0
PROGRESS 77824/147188
TX_FRAME type=0x0101 seq=309 length=264
TX_HEX=5452011401010000350100000801000027d30dcd003001005021b43d7c020408740204088402040807f5f473a3f5f2731b68002b34d007f5d6730c331846fff778fa024607f5f473a3f5f2731b681a6007f5f473a3f5f2731b6807f5f472a2f5f07212685a6007f5f473a3f5f2731b68d7f8d4219a6007f5f473a3f5f2731b68d7f8d021da6007f5d67314331846fff750fa024607f5f473a3f5f2731b681a6107f5f473a3f5f4731b6801221a600023184607f5f677bd4690bd00bf80b582b000af786039607b68002b1cd03b68002b19d03b681b69002b15d03b685b69002b11d03b689b69002b0dd03b689b68b3f5805f08d13b68db68002b04d03b685b68b3f5405f02d26ff0fe033de07b685b6c002b02d06ff0fe0336e04822431c46d9
RX_HEX=54520114018100803501000009000000a5ebc765f43e02000031010000ad239e63
RX_FRAME type=0x8101 seq=309 length=9 payload=f43e02000031010000
WRITE offset=77824: total=147188 verified=78080 pending=0
TX_FRAME type=0x0101 seq=310 length=264
TX_HEX=54520114010100003601000008010000c4d482430031010096f00b770021786808f0effe7b683a681a603b685b681a4600213868fff7edfa0346002b13d101234ff4005201217868fff7b4fb0346002b09d101234ff4005202217868fff7aafb0346002b05d07b6803221a716ff0fe030ae07b6801221a717b684ff400529a607b680122da60002318460837bd4680bd90b482b000af786039607b68002b02d03b68002b02d16ff0fe0307e03a687b68144604330fcb84e80f00002318460837bd4690bc7047b0b483b000af786039607b68002b02d03b68002b02d16ff0fe0309e03a687b68154603f114040fcc0fc523682b60002318460c37bd46b0bc7047b0b58eb002aff860b9607a604ff40053fb62fb68002b09d0fb681b689be419f2
RX_HEX=5452011401810080360100000900000046ec48ebf43e02000032010000438c2b71
RX_FRAME type=0x8101 seq=310 length=9 payload=f43e02000032010000
WRITE offset=78080: total=147188 verified=78336 pending=0
TX_FRAME type=0x0101 seq=311 length=264
TX_HEX=545201140101000037010000080100005ad4288f003201008ab0ae0b002b05d07b68002b02d0bb68002b2cd16ff0fe0330e007f1140107f1180207f1100300930b46f96af868fff7effc0346002b05d13b69002b02d17b69002b02d16ff0fe0318e0bb69ba689a4209d17b681d4607f118040fcc0fc523682b6000230ae03b6afa6a1344fb62fb689b68fa6a9a42d0d36ff0fe0318463037bd46b0bd80b584b000aff860b9607a607a68b968f868fff7a7ff034618461037bd4680bd80b588b000af7860396007f10c031a4639687868fff796ff034618462037bd4680bd90b58db000aff860b9607a603b603b68002b13d03b6c002b10d07b6c002b0dd007f114031a46b968f868fff77aff0346002b03d13b6a7a689a4202d36ff0bf923f5d
RX_HEX=54520114018100803701000009000000d8ece227f43e0200003301000026eb97c9
RX_FRAME type=0x8101 seq=311 length=9 payload=f43e02000033010000
WRITE offset=78336: total=147188 verified=78592 pending=0
TX_FRAME type=0x0101 seq=312 length=264
TX_HEX=54520114010100003801000008010000f6c6085600330100a45263d8fe0320e03a6a7b68d31afb62fa6a3b6c934228bf1346bb62fb681b681c69fb681868ba697b68134403f12001bb6a3a68a0470346002b02d06ff0fe0303e07b6cba6a1a60002318463437bd4690bd80b584b000aff860b9601346fb80fb68002b02d16ff0fe0318e0b86800f01af80346002b02d06ff0fe030fe0fb68ba680921184606f013fafb68fa885a83fb6800229a77fb6800229a83002318461037bd4680bd80b582b000af78600921786806f075fc034618460837bd4680bd80b584b000af78600b467b800023fb607b68002b04d1e3224849494805f072fb7b68184606f0bafb0346092b04d0e4224249444805f066fb7b685b8b03f01003002b20d1f72d590c
RX_HEX=5452011401810080380100000900000074fec2fef43e020000340100009fd34054
RX_FRAME type=0x8101 seq=312 length=9 payload=f43e02000034010000
WRITE offset=78592: total=147188 verified=78848 pending=0
TX_FRAME type=0x0101 seq=313 length=264
TX_HEX=5452011401010000390100000801000068c6a29a00340100662efdff7b689b6a002b15d07b689b6a78689847f860fb68002b0dd03a4805f001f97a68fb680c21384805f0fbf8384805f0f8f8fb685ce07b685b8b43f010039ab27b685a837b685b8b03f00803002b08d07b689b8b03f00803002b02d06ff00f0346e07b689b8b03f00803002b0dd07b689b8b1a4640f60f731340798840f607720a4042f00802934213d07b68db6a002b07d07b68db6a7a88114678689847f86007e07b8823f0f0031b051b0d9ab27b689a83fb68002b03d0fb6813f1580f16d17b689b8b43f008039ab27b689a837b689b7f0133dab27b689a777b689b7f002b05d14ff48b7204490a4805f0eafafb6818461037bd4680bd00bf5c2b04088c020408d3e28524
RX_HEX=54520114018100803901000009000000eafe6832f43e02000035010000fab4fcec
RX_FRAME type=0x8101 seq=313 length=9 payload=f43e02000035010000
WRITE offset=78848: total=147188 verified=79104 pending=0
TX_FRAME type=0x0101 seq=314 length=264
TX_HEX=54520114010100003a010000080100008bc12d14003501008431f37e9c0204087003040888030408c0030408c803040880b584b000af78600023fb607b68002b05d140f229121e491e4805f0c7fa7b68184606f00ffb0346092b05d04ff495721749194805f0bafa7b689b7f002b02d16ff0fe031fe07b689b7f013bdab27b689a777b689b7f002b01d0002313e07b681b6b002b04d07b681b6b78689847f860fb68002b03d0fb6813f1580f02d17b6800229a83fb6818461037bd4680bd00bf6c2b04088c0204089c02040890b585b000aff860b9607a603b60fb68002b05d140f257121849194805f078fafb68184606f0c0fa0346092b05d04ff4ac721249134805f06bfafb689b7f002b05d16ff0fe00edf7fffd002311e0fb68cb646fd2
RX_HEX=54520114018100803a0100000900000009f9e7bcf43e02000036010000141b49fe
RX_FRAME type=0x8101 seq=314 length=9 payload=f43e02000036010000
WRITE offset=79104: total=147188 verified=79360 pending=0
TX_FRAME type=0x0101 seq=315 length=264
TX_HEX=54520114010100003b0100000801000015c187d800360100760d40c95b6b002b08d0fb685c6b3b687a68b968f868a047034604e06ff05700edf7ecfd002318461437bd4690bd00bf7c2b04088c0204089c02040890b585b000aff860b9607a603b60fb68002b05d14ff4c1721849194805f034fafb68184606f07cfa0346092b05d040f283121249134805f027fafb689b7f002b05d16ff0fe00edf7bbfd002311e0fb689b6b002b08d0fb689c6b3b687a68b968f868a047034604e06ff05700edf7a8fd002318461437bd4690bd00bf8c2b04088c0204089c02040880b582b000af786039607b68002b05d14ff4e1720c490d4805f0f2f97b68184606f03afa0346092b05d040f2c3120649074805f0e5f97b683a681a6200231846c4ecc64f
RX_HEX=54520114018100803b0100000900000097f94d70f43e02000037010000717cf546
RX_FRAME type=0x8101 seq=315 length=9 payload=f43e02000037010000
WRITE offset=79360: total=147188 verified=79616 pending=0
TX_FRAME type=0x0101 seq=316 length=264
TX_HEX=54520114010100003c010000080100000cc842d20037010049ffbb090837bd4680bd00bf9c2b04088c0204089c02040880b582b000af78604ff0ff31786800f0f9f800bf0837bd4680bd80b582b000af7860396002223968786800f01df8034618460837bd4680bd80b582b000af78607b68002b04d12a220549064805f0aef97b6800221a6000bf0837bd4680bd00bfb82b0408dc03040880b58ab000aff860b9607a60fb68002b04d147225849594805f094f9bb68002b29d006f0cbff0346002b08d05249544804f038ff4a225049524805f083f907f05df90346002b08d14b494f4804f02aff4a2249494b4805f075f904f049fe0346002b08d04449494804f01cff4a224249444805f067f900237b6207f03ff9f861434803f0ad618870
RX_HEX=54520114018100803c010000090000008ef0887af43e02000038010000276c961e
RX_FRAME type=0x8101 seq=316 length=9 payload=f43e02000038010000
WRITE offset=79616: total=147188 verified=79872 pending=0
TX_FRAME type=0x0101 seq=317 length=264
TX_HEX=54520114010100003d0100000801000092c8e81e003801006067ee01c9fb3862fb681b6803f00103002b64d1fb681b68012b04d9552236493c4805f04ff9bb68002b03d16ff073037b6257e0fb690022da627968f86907f0d5fb78627b6a002b49d1fb6923f00103bb61fb68ba691a6004f00afe0346002b08d02549294804f0ddfe6a222249254805f028f9bb68002b0eddbb687b61fb694c3307f114020021184607f085fffb694c33184607f0b8fe396a1d4803f08afb06f04cfd1a4803f077fb3862fb681b68ba699a4202d00023bb60a5e7fb69db6a7b627b6a002bb8bf5b425b427b627b6a002b04d1892208490f4805f0f3f8fb6800221a60396a0a4803f064fb7b6a18462837bd4680bd00bfcc2b0408dc030408f403040878d0adc1
RX_HEX=54520114018100803d0100000900000010f022b6f43e02000039010000420b2aa6
RX_FRAME type=0x8101 seq=317 length=9 payload=f43e02000039010000
WRITE offset=79872: total=147188 verified=80128 pending=0
TX_FRAME type=0x0101 seq=318 length=264
TX_HEX=54520114010100003e0100000801000071cf6790003901009631702c20040408240404085c04040808b0022484040408b004040880b586b000af786039607b68002b04d1be221e491e4805f0c7f81e4803f02efb38617b681b6803f00103002b06d03969184803f031fb6ff00f0323e07b681b6823f00103fb60fb68002b10d03b68002b02dbfb683a68da62f86807f049fb78617b69002b06d06ff03c037b6102e06ff03c037b617b6801221a603969054803f00bfb7b6918461837bd4680bde82b0408dc03040808b0022480b586b000aff860b9607a603b60fb687b617b69002b04d116220f490f4805f077f87b683b613b69002b02d03b68082b01d000230ce07b699b6c9b683a6912681146f86898470346dab23b691a713b68283ec832
RX_HEX=54520114018100803e01000009000000f3f7ad38f43e0200003a010000aca49fb4
RX_FRAME type=0x8101 seq=318 length=9 payload=f43e0200003a010000
WRITE offset=80128: total=147188 verified=80384 pending=0
TX_FRAME type=0x0101 seq=319 length=264
TX_HEX=54520114010100003f01000008010000efcfcd5c003a0100a0831d2e18461837bd4680bd1c2c0408c404040880b586b000aff860b9607a603b60fb687b617b69002b04d126220e490e4805f047f87b683b613b69002b02d03b68082b01d0002309e07b699b6c5b683a6911683a691279f86898473b6818461837bd4680bd00bf282c0408c404040880b586b000aff860b9607a60fb687b617b69002b04d137220c490d4805f01af87b683b613b69002b02d16ff0fe0309e07b699b6c1b683a6911683a691279f8689847002318461837bd4680bd342c0408c404040880b584b000aff860b9607a60154b19221a76144b00221a62124b00225a62114b00229a620f4b0022da620e4b00221a630c4b0d4a5a630b4b0c4a9a63094b0c4aa7588e1f
RX_HEX=54520114018100803f010000090000006df707f4f43e0200003b010000c9c3230c
RX_FRAME type=0x8101 seq=319 length=9 payload=f43e0200003b010000
WRITE offset=80384: total=147188 verified=80640 pending=0
TX_FRAME type=0x0101 seq=320 length=264
TX_HEX=54520114010100004001000008010000d34cbd29003b0100cb8f69cfda63084abb689364064a7b6853640322f9680448fff71bfc002318461037bd4680bd00bf10b00224ed3803084d390308a939030880b582b000af78600b46fb70094b9b6c002b04d194220849084804f0b7ff054b9b6c1b68fa7879680248984700bf0837bd4680bd10b00224442c0408d404040880b582b000af786039600a4b9b6c002b04d19a220849094804f098ff054b9b6c5b683a68d2b279680248984700bf0837bd4680bd10b00224502c0408d404040880b582b000af7860094b9b6c002b04d1a0220849084804f079ff054b9b6c9b68796803489847034618460837bd4680bd10b00224602c0408d404040880b582b000af78600d4b9b6c002b04d10798f82d
RX_HEX=5452011401810080400100000900000051747781f43e0200003c01000070fbf491
RX_FRAME type=0x8101 seq=320 length=9 payload=f43e0200003c010000
WRITE offset=80640: total=147188 verified=80896 pending=0
TX_FRAME type=0x0101 seq=321 length=264
TX_HEX=545201140101000041010000080100004d4c17e5003c01008dd490c3a7220c490c4804f05bff094b9b6c9b69002b02d16ff0570305e0054b9b6c9b6978689847034618460837bd4680bd00bf10b002246c2c0408d404040880b582b000af78607868fff7d3ff034618460837bd4680bd80b500af114804f0e1fc114804f0defc104804f0dbfc104804f0d8fc0f4804f0d5fc0f4804f0d2fc0e4804f0cffc0e4804f0ccfc0d4804f0c9fc0d4804f0c6fc0c48fff7abff00bf80bd00bfec040408000504083405040888050408b8050408e8050408100604085406040884060408a4060408b006040880b584b000af786039607b68022b02dcfff7baff1be03b6808331b681846fff7a7fff860fb68002b09da3b6808331b681946084891a45dcd
RX_HEX=54520114018100804101000009000000cf74dd4df43e0200003d010000159c4829
RX_FRAME type=0x8101 seq=321 length=9 payload=f43e0200003d010000
WRITE offset=80896: total=147188 verified=81152 pending=0
TX_FRAME type=0x0101 seq=322 length=264
TX_HEX=54520114010100004201000008010000ae4b986b003d01000510de3e04f08efcfff7a6ff07e03b6808331b68fa681946034804f083fc1037bd4680bdb4060408d006040880b584b000af786039607b68032b02dcfff78cff6de03b6808331b68184602f061fa0346002b13d13b6808331b681846fff770fff860fb68002b10da3b6808331b6819462c4804f057fcfff76fff50e03b6808331b68184607f066fef8603b680c331b6819462548edf748fc0346002b02d10023bb6036e03b680c331b6819461f48edf73bfc0346002b02d10123bb6029e03b680c331b6819461a48edf72efc0346002b02d10223bb601ce03b680c331b6819461448edf721fc0346002b02d10323bb600fe03b680c331b6819460f48edf714fc0346002bba06d180
RX_HEX=545201140181008042010000090000002c7352c3f43e0200003e010000fb33fd3b
RX_FRAME type=0x8101 seq=322 length=9 payload=f43e0200003e010000
WRITE offset=81152: total=147188 verified=81408 pending=0
TX_FRAME type=0x0101 seq=323 length=264
TX_HEX=54520114010100004301000008010000304b32a7003e0100134f0d7f02d10423bb6002e0fff724ff05e0bb68dbb21946f868fff78dfe1037bd4680bdb4060408dc060408e4060408ec060408fc0604080c07040880b584b000af786039607b68022b02dcfff704ff34e03b6808331b68184602f0d9f90346002b13d13b6808331b681846fff7e8fef860fb68002b10da3b6808331b681946104804f0cffbfff7e7fe17e03b6808331b68184607f0defdf860f868fff78cfe0346fb72fb7a012b04d1f968064804f0b9fb03e0f968054804f0b4fb1037bd4680bd00bfb4060408180704082807040880b584b000af786039607b68032b02dcfff7bafe59e03b6808331b68184602f08ff90346002b13d13b6808331b681846fff79efe44a817bc
RX_HEX=54520114018100804301000009000000b273f80ff43e0200003f0100009e544183
RX_FRAME type=0x8101 seq=323 length=9 payload=f43e0200003f010000
WRITE offset=81408: total=147188 verified=81664 pending=0
TX_FRAME type=0x0101 seq=324 length=264
TX_HEX=545201140101000044010000080100002942f7ad003f010032bb5f9cf860fb68002b10da3b6808331b681946224804f085fbfff79dfe3ce03b6808331b68184607f094fdf8603b680c331b6819461b48edf776fb0346002b09d03b680c331b6819461748edf76cfb0346002b02d10123fb7219e03b680c331b6819461148edf75ffb0346002b09d03b680c331b6819460d48edf755fb0346002b02d10023fb7202e0fff765fe04e0fb7a1946f868fff7effd1037bd4680bdb40604083807040840070408440704084807040880b582b000af786039607b68022b02dcfff748fe3ee03b6804331b6819461f48edf728fb0346002b04d139687868fff775fe2fe03b6804331b6819461848edf719fb0346002b04d139687868fff794fec9cb081e
RX_HEX=54520114018100804401000009000000ab7a3d05f43e0200004001000054e41db0
RX_FRAME type=0x8101 seq=324 length=9 payload=f43e02000040010000
WRITE offset=81664: total=147188 verified=81920 pending=0
PROGRESS 81920/147188
TX_FRAME type=0x0101 seq=325 length=264
TX_HEX=54520114010100004501000008010000b7425d61004001004d65b5ac20e03b6804331b6819461248edf70afb0346002b04d139687868fff70dff11e03b6804331b6819460b48edf7fbfa0346002b04d139687868fff748ff02e0fff709fe00bf0837bd4680bd00bf4c07040850070408580704086007040880b586b000aff860b9607a60fb68002b04d1f5221849194804f024fd7b687b611ce0fb689b6cdb68f868984738613b69b3f1ff3f16d03b69dab2bb681a70bb680133bb607b68013b7b60fb689b8b03f04003002b02d03b690a2b05d07b68002bdfd102e000bf00e000bf7a697b68d31a18461837bd4680bdc82c04086807040880b586b000aff860b9607a60fb68002b05d14ff486721a491a4804f0e3fc7b687b6120e06bbe6ff3
RX_HEX=54520114018100804501000009000000357a97c9f43e020000410100003183a108
RX_FRAME type=0x8101 seq=325 length=9 payload=f43e02000041010000
WRITE offset=81920: total=147188 verified=82176 pending=0
TX_FRAME type=0x0101 seq=326 length=264
TX_HEX=545201140101000046010000080100005445d2ef004101002290fd20bb681b780a2b0bd1fb689b8b03f04003002b05d0fb689b6c9b680d21f8689847fb689b6c9b68ba6812781146f86898470346002b09dbbb680133bb607b68013b7b607b68002bdbd100e000bf7a697b68d31a18461837bd4680bd00bff82c04086807040880b588b000aff860b9607a60fb68002b05d140f22d123249324804f09ffc7b68fb61fb685b6dbb61bb69002b4dd140f231122b492c4804f091fc46e0fb685c33184602f0f5fe7861bb69da88bb699b889a420ad1bb699b68002b06d1fb685c337969184602f0f2fe32e0bb691b68ba69d28813441b783b61bb69db8801339ab2bb69da80bb69da88fb681b6dc3f38f239bb29a4202d3bb690022da80d04b396f
RX_HEX=54520114018100804601000009000000d67d1847f43e02000042010000df2c141a
RX_FRAME type=0x8101 seq=326 length=9 payload=f43e02000042010000
WRITE offset=82176: total=147188 verified=82432 pending=0
TX_FRAME type=0x0101 seq=327 length=264
TX_HEX=54520114010100004701000008010000ca45782300420100b67233a5bb699b68012b02d1bb6900229a60fb685c337969184602f0cbfe3b69dab2bb681a70bb680133bb607b68013b7b607b68002bb5d1fa697b68d31a18462037bd4680bd00bfb82c0408680704087c07040880b586b000aff860b9607a60fb68002b05d14ff4b7722849284804f029fc7b687b61fb689b6d3b613b69002b39d14ff4b9722149224804f01bfc32e0bb681b780a2b1cd1fb689b8b03f04003002b16d0fb689b6c9b680d21f86898470346b3f1ff3f0cd13b694ff0ff311846fff737fa17e03b694ff0ff311846fff730fafb689b6c9b68ba6812781146f86898470346b3f1ff3fedd0bb680133bb607b68013b7b607b68002bc9d17a697b68d31a1846c0674158
RX_HEX=54520114018100804701000009000000487db28bf43e02000043010000ba4ba8a2
RX_FRAME type=0x8101 seq=327 length=9 payload=f43e02000043010000
WRITE offset=82432: total=147188 verified=82688 pending=0
TX_FRAME type=0x0101 seq=328 length=264
TX_HEX=54520114010100004801000008010000665758fa004301007438d5d31837bd4680bd00bfe82c0408680704089007040880b500af084b1b68002b0bd1074804f07df9074804f07af9064804f077f9024b01221a6000bf80bd5cb00224a0070408b00704081408040880b584b000af78600023fb607b68002b05d14ff41c721349134804f0abfb7b68bb60bb6800225a65bb6800229a65bb686433082200211846ecf790ffbb689b6c1b68002b08d0bb689b6c1b68ba684c321146b8689847f860fb6818461037bd4680bd00bf782c04081c08040880b586b000af78600b467b800023fb827b68002b05d140f285227849784804f073fb7b683b617b8803f40073002b08d07b685b8b03f40073002b02d16ff00403d8e07b8803f40063ef03d254
RX_HEX=54520114018100804801000009000000e46f9252f43e0200004401000003737f3f
RX_FRAME type=0x8101 seq=328 length=9 payload=f43e02000044010000
WRITE offset=82688: total=147188 verified=82944 pending=0
TX_FRAME type=0x0101 seq=329 length=264
TX_HEX=54520114010100004901000008010000f857f2360044010003adea71002b08d07b685b8b03f40063002b02d16ff00403cae07b8803f48073002b08d07b685b8b03f48073002b02d16ff00403bce07b8803f48063002b08d07b685b8b03f48063002b02d16ff00403aee07b8803f04003002b05d17b689b8b03f04003002b01d04023fb827b88dbb29ab27b689a833b695b6d002b47d17b8803f48073002b3ed03b691b6dc3f38f239bb20c33184604f065faf860fb68002b05d14ff429724449454804f00bfbfb6803f10c02fb681a60fb6818683b691b6dc3f38f239bb21a460021ecf7effefb6800229a80fb680022da80fb6800229a603b69fa685a657b689b8b43f480739ab27b689a833b699b6c5b684ff48072062138699847fb46adaa
RX_HEX=545201140181008049010000090000007a6f389ef43e020000450100006614c387
RX_FRAME type=0x8101 seq=329 length=9 payload=f43e02000045010000
WRITE offset=82944: total=147188 verified=83200 pending=0
TX_FRAME type=0x0101 seq=330 length=264
TX_HEX=54520114010100004a010000080100001b507db8004501004701b27b0fe03b6900225a650be07b8803f48073002b06d07b689b8b43f480739ab27b689a833b699b6d002b2cd17b8803f48063002b23d0042004f013fab860bb68002b05d140f2e3221b491d4804f0b9fabb681846fff7fbf83b69ba689a657b689b8b43f480639ab27b689a833b699b6c5b684ff480620621386998470fe03b6900229a650be07b8803f48063002b06d07b689b8b43f480639ab27b689a837b689a8bfb8a13439ab27b689a83002318461837bd4680bd882c04081c0804087c0704082c08040880b586b000af78607b68002b05d140f216323649364804f071fa7b687b617b689b7f012b01d900235ce07b689b8b03f48073002b20d07b699b6c5b68bae4a083
RX_HEX=54520114018100804a010000090000009968b710f43e0200004601000088bb7695
RX_FRAME type=0x8101 seq=330 length=9 payload=f43e02000046010000
WRITE offset=83200: total=147188 verified=83456 pending=0
TX_FRAME type=0x0101 seq=331 length=264
TX_HEX=54520114010100004b010000080100008550d77400460100d6e659384ff480720721786998477b689b8b23f480739ab27b689a837b695b6d3b613b69002b05d140f225322149234804f048fa386904f00dfa7b6900225a657b689b8b03f48063002b20d07b699b6c5b684ff480620721786998477b689b8b23f480639ab27b689a837b699b6dfb60fb68002b05d140f251320e49104804f021faf86804f0e6f97b6900229a657b699b6c5b6800220421786998477b685b8b23f010039ab27b685a83002318461837bd4680bd982c04081c0804087c0704082c08040880b586b000aff860b9607a603b60fb68002b05d140f279321149124804f0f0f93b68002b01d1002316e0fb687b61fb689b8b03f48073002b07d03b681a4679687fcad660
RX_HEX=54520114018100804b0100000900000007681ddcf43e02000047010000eddcca2d
RX_FRAME type=0x8101 seq=331 length=9 payload=f43e02000047010000
WRITE offset=83456: total=147188 verified=83712 pending=0
TX_FRAME type=0x0101 seq=332 length=264
TX_HEX=54520114010100004c010000080100009c59127e00470100843a018f7869fff72ffd034606e03b681a4679687869fff7a3fc034618461837bd4680bda82c04081c08040880b586b000aff860b9607a603b60fb68002b05d140f293321149124804f0bcf93b68002b01d1002316e0fb687b61fb689b8b03f48063002b07d03b681a4679687869fff771fd034606e03b681a4679687869fff7affc034618461837bd4680bdd82c04081c08040880b588b000aff860b9607a600023fb61fb68002b05d140f22d423f493f4804f087f9fb68bb61bb68013b082b61d801a252f823f0354703082547030845470308bf47030899470308bf470308bf470308bf470308af470308fb685b8b43f020039ab2fb685a8352e0fb685b8b23f02003bb1f52b7
RX_HEX=54520114018100804c010000090000001e61d8d6f43e02000048010000bbcca975
RX_FRAME type=0x8101 seq=332 length=9 payload=f43e02000048010000
WRITE offset=83712: total=147188 verified=83968 pending=0
TX_FRAME type=0x0101 seq=333 length=264
TX_HEX=54520114010100004d010000080100000259b8b200480100912360cb9ab2fb685a834ae07b68002b42d07b687b617b695b68c3f38f239ab2bb691b6dc3f38f239bb29a4206d0bb699b7f002b02d06ff00f0333e0bb697a694c3392e8030083e80300bb699b7f002b22d0bb699b6c1b687968b86998471be07b68002b1ad0bb696433082279681846ecf780fd12e07b68002b11d07b6840f243121a800ce0bb699b6c5b687a68b968b8699847f86104e000bf02e000bf00e000bffb6918462037bd4680bd082d04081c08040880b586b000aff860b9607a603b60fb68002b05d140f25c521a491b4804f0f8f8fb685c33184602f03cfbfb687b617b6900221a767b6900221a627b6900225a627b69124a9a627b69114ada627b69114a777f4115
RX_HEX=54520114018100804d010000090000008061721af43e02000049010000deab15cd
RX_FRAME type=0x8101 seq=333 length=9 payload=f43e02000049010000
WRITE offset=83968: total=147188 verified=84224 pending=0
TX_FRAME type=0x0101 seq=334 length=264
TX_HEX=54520114010100004e01000008010000e15e373c004901001d7455811a637b69104a5a637b69104a9a637b690f4ada637b693a685a647b689bb21a46b9687869fef713fd38613b6918461837bd4680bd1c2d04086807040889420308f542030801450308fd45030865460308cd46030880b588b000af786039603b68dbb2012b03d0022b00f086808de04ff0ff33bb617b685b6d7b617b69002b05d140f28e524349444804f09af87b689b6cdb6878689847b861bb69b3f1ff3f35d07b685c33184602f0f5fa38617b691b687a6992881344ba69d2b21a707b699b8801339ab27b699a807b699a887b681b6dc3f38f239bb29a4202d37b6900229a807b699a887b69db889a4208d17b699a887b69da807b6901229a60fff78bfc7b6874e9418d
RX_HEX=54520114018100804e010000090000006366fd94f43e0200004a0100003004a0df
RX_FRAME type=0x8101 seq=334 length=9 payload=f43e0200004a010000
WRITE offset=84224: total=147188 verified=84480 pending=0
TX_FRAME type=0x0101 seq=335 length=264
TX_HEX=54520114010100004f010000080100007f5e9df0004a0100788b0db45c333969184602f0d3fabfe700bf7b681b6a002b38d07b685c33184602f0bafa38617b699a887b69db889a4206d37b699b881a467b69db88d31a0ce07b681b6dc3f38f239bb21a467b69db8819467b699b88cb1ad31afb607b685c333969184602f0a6fafb68002b0ed07b681b6a7a68f9681046984707e07b689b6dfb61fb691846fef747fe00e000bf00bf2037bd4680bd00bf342d04087c07040880b483b000af78607b681b687a689a420cbf01230023dbb218460c37bd465df8047b704780b485b000af78600023fb607b68bb6005e0bb681b68bb60fb680133fb60bb681b687a689a42f4d1fb6818461437bd465df8047b7047000080b500af024803f044a695f3
RX_HEX=54520114018100804f01000009000000fd665758f43e0200004b01000055631c67
RX_FRAME type=0x8101 seq=335 length=9 payload=f43e0200004b010000
WRITE offset=84480: total=147188 verified=84736 pending=0
TX_FRAME type=0x0101 seq=336 length=264
TX_HEX=54520114010100005001000008010000f87d0655004b0100cd83fb288ffd0023184680bd4008040880b500af03f0fefc0023184680bd000080b582b000af786039607b68012b21dd3b6804331b6818491846ecf775fd0346002b19d17b68022b18dd3b6808331b681946124803f066fd3b6808331b68184603f00afd3b6808331b68184601f052fc00230ce000bf02e000bf00e000bf084803f050fd074803f04dfd6ff0fe0318460837bd4680bd00bf480804084c080408640804087008040880b582b000af786002e0064803f036fd7b685a1e7a60002bf7d100bf00bf0837bd4680bda008040880b586b000aff8607a603b600b46fb72fb7a184604f080fd78617b6904333b61fb683a691a60fb68fa7a1a72fb687a685a60fb68819312be
RX_HEX=545201140181008050010000090000007a45ccfdf43e0200004c010000ec5bcbfa
RX_FRAME type=0x8101 seq=336 length=9 payload=f43e0200004c010000
WRITE offset=84736: total=147188 verified=84992 pending=0
TX_FRAME type=0x0101 seq=337 length=264
TX_HEX=54520114010100005101000008010000667dac99004c0100ccf8834c3a68da60fb6800221a6100bf1837bd4680bd80b58ab000af7860396000237b623b6800221a613b68db68002b03d03b681b7a002b01d1002353e03b681b687b617b69043b3b617b68002b04d17b693b6201237b6201e07b683b623b691033184602f098f9f8607b6a002b12d13b6a103bbb60bb681b7b23f080033a68127a934207d03b691033f968184602f091f9002327e00023bb613b685b68fb613b6a1b683b623a6a7b699a4202d100233b620ee0bb690133bb61fb691a1dfa613a6a1a603b68db68ba699a4200d0e7e700bf3b691033f968184602f06bf93b68ba691a613b6a18462837bd4680bd00002de9f0419eb004af00237b66724bbb650a237b65476d0ae4
RX_HEX=54520114018100805101000009000000e4456631f43e0200004d010000893c7742
RX_FRAME type=0x8101 seq=337 length=9 payload=f43e0200004d010000
WRITE offset=84992: total=147188 verified=85248 pending=0
TX_FRAME type=0x0101 seq=338 length=264
TX_HEX=54520114010100005201000008010000857a2317004d01009e71ff2305233b653a1d07f1240008230121fff75dff7b6a043bfb640c23bb64bb6dba6cb96c694803f07cfcb86cfff73bff674803f076fc664803f073fc7b6d1846fff731ff634803f06cfc3b6d1846fff72aff604803f065fc07f124031946786efff758ff786600233b669ce03b6e9b0068333b4453f8643c103b7b64fb6c1033184602f008f938647b6c1b7b23f0800397f82c20934206d0fb6c1033396c184602f007f97ce0fb6c1033396c184602f000f97b6cfb63fa6bfb6b93f84430009313460c22b96c444803f02bfcfb6b93f8383003f0070387f83b3097f83b30022b03d13e4803f01dfc20e097f83b3003f00403002b03d03a4803f013fc16e097f83b30fd1613b7
RX_HEX=545201140181008052010000090000000742e9bff43e0200004e0100006793c250
RX_FRAME type=0x8101 seq=338 length=9 payload=f43e0200004e010000
WRITE offset=85248: total=147188 verified=85504 pending=0
TX_FRAME type=0x0101 seq=339 length=264
TX_HEX=545201140101000053010000080100001b7a89db004e01006d62e659002b03d1374803f00bfc0ee097f83b30012b03d1344803f003fc06e097f83b30032b02d1314803f0fbfbfb6b5b6afb6502e0fb6d0133fb65fb6d1b78232bf8d0fb6b9a6afb6b5b6a1946fb6b9b69cb1ad518fb6b9e6afb6b9a6afb6b5b6a1946fb6dcb1a1344642203fb02f2fb6b9b6ab2fbf3f8fb6b1c6cfb6bdb6a1846ecf78df90246fb6b029301920094434632462946174803f0c4fb164803f0c1fb3b6e01333b667b6b3a6e9a42fff65eaf7b6e002b7ff450af002318466837bd46bde8f08100bfa4080408ac0804080409040844090408480904084c0904085809040864090408700904087c0904088809040894090408bc090408b0b598b002af00233221d070
RX_HEX=5452011401810080530100000900000099424373f43e0200004f01000002f47ee8
RX_FRAME type=0x8101 seq=339 length=9 payload=f43e0200004f010000
WRITE offset=85504: total=147188 verified=85760 pending=0
TX_FRAME type=0x0101 seq=340 length=264
TX_HEX=5452011401010000540100000801000002734cd1004f0100f711517d7b65464bfb643a1d07f1240008230221fff75cfe7b6a043bbb640c237b64fb6c7a6c796c3e4803f07bfb786cfff73afe3c4803f075fb07f124031946786dfff768fe786500233b655ce03b6d9b0058333b4453f8543c103b3b64bb6c1033184602f018f8f8633b6c1b7b23f0800397f82c20934206d0bb6c1033f96b184602f017f83ce0bb6c1033f96b184602f010f83b6cbb63bb6b18331846fff77ffd0346002b1ad1bc6bbb6b1b8c1d46bb6b18331846fff785fd03460193009523460c22796c194803f02cfbbb6b1833184602f099fa164803f024fb11e0bc6bbb6b1b8c1d46bb6b18331846fff76afd03460193009523460c22796c0d4803f011fb3b6d1ab16b09
RX_HEX=54520114018100805401000009000000804b8679f43e02000050010000cbb304e0
RX_FRAME type=0x8101 seq=340 length=9 payload=f43e02000050010000
WRITE offset=85760: total=147188 verified=86016 pending=0
PROGRESS 86016/147188
TX_FRAME type=0x0101 seq=341 length=264
TX_HEX=545201140101000055010000080100009c73e61d00500100932e4dec01333b657b6b3a6d9a429edb7b6d002b91d1002318465837bd46b0bdc4090408d0090408ec090408040a040848090408140a0408b0b598b002af00237b65424bfb643a1d07f1240008230421fff7befd7b6a043bbb640c237b64fb6c7a6c796c3a4803f0ddfa786cfff79cfd384803f0d7fa07f124031946786dfff7cafd786500233b6553e03b6d9b0058333b4453f8543c103b3b64bb6c1033184601f07afff8633b6c1b7b23f0800397f82c20934206d0bb6c1033f96b184601f079ff33e0bb6c1033f96b184601f072ff3b6cbb63bb6b18331846fff7e1fc0346002b19d1bd6bbb6b1c6abb6b18331846fff7e8fc0346019300942b460c22796c154803f0b8dbf7e0
RX_HEX=545201140181008055010000090000001e4b2cb5f43e02000051010000aed4b858
RX_FRAME type=0x8101 seq=341 length=9 payload=f43e02000051010000
WRITE offset=86016: total=147188 verified=86272 pending=0
TX_FRAME type=0x0101 seq=342 length=264
TX_HEX=545201140101000056010000080100007f746993005101001f6b81938ffabb6b1833184602f0fcf9124803f087fa09e0ba6bbb6b1b6a009313460c22796c0e4803f07cfa3b6d01333b657b6b3a6d9a42a7db7b6d002b9ad1002318465837bd46b0bd00bf240a04082c0a0408500a0408700a040848090408880a0408f0b59fb006af0023fb655c4b7b6507f10c0207f12c0008230321fff727fdfb6a043b3b650c23fb647b6dfa6cf96c544803f046faf86cfff705fd524803f040fa07f12c031946f86dfff733fdf8650023bb6584e0bb6d9b00583307f10802134453f8543c103bbb643b6d1033184601f0e1fe7864bb6c1b7b23f0800397f83420934206d03b6d1033796c184601f0e0fe62e03b6d1033796c184601f0d9febb6c6197ef73
RX_HEX=54520114018100805601000009000000fd4ca33bf43e02000052010000407b0d4a
RX_FRAME type=0x8101 seq=342 length=9 payload=f43e02000052010000
WRITE offset=86272: total=147188 verified=86528 pending=0
TX_FRAME type=0x0101 seq=343 length=264
TX_HEX=54520114010100005701000008010000e174c35f0052010031f9c2a93b643b6c18331846fff748fc0346002b2dd13c6c3b6c5b6a002b03d03b6c5b6a1d4600e0304d3b6c93f822301e463b6c93f821307b603b6c18331846fff740fc034604937b680393029601950c23009323460c22f96c254803f0e2f93b6c1833184602f04ff9224803f0daf924e03c6c3b6c5b6a002b03d03b6c5b6a1d4600e0194d3b6c93f822301e463b6c93f821307b603b6c18331846fff712fc034604937b680393029601950c23009323460c22f96c104803f0b4f9bb6d0133bb65fb6bba6d9a42fff676affb6d002b7ff468af002318466437bd46f0bd00bf9c0a0408a40a0408d40a0408fc0a0408040b040848090408240b0408f0b59bb004af0023eb24a8eb
RX_HEX=54520114018100805701000009000000634c09f7f43e02000053010000251cb1f2
RX_FRAME type=0x8101 seq=343 length=9 payload=f43e02000053010000
WRITE offset=86528: total=147188 verified=86784 pending=0
TX_FRAME type=0x0101 seq=344 length=264
TX_HEX=545201140101000058010000080100004d66e38600530100dc32746b7b654a4bfb643a1d07f1240008230521fff75cfc7b6a043bbb640c237b64fb6c7a6c796c424803f07bf9786cfff73afc404803f075f907f124031946786dfff768fc786500233b6564e03b6d9b0058333b4453f8543c103b3b64bb6c1033184601f018fef8633b6c1b7b23f0800397f82c20934206d0bb6c1033f96b184601f017fe44e0bb6c1033f96b184601f010fe3b6cbb63bb6b18331846fff77ffb0346002b1ed1bc6bbb6bdb8c1d46bb6b9b8c1e46bb6b18331846fff782fb034602930196009523460c22796c1b4803f028f9bb6b1833184602f095f8184803f020f915e0bc6bbb6bdb8c1d46bb6b9b8c1e46bb6b18331846fff763fb0346029301961e321589
RX_HEX=54520114018100805801000009000000cf5e292ef43e020000540100009c24666f
RX_FRAME type=0x8101 seq=344 length=9 payload=f43e02000054010000
WRITE offset=86784: total=147188 verified=87040 pending=0
TX_FRAME type=0x0101 seq=345 length=264
TX_HEX=54520114010100005901000008010000d366494a00540100b0fe3e8e009523460c22796c0d4803f009f93b6d01333b657b6b3a6d9a4296db7b6d002b89d1002318465c37bd46f0bd440b04084c0b0408700b04088c0b040848090408a40b0408b0b598b002af00237b65464bfb643a1d07f1240008230621fff7b6fb7b6a043bbb640c237b64fb6c7a6c796c3e4803f0d5f8786cfff794fb3c4803f0cff807f124031946786dfff7c2fb786500233b655ce03b6d9b0058333b4453f8543c103b3b64bb6c1033184601f072fdf8633b6c1b7b23f0800397f82c20934206d0bb6c1033f96b184601f071fd3ce0bb6c1033f96b184601f06afd3b6cbb63bb6b18331846fff7d9fa0346002b1ad1bc6bbb6b1b8d1d46bb6b18331846fff77cc9d769
RX_HEX=54520114018100805901000009000000515e83e2f43e02000055010000f943dad7
RX_FRAME type=0x8101 seq=345 length=9 payload=f43e02000055010000
WRITE offset=87040: total=147188 verified=87296 pending=0
TX_FRAME type=0x0101 seq=346 length=264
TX_HEX=54520114010100005a010000080100003061c6c4005501003c173ed7dffa03460193009523460c22796c194803f086f8bb6b1833184601f0f3ff164803f07ef811e0bc6bbb6b1b8d1d46bb6b18331846fff7c4fa03460193009523460c22796c0d4803f06bf83b6d01333b657b6b3a6d9a429edb7b6d002b91d1002318465837bd46b0bdbc0b0408c80b0408e80b0408000c040848090408140c040890b59db004af0023fb654c4bfb643a1d07f1240008230821fff718fb7b6a043bbb640c237b64fb6c7a6c796c444803f037f8786cfff7f6fa424803f031f807f124031946f86dfff724fbf8650023bb6568e0bb6d9b0060333b4453f85c3c103b3b64bb6c1033184601f0d4fcf8633b6c1b7b23f0800397f82c20934206d0bb6ca191e360
RX_HEX=54520114018100805a01000009000000b2590c6cf43e0200005601000017ec6fc5
RX_FRAME type=0x8101 seq=346 length=9 payload=f43e02000056010000
WRITE offset=87296: total=147188 verified=87552 pending=0
TX_FRAME type=0x0101 seq=347 length=264
TX_HEX=54520114010100005b01000008010000ae616c080056010079e8108b1033f96b184601f0d3fc48e0bb6c1033f96b184601f0ccfc3b6cbb6300237b65bb6b1b6b3b6505e07b6d01337b653b6d1b683b65bb6b30333a6d9a42f4d17b6d002b1addbc6bbb6b1b6aba6b926ab96bc96a786d039002910192009323460c22796c194802f0dcffbb6b3033184601f049ff164802f0d4ff11e0bc6bbb6b1b6aba6b926ab96bc96a786d039002910192009323460c22796c0d4802f0c1ffbb6d0133bb657b6bba6d9a4292dbfb6d002b85d1002318466437bd4690bd280c0408300c0408580c04087c0c040848090408980c040880b598b002af00237b65434bfb643a1d07f1240008230a21fff76efa7b6a043bbb640c237b64fb6c7a6c796c71d441e0
RX_HEX=54520114018100805b010000090000002c59a6a0f43e02000057010000728bd37d
RX_FRAME type=0x8101 seq=347 length=9 payload=f43e02000057010000
WRITE offset=87552: total=147188 verified=87808 pending=0
TX_FRAME type=0x0101 seq=348 length=264
TX_HEX=54520114010100005c01000008010000b768a90200570100d003094d3b4802f08dff786cfff74cfa394802f087ff07f124031946786dfff77afa786500233b654ee03b6d9b0058333b4453f8543c103b3b64bb6c1033184601f02afcf8633b6c1b7b23f0800397f82c20934206d0bb6c1033f96b184601f029fc2ee0bb6c1033f96b184601f022fc3b6cbb63b96bbb6b9b6aba6bd26a019200930b460c22796c1c4802f04bffbb6b5b7b03f00103002b03d0194802f042ff02e0184802f03effbb6b5b7b03f00203002b03d0144802f035ff02e0134802f031ff3b6d01333b657b6b3a6d9a42acdb7b6d002b9fd101f0e7fa034619460c4802f020ff002318465837bd4680bd00bfb40c0408bc0c0408f00c0408200d0408380d040858fb251f
RX_HEX=54520114018100805c01000009000000355063aaf43e02000058010000249bb025
RX_FRAME type=0x8101 seq=348 length=9 payload=f43e02000058010000
WRITE offset=87808: total=147188 verified=88064 pending=0
TX_FRAME type=0x0101 seq=349 length=264
TX_HEX=54520114010100005d01000008010000296803ce00580100a174b32a480d0408580d0408640d0408700d040880b598b002af00237b653c4bbb643a4607f1200008230921fff7d0f93b6a043b7b640c233b64bb6c3a6c396c344802f0effe386cfff7aef9324802f0e9fe07f120031946786dfff7dcf978650023fb6448e0fb6c9b0058333b4453f8583c103bfb637b6c1033184601f08cfbb863fb6b1b7b23f0800397f82820934206d07b6c1033b96b184601f08bfb28e07b6c1033b96b184601f084fbfb6b7b631a4b3b657b6b1b7e1e2b0ed87b6b1b7e1a46174b53f82230002b06d07b6b1b7e1a46134b53f822303b657a6b7b6b9b7f01933b6d009313460c22396c0d4802f099fefb6c0133fb643b6bfa6c9a42b2db7b6d002b3f0d2fb7
RX_HEX=54520114018100805d01000009000000ab50c966f43e0200005901000041fc0c9d
RX_FRAME type=0x8101 seq=349 length=9 payload=f43e02000059010000
WRITE offset=88064: total=147188 verified=88320 pending=0
TX_FRAME type=0x0101 seq=350 length=264
TX_HEX=54520114010100005e01000008010000ca6f8c400059010096c364caa5d1002318465837bd4680bd380f0408400f0408680f04088c0f0408c82d0408940f040880b582b000af786039607b68022b3cd1264a3968786800f019fc0346013b092b35d801a252f823f0b1580308bd580308c9580308c3580308cf580308d5580308ef580308db580308e1580308b7580308fff7baf917e0fff7abfe14e0fff7bafa11e0fff755fb0ee0fff7e8fb0be0fff7b1fc08e0fff754fd05e0fff7effd02e0fff734ff00bf00230ce000bf00e000bf074802f033fe074802f030fe034800f003fc002318460837bd4680bdb0010024381004085010040880b584b000af786039600f4802f01afe0e4b1b68fb600ae0fb681968fb685b681a460b4865d3df95
RX_HEX=54520114018100805e01000009000000485746e8f43e0200005a010000af53b98f
RX_FRAME type=0x8101 seq=350 length=9 payload=f43e0200005a010000
WRITE offset=88320: total=147188 verified=88576 pending=0
TX_FRAME type=0x0101 seq=351 length=264
TX_HEX=54520114010100005f01000008010000546f268c005a0100480b182f02f00efefb681033fb60094b1b68fa689a42efd3074802f003fe002318461037bd4680bd5c10040860b002247810040864b002248410040880b582b000af78603960fff753f9002318460837bd4680bd80b586b000af7860396000237b6100233b610023fb6007f10c0207f1100107f11403184603f00ef87b6919460c4802f0cffd3b6919460b4802f0cafdfb681946094802f0c5fd7a693b69d31a1946074802f0befd002318461837bd4680bd00bf8810040898100408a8100408b810040880b588b000aff860b9607a60fb68fb610023bb6100237b6194e0fb6900221a70fb690133fb61bb690133bb61fb691b78202b03d0fb691b78092b03d1ba69bb6829868524
RX_HEX=54520114018100805f01000009000000d657ec24f43e0200005b010000ca340537
RX_FRAME type=0x8101 seq=351 length=9 payload=f43e0200005b010000
WRITE offset=88576: total=147188 verified=88832 pending=0
TX_FRAME type=0x0101 seq=352 length=264
TX_HEX=54520114010100006001000008010000852ecbd0005b01004313fc5a9a42ead37b69092b19d9464802f088fd00233b610be03b699b007a6813441b681946414802f07cfd3b6901333b613a697b699a42efd33d4802f072fd6de0ba69bb689a4264d2fb691b78222b3ad1fb690133fb61bb690133bb617b699b007a681344fa691a607b6901337b6114e0fb691b785c2b0ad1fb6901331b78222b05d1fb690133fb61bb690133bb61fb690133fb61bb690133bb61fb691b78222b03d0ba69bb689a42e2d3ba69bb689a4231d2fb6900221a70fb690133fb61bb690133bb611fe07b699b007a681344fa691a607b6901337b6105e0fb690133fb61bb690133bb61fb691b78202b07d0fb691b78092b03d0ba69bb689a42edd3ba69bb687f9c1f5f
RX_HEX=5452011401810080600100000900000007160178f43e0200005c010000730cd2aa
RX_FRAME type=0x8101 seq=352 length=9 payload=f43e0200005c010000
WRITE offset=88832: total=147188 verified=89088 pending=0
TX_FRAME type=0x0101 seq=353 length=264
TX_HEX=545201140101000061010000080100001b2e611c005c0100751d0bfe9a4209d2ba69bb689a42fff46faf04e000bf02e000bf00e000bf7b6918462037bd4680bdc8100408e81004088410040880b584b000af786039600023bb60134b1b68fb6017e0fb681b683a6879681846ebf7befc0346002b0ad1fb681a683b6813441b78002b03d1fb68db68bb6007e0fb681033fb60064b1b68fa689a42e2d3bb6818461037bd4680bd00bf60b0022464b0022480b592b000aff860b9607a6000237b64fb68002b05d14ff4a6722b492b4802f005ff7b68002b09d140f24d122649284802f0fcfe02e07b6c01337b647a6cbb689a420bd2fa687b6c13441b78202b05d0fa687b6c13441b78092becd17b6c002b02d16ff0fe032ae07b6c194603ac9bfc
RX_HEX=545201140181008061010000090000009916abb4f43e0200005d010000166b6e12
RX_FRAME type=0x8101 seq=353 length=9 payload=f43e0200005d010000
WRITE offset=89088: total=147188 verified=89344 pending=0
TX_FRAME type=0x0101 seq=354 length=264
TX_HEX=54520114010100006201000008010000f829ee92005d01000b00c57ef868fff795ff38643b6c002b02d16ff0fe031ee007f11403282200211846ebf7c3fa07f114031a46b968f868fff7c8fef863fb6b002b02d16ff0fe0309e007f114023b6c1146f86b984702467b681a60002318464837bd4680bd00bfb02e0408ec100408f010040880b584b000af786039600023bb6005e07b6801337b603b68013b3b603b68002b07d07b681b78202bf2d07b681b78092beed03b68002b01d100232be007f108031a4639687868fff771ff0346002b0ad1bb68002b05dabb681a4679680f4802f02bfcbb6816e07b68fb6002e0fb680133fb60fb681b78202b03d0fb681b78002bf4d1fb6800221a707968054802f014fc4ff0ff3318461037a0d02962
RX_HEX=545201140181008062010000090000007a11243af43e0200005e010000f8c4db00
RX_FRAME type=0x8101 seq=354 length=9 payload=f43e0200005e010000
WRITE offset=89344: total=147188 verified=89600 pending=0
TX_FRAME type=0x0101 seq=355 length=264
TX_HEX=545201140101000063010000080100006629445e005e0100791e00f5bd4680bdf81004081011040880b485b000af786039607b68fb6005e0fb680133fb603b6801333b60fb681b78002b09d03b681b78002b05d0fb681a783b681b789a42ebd0fa687b68d31a18461437bd465df8047b7047000080b588b000af78600023fb610023bb617b681b78002b04d100210020fff7b2fd3de0204b1b687b612ae07b691b683b617868ebf7edfb03461a4639697868ebf79bfb0346002b18d1fb69002b06d13b69bb61b869ebf7dcfb0346fb613969b869fff7a8fff860fa68fb699a4201dafb68fb6139690c4802f0a7fb7b6910337b610a4b1b687a699a42cfd3bb69002b05d0fb691a46b9697868ebf71cfb00bf2037bd4680bd60b0022481f1a351
RX_HEX=54520114018100806301000009000000e4118ef6f43e0200005f0100009da367b8
RX_FRAME type=0x8101 seq=355 length=9 payload=f43e0200005f010000
WRITE offset=89600: total=147188 verified=89856 pending=0
TX_FRAME type=0x0101 seq=356 length=264
TX_HEX=545201140101000064010000080100007f208154005f0100d4dadb592811040864b0022480b586b000af786000233b612021786805f0edffb860bb68002b04d0ba687b68d31afb6004e07868ebf79afb0346fb60124b1b687b6117e07b691b68fa6879681846ebf741fb0346002b0ad17b691a68fb6813441b78002b03d17b699b683b6107e07b6910337b61054b1b687a699a42e2d33b6918461837bd4680bd60b0022464b0022480b485b000af786039600023fb607b68bb6017e0bb681b78202b10d1bb6801331b78002b0bd0bb6801331b78202b06d0bb685a1c3b681a60fb680133fb60bb680133bb60bb681b78002be3d1fb6818461437bd465df8047b7047000080b588b000af786039603b68fb610023bb6100237b617868af8aa5cb
RX_HEX=54520114018100806401000009000000fd184bfcf43e020000600100006a4b2f10
RX_FRAME type=0x8101 seq=356 length=9 payload=f43e02000060010000
WRITE offset=89856: total=147188 verified=90112 pending=0
PROGRESS 90112/147188
TX_FRAME type=0x0101 seq=357 length=264
TX_HEX=54520114010100006501000008010000e1202b9800600100342396feebf732fb03463b613b68fb612ae0fb695b683a6979681846ebf7dafa0346002b1dd17b69002b07d1fb695b68bb61b869ebf71afb03467b61fb695b681946b869fff7e4fef860fa687b699a4201dafb687b61fb695b6819460c4802f0e1fafb690c33fb61fb691b68002bd0d1084802f0d7fabb69002b05d07b691a46b9697868ebf754fa00bf2037bd4680bd281104088410040880b584b000af78607b68fb600ae0fb685968fb689b681a46084802f0b7fafb680c33fb60fb681b68002bf0d1044802f0adfa00bf1037bd4680bd00bf781004088410040880b586b000af78600023fb6000237b6107f10c0319467868fff74cff38613b69002b04d07868fff7ce56adb4
RX_HEX=545201140181008065010000090000006318e130f43e020000610100000f2c93a8
RX_FRAME type=0x8101 seq=357 length=9 payload=f43e02000061010000
WRITE offset=90112: total=147188 verified=90368 pending=0
TX_FRAME type=0x0101 seq=358 length=264
TX_HEX=545201140101000066010000080100000227a416006101000186e55803ff786118e07868ebf7aefa034619467868fff78dfd0346002b0dd17868ebf7a3fa0346013b7a6813441b78202b03d17868fff7e9fe78617b69002b14d07b691b68002b10d03b69002b03d03b69012b04d009e07869fff79dff05e0fb6879691846fff741ff00bf00bf1837bd4680bd80b586b000aff860b9607a607b687b6100233b6112e07b695a68bb6804331b6819461046ebf746fa0346002b03d17b691b683b610ce07b690c337b61fb68012b06dd7b69002b03d07b691b68002be2d13b6918461837bd4680bd000080b584b000af78607b68fb600ae0fb685968fb689b681a46084802f01bfafb680c33fb60fb68002b03d0fb681b68002bedd100bfa4ab4ff6
RX_HEX=54520114018100806601000009000000801f6ebef43e02000062010000e18326ba
RX_FRAME type=0x8101 seq=358 length=9 payload=f43e02000062010000
WRITE offset=90368: total=147188 verified=90624 pending=0
TX_FRAME type=0x0101 seq=359 length=264
TX_HEX=545201140101000067010000080100009c270eda006201008cc56dc51037bd4680bd00bf2c11040880b483b000af78607b68002b03d07b681b78002b01d100231fe07b681b782b2b03d07b681b782d2b12d17b6801337b600ee07b681b7801330b4a13441b7803f00403002b01d1002307e07b6801337b607b681b78002becd1012318460c37bd465df8047b704700bf7b33040880b500af1b4b1b6893f82d3003f00203dbb2002b04d1184b00221a70164b26e0164b1b68002b07d0144b1b68802219461148ebf73ff903e011490f48ebf76cf90d48ebf7d5f9034602337f2b0ed80a48ebf7cef90346084a3e21d1540648ebf7c7f903460133044a0021d154024b184680bd00bf68b0022474b002246cb002243c11040880b582b0d54b2d58
RX_HEX=545201140181008067010000090000001e1fc472f43e0200006301000084e49a02
RX_FRAME type=0x8101 seq=359 length=9 payload=f43e02000063010000
WRITE offset=90624: total=147188 verified=90880 pending=0
TX_FRAME type=0x0101 seq=360 length=264
TX_HEX=5452011401010000680100000801000030352e030063010056481ea400af78600c4b1b68002b04d199220b490b4802f0d5fb084b1a687b6803f00103d9b292f82d3061f3410382f82d3000bf0837bd4680bd00bf68b00224c02e04084411040880b582b000af0023fb701e4b1b68002b04d1ad221c491d4802f0b0fb194b1b68d3f818327b607b68002b1bd14ff0ff3323e0144b1b684ff0ff31184601f078fa104b1b68d3f818327a689a420ad00d4b1b68d3f818327b607b68002b02d14ff0ff330ae0fa1c01234ff0ff317868fdf7fdf80346012bdcd1fb7818460837bd4680bd00bf68b00224d82e04084411040880b582b000af78603960094b1b68002b04d1cc220749084802f068fb044b1b68184601f04dfa00231846083748603210
RX_HEX=54520114018100806801000009000000b20de4abf43e020000640100003ddc4d9f
RX_FRAME type=0x8101 seq=360 length=9 payload=f43e02000064010000
WRITE offset=90880: total=147188 verified=91136 pending=0
TX_FRAME type=0x0101 seq=361 length=264
TX_HEX=54520114010100006901000008010000ae3584cf006401000b27166fbd4680bd68b00224e82e04084411040880b584b000af78600023fb602d4b1b68002b04d1df222c492c4802f049fb7868fcf7b7fff860fb68002b04d17968284802f0eef842e0234b1b68d3f81832fa689a423ad040f24311f868fcf7afff0346002b33d11b4b1b68d3f81832002b0ed0184b1b68d3f818321846fdf74bf8154b1b68d3f8183200211846fdf719f9114b1b6803f5e173512200211846eaf704ff0c4b1b680022a3f814220a4a1268b3f81432a2f81632074b1b68fa68c3f818220849f868fdf7fcf800e000bf1037bd4680bd00bf68b00224f82e040844110408581104081163030880b582b000af78600a4802f095f87868fff7aefc7868fff7db816638
RX_HEX=545201140181008069010000090000002c0d4e67f43e0200006501000058bbf127
RX_FRAME type=0x8101 seq=361 length=9 payload=f43e02000065010000
WRITE offset=91136: total=147188 verified=91392 pending=0
TX_FRAME type=0x0101 seq=362 length=264
TX_HEX=54520114010100006a010000080100004d320b4100650100e3746cf0ebfdfff7b9fe03467a681946044802f087f800bf0837bd4680bd00bf781104087c11040880b582b000af7860084802f077f8fff7a1fe01467b6803f5e1731a46044802f06df8002318460837bd4680bd841104087c11040880b584b000af78607b68b3f81432002b00f09d807b681b8e042b51d97b6803f5b9707b6803f5e17350221946eaf7a2ff0346002b00f08b800023fb6019e0fa6813469b0013441b0130337a681344981cfb685a1c13469b0013441b0130337a681344023350221946eaf7d6fefb680133fb60fb68032be2ddfa6813469b0013441b0130337a6813440233502200211846eaf75efefa6813469b0013441b0130337a681344981c7b682f22ce84
RX_HEX=54520114018100806a01000009000000cf0ac1e9f43e02000066010000b6144435
RX_FRAME type=0x8101 seq=362 length=9 payload=f43e02000066010000
WRITE offset=91392: total=147188 verified=91648 pending=0
TX_FRAME type=0x0101 seq=363 length=264
TX_HEX=54520114010100006b01000008010000d332a18d00660100a2f3ddd703f5e1717b68b3f814321a46eaf7b0fe7b6805221a8646e07b681b8e002b14d07b681b8e5a1e13469b0013441b0130337a681344981c7b6803f5e17350221946eaf744ff0346002b2dd07b681a8e7b68da857b681b8e1a4613469b0013441b0130337a6813440233502200211846eaf71bfe7b681b8e1a4613469b0013441b0130337a681344981c7b6803f5e1717b68b3f814321a46eaf76bfe7b681b8e01339ab27b681a867b681a8e7b68da8500bf1037bd4680bd000080b588b000af78609d4b1b68002b02d09b4b1b6898479b4b1a6892f82d3043f0010382f82d30974b1b68d3f81832002b09d101f037ff38613b69002b03d03b691846fff789fefff763878581
RX_HEX=54520114018100806b01000009000000510a6b25f43e02000067010000d373f88d
RX_FRAME type=0x8101 seq=363 length=9 payload=f43e02000067010000
WRITE offset=91648: total=147188 verified=91904 pending=0
TX_FRAME type=0x0101 seq=364 length=264
TX_HEX=54520114010100006c01000008010000ca3b64870067010023e693bebbfd034619468e4801f08afffff71afef860fb68002bc0f2cf82fb681b2b05d1864b1b68012283f82c20d0e2834b1b6893f82c30012b1ad1fb685b2b0bd0fb68412b08d0fb68422b05d0fb68432b02d0fb68442b05d1794b1b68022283f82c20b5e2764b1b68002283f82c20d6e0734b1b6893f82c30022b40f0d0806f4b1b68002283f82c20fb68412b3dd16b4b1b68db8d002b33d0694b1b68da8d013a92b2da85664b1b6803f5e170644b1a68634b1b68db8d19460b469b000b441b0130331344023350221946eaf7d2fd5b4b1b6803f5e1731846eaf747ff0246574b1b6892b2a3f81422554a1268b3f81432a2f81632524b1b681846fff794fe67e24f4bcb327883
RX_HEX=54520114018100806c010000090000004803ae2ff43e0200006801000085639bd5
RX_FRAME type=0x8101 seq=364 length=9 payload=f43e02000068010000
WRITE offset=91904: total=147188 verified=92160 pending=0
TX_FRAME type=0x0101 seq=365 length=264
TX_HEX=54520114010100006d01000008010000543bce4b00680100206a56f71b680022da8562e2fb68422b4cd14b4b1b68db8d1a46494b1b681b8e013b9a4206da464b1b68da8d013292b2da850de0424b1b681b8e002b00f040823f4b1b681a8e3e4b1b68013a92b2da853b4b1b6803f5e170394b1a68384b1b68db8d19460b469b000b441b0130331344023350221946eaf77dfd314b1b6803f5e1731846eaf7f2fe02462d4b1b6892b2a3f814222a4a1268b3f81432a2f81632274b1b681846fff73ffe12e2fb68442b12d1234b1b68b3f81632002b00f00282214801f0affe1e4b1b68b3f81622013a92b2a3f81622f5e1fb68432b20d1184b1b68b3f81622164b1b68b3f814329a4280f0ea81124b1b68114a1268b2f81622134493f83fa66d37
RX_HEX=54520114018100806d01000009000000d60304e3f43e02000069010000e004276d
RX_FRAME type=0x8101 seq=365 length=9 payload=f43e02000069010000
WRITE offset=92160: total=147188 verified=92416 pending=0
TX_FRAME type=0x0101 seq=366 length=264
TX_HEX=54520114010100006e01000008010000b73c41c50069010001e5323dc2311946104801f08bfe0c4b1b68b3f81622013292b2a3f81622d3e1fb68002b00f0d281fb68ff2b00f0ce81fb68092b35d10023fb610fe070b0022468b002248c1104089011040894110408aa4801f067fefb690133fb61a84b1b68b3f816321a46fb699342f1dba44b1b6803f5e1731846fff7b9fda14b1b6803f5e1731846eaf772fe02469d4b1b6892b2a3f814229a4a1268b3f81432a2f8163297e1fb687f2b02d0fb68082b7dd1944b1b68b3f81632002b00f08a81904b1b68b3f81422013a92b2a3f814228c4b1b68b3f81622013a92b2a3f81622884b1b68b3f81422864b1b68b3f816329a424ed9834b1a68824b1b68b3f8163203f5e0731344981c5ca7e587
RX_HEX=54520114018100806e0100000900000035048b6df43e0200006a0100000eab927f
RX_FRAME type=0x8101 seq=366 length=9 payload=f43e0200006a010000
WRITE offset=92416: total=147188 verified=92672 pending=0
TX_FRAME type=0x0101 seq=367 length=264
TX_HEX=54520114010100006f01000008010000293ceb09006a010069e12d8b7e4b1a687d4b1b68b3f81632013303f5e0731344991c794b1b68b3f814321a46764b1b68b3f81632d31a1a46eaf70dfd724b1b68714a1268b2f814221344002283f8c2216d4b1a686c4b1b68b3f8163203f5e073134402331946694801f0e0fd664b1b68b3f81632bb6105e0624801f0d7fdbb690133bb61604b1b68b3f814321a46bb699342f1dd21e15e4801f0c8fd5a4b1b68594a1268b2f814221344002283f8c22113e1fb680d2b02d0fb680a2b38d1524b1b681846fff74efd4f4b1b6893f82d3003f00103dbb2002b02d04e4801f0a6fd494b1b6803f5e172474b1b68b3f8143219461046fff73ef9fff7c4fb03461946454801f093fd404b1b6803f560f16d57
RX_HEX=54520114018100806f01000009000000ab0421a1f43e0200006b0100006bcc2ec7
RX_FRAME type=0x8101 seq=367 length=9 payload=f43e0200006b010000
WRITE offset=92672: total=147188 verified=92928 pending=0
TX_FRAME type=0x0101 seq=368 length=264
TX_HEX=54520114010100007001000008010000ae1f70ac006b0100fb458163e173512200211846eaf7cefb3b4b1b680022a3f81422394a1268b3f81432a2f81632d4e0354b1b68b3f814324f2b04d9324b1b680022a3f81422304b1b68b3f816222e4b1b68b3f814329a4277d22b4b1b68b3f81422013292b2a3f81422274b1a68264b1b68b3f81632013303f5e0731344981c214b1a68204b1b68b3f8163203f5e0731344991c1c4b1b68b3f814321a461a4b1b68b3f81632d31a1a46eaf754fc164b1b68154a1268b2f816221146fa68d2b20b4483f8c221104b1b6893f82d3003f00103dbb2002b2fd00b4b1a680a4b1b68b3f8163203f5e0731344023319460a4801f01cfd044b1b68b3f8163201337b6112e000bf9011040868b00224973143a8
RX_HEX=545201140181008070010000090000002c27ba04f43e0200006c010000d2f4f95a
RX_FRAME type=0x8101 seq=368 length=9 payload=f43e0200006c010000
WRITE offset=92928: total=147188 verified=93184 pending=0
TX_FRAME type=0x0101 seq=369 length=264
TX_HEX=54520114010100007101000008010000301fda60006c010070598d3498110408a0110408781104088c1104082f4801f005fd7b6901337b612d4b1b68b3f814321a467b699342f1db294b1b68b3f81622013292b2a3f8162228e0254b1b68244a1268b2f814221146fa68d2b20b4483f8c2211f4b1b6893f82d3003f00103dbb2002b03d0f9681b4801f0d8fc184b1b68b3f81422013292b2a3f81422144b1b68b3f81622013292b2a3f816220023fb600f4b1b68b3f814324f2b7ff635ad0c4b1b680022a3f81422094b1b680022a3f8162229e500bf27e500bf25e500bf23e500bf21e500bf1fe500bf1de59011040868b002249411040880b483b000af78603960064a7b681360054a3b68136000bf0c37bd465df8047b704700bf3f490ae5
RX_HEX=54520114018100807101000009000000b22710c8f43e0200006d010000b79345e2
RX_FRAME type=0x8101 seq=369 length=9 payload=f43e0200006d010000
WRITE offset=93184: total=147188 verified=93440 pending=0
TX_FRAME type=0x0101 seq=370 length=264
TX_HEX=54520114010100007201000008010000d31855ee006d0100dfdeb0ce60b0022464b0022480b584b002af00237b601d491d48fff7e1ff4ff40771012001f078fe03461a4a1360194b1b68002b05d1184801f074fc4ff0ff3320e00a230193142300934ff4006300221249134803f062ff38600e4b1b681846002300220f4900f025fc0120fff7c8fa3b68002b05d07b68002b02d1386803f085fe002318460837bd4680bd083804080837040868b00224a4110408f5650308bc110408c411040880b500af0248e9f707ff0346184680bdf8b0022480b500af01f056fb0346002b04d18a220a490b4801f078fe0a4b1b68002b02d0084b1b68984701210748e9f70aff012003f087f804f07efd00bf80bd0c2f0408cc110408fcb0022423f75c2f
RX_HEX=5452011401810080720100000900000051209f46f43e0200006e010000593cf0f0
RX_FRAME type=0x8101 seq=370 length=9 payload=f43e0200006e010000
WRITE offset=93440: total=147188 verified=93696 pending=0
TX_FRAME type=0x0101 seq=371 length=264
TX_HEX=545201140101000073010000080100004d18ff22006e0100e1134837f8b0022480b400af00231846bd465df8047b704780b400af00231846bd465df8047b704780b400af00231846bd465df8047b704780b400af00231846bd465df8047b704780b582b000af094b7b6005e07b681b6898477b6804337b607b68054a9342f5d300bf00bf0837bd4680bd00bf0c3804081038040880b582b000af094b7b6005e07b681b6898477b6804337b607b68054a9342f5d300bf00bf0837bd4680bd00bf103804081838040880b500af00f036f80023184680bd80b582b000af7860fff7d9ffecf7d5fd00bf0837bd4680bd000080b584b002af142301930a2300934ff40063002209490a4803f094fe78607b68002b04d1dd220749074801f02c77f9ff
RX_HEX=54520114018100807301000009000000cf20358af43e0200006f0100003c5b4c48
RX_FRAME type=0x8101 seq=371 length=9 payload=f43e0200006f010000
WRITE offset=93696: total=147188 verified=93952 pending=0
TX_FRAME type=0x0101 seq=372 length=264
TX_HEX=5452011401010000740100000801000054113a28006f01008f6c3cabdffd786803f0c0fd00bf0837bd4680bdf76d0308e8110408202f0408f011040880b500afe9f73afaf0f7b4f901f0f0fa04f028fd03f0baf9fff7ccff04f040fd00f040f900f018f903f0d4f90023184680bd80b483b000af786000bf0c37bd465df8047b704780b582b000af786003f0a5fb00bf0837bd4680bd80b584b000af78600023fb60f86803f08efb00bf1037bd4680bd80b584b000af7860e9f7fef9f86003f08bfbfb6818461037bd4680bd80b584b000af786039600023fb60f86803f072fb3868e9f7edf900bf1037bd4680bd000080b400af024b1846bd465df8047b704700b1022480b483b000af78607b68002b01d1044b00e0002318460c3712324ec9
RX_HEX=54520114018100807401000009000000d629f080f43e02000070010000f51c3640
RX_FRAME type=0x8101 seq=372 length=9 payload=f43e02000070010000
WRITE offset=93952: total=147188 verified=94208 pending=0
PROGRESS 94208/147188
TX_FRAME type=0x0101 seq=373 length=264
TX_HEX=54520114010100007501000008010000ca1190e4007001002896b132bd465df8047b704700b1022480b483b000af786039607b681b683a685a607b681a683b681a607b683a681a603b687a685a6000bf0c37bd465df8047b704780b483b000af78607b681b687a6852685a607b685b687a6812681a607b687a685a607b685a687b681a6000bf0c37bd465df8047b704780b483b000af78607b681b687a689a420cbf01230023dbb218460c37bd465df8047b704780b584b000af78600848fff777fff8607b68303319460648fff7acfff9680348fff77aff00bf1037bd4680bd08b102242802002480b584b000af0023fb600f4bbb600f48fff75aff7860b868fff7c6ff0346002b08d1bb681b68303bfb60fb6830331846fff79fff81b65578
RX_HEX=5452011401810080750100000900000048295a4cf43e02000071010000907b8af8
RX_FRAME type=0x8101 seq=373 length=9 payload=f43e02000071010000
WRITE offset=94208: total=147188 verified=94464 pending=0
TX_FRAME type=0x0101 seq=374 length=264
TX_HEX=5452011401010000760100000801000029161f6a00710100fedb4e5779680548fff754fffb6818461037bd4680bd00bf2802002408b1022480b584b000affff7d3fff860fb68002b1ed0fb68db6fbb60f86802f0f1fc78607b68012b02d1f86802f0c4fbbb68002b02d0bb68f86898477b68002be3d1fb685b6a184601f076fcf86802f085fcdae700bf00bf1037bd4680bd000080b500af0248fff7e8fe00bf80bd00bf08b1022480b584b000af78600023fb600ce0094afb6852f82330bb60bb68002b01d0bb689847fb680133fb60fb68032befd9fff7afffe9e7b0b5022480b588b004af2348fff7c1fe0023fb6037e03846fb68204a0c21eaf749f8fa6813469b0013445b011c4a9818fb689b021b4a13443946202203921f220e8546d6
RX_HEX=54520114018100807601000009000000ab2ed5c2f43e020000720100007ed43fea
RX_FRAME type=0x8101 seq=374 length=9 payload=f43e02000072010000
WRITE offset=94464: total=147188 verified=94720 pending=0
TX_FRAME type=0x0101 seq=375 length=264
TX_HEX=54520114010100007701000008010000b716b5a6007201001c6d65c702924ff48062019200930023164a03f0ebfbfb681846fff7e7fe0146fa6813469b0013445b010e4a13444b60fa6813469b0013445b010a4a1344184603f024fcfb680133fb60fb68002bc4d000bf00bf1037bd4680bd00bfc0b502240012040810b10224b0b10224c970030880b485b000af78607b68002b14d00023fb600ee0fa6813469b0013445b010a4a13447a689a4201d1012306e0fb680133fb60fb68002bedd0002318461437bd465df8047b704700bf10b1022480b483b000af78607b687a685a607b685a687b681a6000bf0c37bd465df8047b704780b483b000af786039607b681b683a685a607b681a683b681a607b683a681a603b687a685a60bdbfe150
RX_HEX=54520114018100807701000009000000352e7f0ef43e020000730100001bb38352
RX_FRAME type=0x8101 seq=375 length=9 payload=f43e02000073010000
WRITE offset=94720: total=147188 verified=94976 pending=0
TX_FRAME type=0x0101 seq=376 length=264
TX_HEX=545201140101000078010000080100001b04957f0073010012ba75cf00bf0c37bd465df8047b704780b483b000af786039607b685b683a681a607b685a683b685a607b683a685a603b687a681a6000bf0c37bd465df8047b704780b483b000af78607b681b687a6852685a607b685b687a6812681a607b687a685a607b685a687b681a6000bf0c37bd465df8047b704780b483b000af78607b681b687a689a420cbf01230023dbb218460c37bd465df8047b704780b582b000af78607b6818331846fff787ff002318460837bd4680bd80b586b000af786039607b68002b04d170221749174801f079fb07f10c03184602f034ff7868fff7cbff0346002b14d17b681b68303b7b61786902f057fd38613b69002b02d000237b6108e0e6ec13c7
RX_HEX=54520114018100807801000009000000993c5fd7f43e02000074010000a28b54cf
RX_FRAME type=0x8101 seq=376 length=9 payload=f43e02000074010000
WRITE offset=94976: total=147188 verified=95232 pending=0
TX_FRAME type=0x0101 seq=377 length=264
TX_HEX=5452011401010000790100000801000085043fb300740100a95816903b68002b05db7b693a68da6201e000237b61fb68184602f028ff7b6918461837bd4680bd342f04080812040880b584b000af7860396039687868fff7bbfff86004e039687868fff7b5fff860fb68002bf7d1002318461037bd4680bd90b587b000aff860b9607a607b68002b03d07b68012b07d034e0bb6830331946f868fff745ff35e0fb681b687b611ae07b69303b3b61b86802f0affc03461c46386902f0aafc03469c4209d23b6903f13002bb68303319461046fff729ff06e07b691b687b617a69fb689a42e0d17a69fb689a420dd1bb6830331946f868fff717ff06e04ff48c720549064801f0eafa00e000bf002318461c37bd4690bd00bf4c2f0408a3dbe468
RX_HEX=54520114018100807901000009000000073cf51bf43e02000075010000c7ece877
RX_FRAME type=0x8101 seq=377 length=9 payload=f43e02000075010000
WRITE offset=95232: total=147188 verified=95488 pending=0
TX_FRAME type=0x0101 seq=378 length=264
TX_HEX=54520114010100007a010000080100006603b03d00750100f8ff6c1a2012040880b586b000af786007f10c03184602f095fe7b681b687b6113e07b69303b3b613b691a460c210d4801f078f87b691b687a689a4202d00a4801f070f87b691b687b617a697b689a42e7d1fb68184602f08afe00bf1837bd4680bd00bf241204082c12040880b584b000aff860084611461a4603467b810b467b721346fb80fb681846fff707fffb68fa885a84fb687a891a84fb687a7a5a73fb6824331846fff7d6fc00bf1037bd4680bd000080b584b000aff860b9607a60fb70fb68002b05d140f27d121649174801f078fa7b68b3f5803f05d34ff4bf721149134801f06efafb78002b08d0fb78012b05d040f27f120b490e4801f062fafb68ba68a77e2206
RX_HEX=54520114018100807a01000009000000e43b7a95f43e0200007601000029435d65
RX_FRAME type=0x8101 seq=378 length=9 payload=f43e02000076010000
WRITE offset=95488: total=147188 verified=95744 pending=0
TX_FRAME type=0x0101 seq=379 length=264
TX_HEX=54520114010100007b01000008010000f8031af1007601001b02f0fe0221184602f0d2f87b6899b2fa784ff6ff73f868fff7a8ff002318461037bd4680bd00bf642f040830120408401204085412040880b584b000af78607b68002b05d14ff4d1721c491c4801f039fa7b68184602f081fa0346022b05d040f2a3121549174801f02cfa7b68184602f056fa0346002b05d14ff4d2720f49114801f01ffa7b6824331846fff784fcf8607b681833ff211846fff7c9fe7b682433f9681846fff785fc7b68184602f011f9002318461037bd4680bd702f04083012040890120408d812040880b588b000aff860b9607a60fb68002b05d140f235225c495c4801f0edf9fb68184602f035fa0346022b05d040f236225549574801f0e0f9d1a92d11
RX_HEX=54520114018100807b010000090000007a3bd059f43e020000770100004c24e1dd
RX_FRAME type=0x8101 seq=379 length=9 payload=f43e02000077010000
WRITE offset=95744: total=147188 verified=96000 pending=0
TX_FRAME type=0x0101 seq=380 length=264
TX_HEX=54520114010100007c01000008010000e10adffb00770100b2e22122564b1b68002b04d0544b1b68fa681046984703f011f80346002b09d04c49504800f07eff40f23b2249494e4801f0c8f903f0a2f90346002b09d145494a4800f06fff40f23b224249464801f0b9f900f08dfe0346002b09d03d49444800f060ff40f23b223a493f4801f0aaf9fb6824331846fff70ffcf861fb681b8c002b0cd0fb681b8c013b9ab2fb681a84fb682433f9691846fff70cfc4ce0bb68002b08d1fb682433f9691846fff702fc6ff073034ae003f061f9b861bb690422da62fb6803f11801fb685b7b1a467b68b86903f059fb78617b69002b07d0fb682433f9691846fff7e5fb7b692ee0bb68002b0eddbb683b61bb694c3307f1100200211846f6b87032
RX_HEX=54520114018100807c0100000900000063321553f43e020000780100001a348285
RX_FRAME type=0x8101 seq=380 length=9 payload=f43e02000078010000
WRITE offset=96000: total=147188 verified=96256 pending=0
TX_FRAME type=0x0101 seq=381 length=264
TX_HEX=54520114010100007d010000080100007f0a753700780100058006c203f0c8ffbb694c33184603f0fbfefb682433f9691846fff7cbfb02f08dfdbb69db6a002b06d0bb69db6a002bb8bf5b425b4209e00e4b1b68002b04d00c4b1b68fa6810469847002318462037bd4680bd802f04083012040890120408b0b602246c130408201204089813040808130408b4b6022480b582b000af78603960022239687868fff720ff034618460837bd4680bd000080b584b000af78607b68002b05d140f2be222c492c4801f009f97b68184602f051f90346022b05d040f2bf222549274801f0fcf8264b1b68002b04d0244b1b687a68104698470023fb607b6824331846fff756fbb8607b6818331846fff740fd0346002b08d17b681833002115d6e40e
RX_HEX=54520114018100807d01000009000000fd32bf9ff43e020000790100007f533e3d
RX_FRAME type=0x8101 seq=381 length=9 payload=f43e02000079010000
WRITE offset=96256: total=147188 verified=96512 pending=0
TX_FRAME type=0x0101 seq=382 length=264
TX_HEX=54520114010100007e010000080100009c0dfab900790100970aeab31846fff757fd0123fb6015e07b681a8c7b685b8c9a4206d27b681b8c01339ab27b681a8408e07b682433b9681846fff73ffb6ff01b030be07b682433b9681846fff736fbfb68012b01d102f0f5fc002318461037bd4680bd902f04083012040890120408b8b6022480b588b000aff860b9607a60fb68002b05d140f2fd223a493a4801f09df8fb68184602f0e5f80346022b05d040f2fe223349354801f090f8bb68012b1bd17b683b61fb6824331846fff7f0fa7861fb681833ff211846fff735fd3b699ab2fb681a84fb68243379691846fff7edfa02f0affc002340e0bb68032b3bd10023fb617b689bb2bb61bb69b3f5803f02d2bb69002b02d16ff01503e3d1dc0b
RX_HEX=54520114018100807e010000090000001e353011f43e0200007a01000091fc8b2f
RX_FRAME type=0x8101 seq=382 length=9 payload=f43e0200007a010000
WRITE offset=96512: total=147188 verified=96768 pending=0
TX_FRAME type=0x0101 seq=383 length=264
TX_HEX=54520114010100007f01000008010000020d5075007a01005403d3602ee0fb6824331846fff7c4fa7861fb681b8c1a46bb6993420fd2fb6818331846fff7a8fc0346002b07d1fb681833ff211846fff7fbfc0123fb61bb699ab2fb685a84fb68243379691846fff7b1fafb69002b01d002f070fc002301e06ff0fe0318462037bd4680bda02f0408301204089012040880b584b000af78607b6818331846fff777fc0346002b0cd17b689b69303bfb60f86802f0aef903461a467b6883f8212003e07b68ff2283f821207b6893f8213018461037bd4680bd80b586b000af786000237b610023fb60786802f09ff90346fb747b68d3f880307b6117e07b69283bfb60fb6893f82130fb72fb6893f82030fa7a934228bf1346fb72fa7ce8a5e7c5
RX_HEX=54520114018100807f0100000900000080359addf43e0200007b010000f49b3797
RX_FRAME type=0x8101 seq=383 length=9 payload=f43e0200007b010000
WRITE offset=96768: total=147188 verified=97024 pending=0
TX_FRAME type=0x0101 seq=384 length=264
TX_HEX=54520114010100008001000008010000e40b1b53007b0100310d5be4fb7a9a4201d9fb7afb747b691b687b617b6880337a699a42e2d1fb7c18461837bd4680bd80b588b000aff8600b467a60fb726ff0fe03fb610023bb61fb7a1946f86802f05ffaf86149e0fb68d3f88830bb61bb69002b3dd0b86901f0fdff0346032b37d1ff23fb75bb693b61fb6830331846fff7e4fb3b6903f118003b695b7b1a46f968fff76afcf861fb69002b25d13869fff76fff3b695b6a1846fff78eff0346fb753b695b6a184602f024f903461a46fb7d934209d03b695b6afb60fb7d1946f86802f01efaf86107e06ff0fe03fb6103e06ff0fe03fb6100e000bffb69002b05d1f86802f020f90346002bacd100bf2037bd4680bd80b584b000af7860aafb2aea
RX_HEX=545201140181008080010000090000006633d1fbf43e0200007c0100004da3e00a
RX_FRAME type=0x8101 seq=384 length=9 payload=f43e0200007c010000
WRITE offset=97024: total=147188 verified=97280 pending=0
TX_FRAME type=0x0101 seq=385 length=264
TX_HEX=545201140101000081010000080100007a0bb19f007c0100ba7cb16339600023fb603b6893f82030ff2b09d1786802f0f0f803461a463b6893f821309a420dd1ff23fb727868fff747ff0346fb72fb7a1946786802f0e4f90123fb60fb6818461037bd4680bd000080b584b000aff860b9601346fb71fb68002b05d140f2f6321749184800f02afffb68ba680321184601f09afdfb681846fff78cfbfb6800225a62fb68ff2283f82120fb68002283f82220fb68ff2283f82020fb6828331846fff708fbfb6801225a73fb6830331846fff74df9002318461037bd4680bd00bfb02f0408d013040890b587b000af7860396000237b6102f0cdfe0346002b09d14c494d4800f09afc40f23e4249494b4800f0e4fe00f0b8fb0346002b58161d1f
RX_HEX=54520114018100808101000009000000f8337b37f43e0200007d01000028c45cb2
RX_FRAME type=0x8101 seq=385 length=9 payload=f43e0200007d010000
WRITE offset=97280: total=147188 verified=97536 pending=0
TX_FRAME type=0x0101 seq=386 length=264
TX_HEX=54520114010100008201000008010000990c3e11007d01001b5789fd09d04549474800f08bfc40f23e424249434800f0d5fe7b68002b05d140f23f423d49414800f0ccfe3b68002b05d14ff4886239493d4800f0c3fe7b6830331846fff711f93b68d3f888207b689a4205d040f244423049364800f0b2fe07f10803184602f06dfa3b6830331846fff7e7fa7b685b6a002b0ed07b685b6a184602f03af803461c46386802f035f803469c4201d101237b617b6818331846fff7eafa0346002b0cd17b689b69303b3b61386902f021f803461a467b6883f8212003e07b68ff2283f821207b69002b17d07b685b6a1846fff772fe0346fb737b685b6a184602f008f803461a46fb7b934206d07b685b6af97b02221846fff793febb68cde6fed5
RX_HEX=545201140181008082010000090000001b34f4b9f43e0200007e010000c66be9a0
RX_FRAME type=0x8101 seq=386 length=9 payload=f43e0200007e010000
WRITE offset=97536: total=147188 verified=97792 pending=0
TX_FRAME type=0x0101 seq=387 length=264
TX_HEX=54520114010100008301000008010000070c94dd007e01004e1b2bbb184602f032fa7b6830331846fff7b5f800bf1c37bd4690bdc02f0408981304082012040808130408d01304085c1404087014040890b58db000aff860b9607a6002f07afc0346002b09d09149914800f0e7fb40f236528e498f4800f031fe02f00bfe0346002b09d189498c4800f0d8fb40f236528649884800f022fe00f0f6fa0346002b09d08249854800f0c9fb40f236527f49804800f013fefb68002b05d140f239527a497f4800f00afefb68184601f052fe0346032b05d040f23a527449794800f0fdfd02f0d7fd7862fb6830331846fff748f8754b1b68002b04d0734b1b68fa68104698477b6a0022da62fb685b6a7a6a9a4215d1fb6893f82230ff2bd9b2a2b1
RX_HEX=5452011401810080830100000900000085345e75f43e0200007f010000a30c5518
RX_FRAME type=0x8101 seq=387 length=9 payload=f43e0200007f010000
WRITE offset=97792: total=147188 verified=98048 pending=0
TX_FRAME type=0x0101 seq=388 length=264
TX_HEX=545201140101000084010000080100001e0551d7007f0100216cc58308d0fb6893f822300133dab2fb6883f8222047e1fb6830331846fff72ef86ff01b034ee1fb685b6a002b2dd1fb687a6a5a62fb68ff2283f82120fb68012283f82220fb6893f82030ff2b13d0fb6893f82040fb685b6a184601f04dff03469c4208d2fb68586afb6893f820307a681946fff7d8fd7b6a03f18002fb68283319461046fff7aaf90de1bb68002b0ad17b6a7422da62fb6830331846fef7eeff6ff073030ee1fb6803f11801fb685b7b1a467b68786a02f066fff862fb6a002b06d0fb6830331846fef7d8fffb6af9e0fa687b6ac3f8882007f11803184602f030f9786a01f008ff034687f82330fb6893f8213097f823209a4217d2fb6897f82320ed81316d
RX_HEX=545201140181008084010000090000009c3d9b7ff43e02000080010000520a50c6
RX_FRAME type=0x8101 seq=388 length=9 payload=f43e02000080010000
WRITE offset=98048: total=147188 verified=98304 pending=0
PROGRESS 98304/147188
TX_FRAME type=0x0101 seq=389 length=264
TX_HEX=545201140101000085010000080100008005fb1b008001009bcc777783f82120fb6893f82140fb685b6a184601f0f1fe03469c4207d2fb685b6a97f8231002221846fff77dfdbb69184602f01cf9bb68002b0eddbb687b617b6a4c3307f114020021184603f0a4fb7b6a4c33184603f0d7fafb6830331846fef78dff02f06af9fb6830331846fef77cfffb685b6a7a6a9a421dd17b6adb6a002b00f0918040f2b5520249094800f019fd89e0d82f04086c130408201204089813040808130408d0130408e4130408b0b60224e01404080023bb62fb685b6a7a6a9a4205d140f2bc524149414800f0f9fc7b6adb6afb62fb6a002b02d16ff00303fb6207f11803184602f0abf8fb685b6a002b0ed0fb685b6a184601f07dfe03461c46d2b8173e
RX_HEX=54520114018100808501000009000000023d31b3f43e02000081010000376dec7e
RX_FRAME type=0x8101 seq=389 length=9 payload=f43e02000081010000
WRITE offset=98304: total=147188 verified=98560 pending=0
TX_FRAME type=0x0101 seq=390 length=264
TX_HEX=545201140101000086010000080100006302749500810100a2846898786a01f078fe03469c4201d10123bb62fb6818331846fff72df90346002b0cd1fb689b69303bfb61f86901f064fe03461a46fb6883f8212003e0fb68ff2283f82120bb6a002b1ad0fb685b6a1846fff7b5fc034687f82330fb685b6a184601f04afe03461a4697f82330934207d0fb685b6a97f8231002221846fff7d3fcbb69184602f072f8fb6830331846fef7f5fe7b6a0022c3f88820fb6a002bb8bf5b425b420ee0fb6830331846fef7e6fe094b1b68002b04d0074b1b68fa6810469847002318463437bd4690bd00bfd82f0408f8140408b4b6022480b582b000af78603960022239687868fff724fe034618460837bd4680bd000080b588b000af78608fda138d
RX_HEX=54520114018100808601000009000000e13abe3df43e02000082010000d9c2596c
RX_FRAME type=0x8101 seq=390 length=9 payload=f43e02000082010000
WRITE offset=98560: total=147188 verified=98816 pending=0
TX_FRAME type=0x0101 seq=391 length=264
TX_HEX=54520114010100008701000008010000fd02de59008201001c9d7c647b68002b05d140f23e627c497c4800f057fc7b68184601f09ffc0346032b05d040f23f627549774800f04afc0023fb6102f022fc0346002b09d17049724800f0eff940f244626d49704800f039fc00f00df90346002b09d068496d4800f0e0f940f244626549694800f02afc02f004fc78617b6830331846fef775fe654b1b68002b04d0634b1b687a68104698477b685b6a7a699a420bd07b696ff0fe02da627b6830331846fef768fe6ff0fe03a1e07b6893f82230013bdab27b6883f822207b6893f82230002b40f0898007f10c03184601f0b5ff7b6828331846fff72ff879687869fff788fcf8617b6818331846fff740f80346002b66d17b689b69303b8df3dc40
RX_HEX=545201140181008087010000090000007f3a14f1f43e02000083010000bca5e5d4
RX_FRAME type=0x8101 seq=391 length=9 payload=f43e02000083010000
WRITE offset=98816: total=147188 verified=99072 pending=0
TX_FRAME type=0x0101 seq=392 length=264
TX_HEX=545201140101000088010000080100005110fe8000830100c44c62c3bb61b86901f091fd0346002b05d140f26f623a49404800f0d3fbbb6930331846fff70df8b86901f0bbfd0346002b01d00023bb61bb69002b07d17b6818331846fff718f80346002bd7d0bb69002b2fd07b68ba695a627b68012283f82220bb6903f180027b68283319461046fef7b5ffbb690022c3f888207b6818331846fef7f9ff0346002b0cd17b689b69303b3b61386901f030fd03461a467b6883f8212003e07b68ff2283f821200123fb6106e07b6800225a627b68ff2283f82120fb68184601f052ff0ae0fb68184601f04dff7b6800225a627b68ff2283f821207b6830331846fef7c9fdfb69012b01d101f0a3ff002318462037bd4680bde82f04080c9f0350
RX_HEX=54520114018100808801000009000000d3283428f43e02000084010000059d3249
RX_FRAME type=0x8101 seq=392 length=9 payload=f43e02000084010000
WRITE offset=99072: total=147188 verified=99328 pending=0
TX_FRAME type=0x0101 seq=393 length=264
TX_HEX=54520114010100008901000008010000cf10544c008401000e4d5f33d0130408e4130408981304082012040808130408b8b602241015040880b500af01210648e8f7e9fb054b1b68002b02d0034b1b68984700bf80bd00bfd0b50224c8b5022480b500af064b1b68002b02d0044b1b68984701210348e8f7f0fb00bf80bd00bfccb50224d0b5022480b582b000afe7f793ff78600648e8f79ffb0346fb707868e7f78efffb7818460837bd4680bd00bfd0b5022480b582b000af78603960084800f0bcf80749084800f0b8f8074800f0b5f86ff0570318460837bd4680bd00bfac17040824300408201904083818040880b582b000af78603960084800f09ef80749084800f09af8074800f097f86ff0570318460837bd4680bd00bf70cb416f
RX_HEX=545201140181008089010000090000004d289ee4f43e0200008501000060fa8ef1
RX_FRAME type=0x8101 seq=393 length=9 payload=f43e02000085010000
WRITE offset=99328: total=147188 verified=99584 pending=0
TX_FRAME type=0x0101 seq=394 length=264
TX_HEX=54520114010100008a010000080100002c17dbc200850100a710d135ac17040840300408201904083818040880b582b002af0b4800f082f80a4800f07ff80a4b01930a4b0093002303220521084800f075f8084800f072f800bfbd4680bd00bf401904084c19040894190408a019040870190408ac19040880b400af034b1b681846bd465df8047b704700bfd4b5022480b584b000af78600f4b1b68fb607868faf70dffb860bb68002b10d0ba68fb689a420cd0fb68002b02d0f868faf7b8ff4321b868faf708ff034abb681360fb6818461037bd4680bdd4b5022480b400af034b1b681846bd465df8047b704700bf3002002480b483b000af786000bf0c37bd465df8047b704780b584b000af78603960fff7b1fff860fb68002b46cdfe4c
RX_HEX=54520114018100808a01000009000000ae2f116af43e020000860100008e553be3
RX_FRAME type=0x8101 seq=394 length=9 payload=f43e02000086010000
WRITE offset=99584: total=147188 verified=99840 pending=0
TX_FRAME type=0x0101 seq=395 length=264
TX_HEX=54520114010100008b01000008010000b217710e008601009653120203d17868fff7e8ff05e03b687a680021f868fbf711f800bf1037bd4680bd00000fb480b582b000af00237b60fff7c8ff0346002b01d1002315e007f114033b603b683a697f210b48e9f702fa03467b607b687f2b01d97f237b607b6819460548fff7c4ff7b6818460837bd46bde8804004b0704728b6022480b584b000af02f0fbf9f8603b467b600b4bbb607b68002b02d16ff015030ae03b1d1946f868fff719ff3b1d1946f86800f008f8034618461037bd4680bd00bfc485030880b584b000af786039600023fb601048fff7a8ff0fe03b685b6819460d48fff7a1ff39687868fff7f7fe0346002b06d1fb680133fb60fb681f2becdd00e000bf0548fff76e6edfbb
RX_HEX=54520114018100808b01000009000000302fbba6f43e02000087010000eb32875b
RX_FRAME type=0x8101 seq=395 length=9 payload=f43e02000087010000
WRITE offset=99840: total=147188 verified=100096 pending=0
TX_FRAME type=0x0101 seq=396 length=264
TX_HEX=54520114010100008c01000008010000ab1eb40400870100693202d28fff002318461037bd4680bdd8190408081a0408101a040880b586b000af78607b68002b11d007f10c0319467868fff7b3fe78617b69002b0ad107f10c0319467868fff7bbff786102e06ff015037b617b6918461837bd4680bd000080b586b000af786039607b68022b10d07b68012b09d102f081f9034619462048fff750fffff77aff37e01e48fff74aff33e03b6804331b6807f10c010022184603f04efa78613b6804331a68fb689a4207d13b6804331b6819461348fff732ff1be07b69002b14d07b69184601f0c6f90346012b0dd17b693b6139693b6804331b687a690948fff71dff3869fff796ff03e079690648fff715ff1837bd4680bd541a0408dd0292dc
RX_HEX=54520114018100808c0100000900000029267eacf43e02000088010000bd22e403
RX_FRAME type=0x8101 seq=396 length=9 payload=f43e02000088010000
WRITE offset=100096: total=147188 verified=100352 pending=0
TX_FRAME type=0x0101 seq=397 length=264
TX_HEX=54520114010100008d01000008010000351e1ec800880100e23c286ac81a0408f01a0408041b0408241b040880b500af012203490348fff717fa00bf80bd00bf381b0408e8b5022480b500af02f022f90346002b06d04ff0ff310448fff7cafc034600e00023184680bd00bfe8b5022480b582b000af78607b68002b05d04ff45e720849084800f029f902f003f90346002b02d00548fff7bdfc00bf0837bd4680bd00bf7c300408401b0408e8b5022480b485b000aff860b9607a60fb68002b04d00d4b1b681a6afb681a60bb68002b04d0094b1b685a6abb681a607b68002b04d0054b1b689a6a7b681a6000bf1437bd465df8047b704720b6022480b584b000af786039607b68073323f00703fb603b6823f00703bb60ba68fb68222e73a0
RX_HEX=54520114018100808d01000009000000b726d460f43e02000089010000d84558bb
RX_FRAME type=0x8101 seq=397 length=9 payload=f43e02000089010000
WRITE offset=100352: total=147188 verified=100608 pending=0
TX_FRAME type=0x0101 seq=398 length=264
TX_HEX=54520114010100008e01000008010000d6199146008901003f326ddc9a4205d84ff477720a490b4800f0d8f8f968ba68fb68d31a1a46084800f0a8f90346074a1360fff773ff00bf1037bd4680bd00bf60300408501b0408381b040820b6022480b582b000af7860396039687868fff7c5ff00bf0837bd4680bd000080b584b000af7860fff760fff8600d4b1b687968184600f009fa0346bb60f868fff768ff084b1b68002b06d0064b1b6807f10802796810469847bb6818461037bd4680bd20b60224d8b5022480b584b000af78603960144b1b68002b05d0124b1b683a1d396810469847fff72ffff8600e4b1b6879683a68184600f025fb0346bb60f868fff736ff094b1b68002b06d0074b1b6807f10802396810469847bb68b1de6481
RX_HEX=54520114018100808e0100000900000054215beef43e0200008a01000036eaeda9
RX_FRAME type=0x8101 seq=398 length=9 payload=f43e0200008a010000
WRITE offset=100608: total=147188 verified=100864 pending=0
TX_FRAME type=0x0101 seq=399 length=264
TX_HEX=54520114010100008f0100000801000048193b8a008a0100095db81c18461037bd4680bddcb5022420b60224e0b5022480b584b000af786039607b683a6802fb03f31846fff79afff860fb68002b08d07b683a6802fb03f31a460021f868e8f731fcfb6818461037bd4680bd80b584b000af78600d4b1b68002b04d00b4b1b683a1d104698477b68002b0ad0fff7dcfef8607b68184600f0c5fbf868fff7e8fe00e000bf1037bd4680bd00bfe4b5022480b586b000aff860b9607a60fff7c4fe78617a68b968f868fff7f2fe7869fff7cffe00bf1837bd4680bd000080b586b000aff860b9607a600023fb750d4b1b68002b0dd17b68ba68f9680b48fff79efdfff7c8fd00bffb7ddbb2002bfbd005e0044b1b687a68b968f8689847a0447e76
RX_HEX=54520114018100808f01000009000000ca21f122f43e0200008b010000538d5111
RX_FRAME type=0x8101 seq=399 length=9 payload=f43e0200008b010000
WRITE offset=100864: total=147188 verified=101120 pending=0
TX_FRAME type=0x0101 seq=400 length=264
TX_HEX=54520114010100009001000008010000cf3aa02f008b0100aff50bb700bf1837bd4680bd24b60224681b040880b485b000af786039600023fb6012e0fb683a6813441b78002b10d0fb683a68134419787a68fb6813440c330a461a70fb680133fb60fb68032be9d90ae000bf08e07a68fb6813440c3320221a70fb680133fb60fb68032bf3d900bf00bf1437bd465df8047b704780b584b000af786039607b68db6a3a689a4204d27c2235493548fff795ff7b681b6b3a689a4204d37d2230493148fff78bff7b68da6a3b685b681344fb603a68fb689a4224d0fb681b6803f00103002b1ed17b681b6bfa689a4219d07b685b6bfa689a4202d17b683a685a63fb6800221a60fb685a683b685a607b68db6a3a68d11a7b68da6afb68463b1233
RX_HEX=545201140181008090010000090000004d026a87f43e0200008c010000eab5868c
RX_FRAME type=0x8101 seq=400 length=9 payload=f43e0200008c010000
WRITE offset=101120: total=147188 verified=101376 pending=0
TX_FRAME type=0x0101 seq=401 length=264
TX_HEX=54520114010100009101000008010000513a0ae3008c0100a00ae9d95b6813440a469a607b68da6a3b689b681344bb60ba683b689a421fd0bb681b6803f00103002b19d17b685b6b3a689a4202d17b68ba685a633b6800221a603b685a68bb685a607b68db6aba68d11a7b68da6a3b685b6813440a469a6000bf1037bd4680bdd8300408a01b0408c41b040880b58ab000aff860b9607a60bb68073323f007037b627b6a3c333b623b6a073323f00703fb61ba687b68134423f00703bb61bb69202b5dd9bb69203b3a6a9a4258d8ba69fb69d31a203b7b613c220021786ae8f7f1fa7b6afa680c21184600f06dfd7b6a2a4a9a617b6afa69da617b6a7a691a627b6a7a699a63fa697b6ada627b6adb6a3b617b6a23f001023b691a60579d49b3
RX_HEX=54520114018100809101000009000000d302c04bf43e0200008d0100008fd23a34
RX_FRAME type=0x8101 seq=401 length=9 payload=f43e0200008d010000
WRITE offset=101376: total=147188 verified=101632 pending=0
TX_FRAME type=0x0101 seq=402 length=264
TX_HEX=54520114010100009201000008010000b23d856d008d0100226b38b37b6a9b6b03f110023b695a603b6900229a601c493869fff7fbfe7b6ada6a3b695b681a447b6a1a637a6a7b6a1b6b42f001021a607b6a9a6b7b6a1b6b10325a607b6a9a6b7b6a1b6b10329a607b6a1b6b0c491846fff7dcfe7b6ada6a7b6a5a637b6a08e0b968ba687b6813441a460648fff756fc002318462837bd4680bd00bff41b0408fc1b0408041c040880b588b000af786039603b68002b01d100232ae17b68002b05d14ff48c7295499548fff787fe7b68184600f0cffe03460c2b05d040f219128e499048fff77afe7b68184600f0a4fe0346002b05d14ff48d7288498a48fff76dfe7b68bb613b68073323f007033b603b680f2b01d810233b60bb69a375c249
RX_HEX=5452011401810080920100000900000030054fc5f43e0200008e010000617d8f26
RX_FRAME type=0x8101 seq=402 length=9 payload=f43e0200008e010000
WRITE offset=101632: total=147188 verified=101888 pending=0
TX_FRAME type=0x0101 seq=403 length=264
TX_HEX=545201140101000093010000080100002c3d2fa1008e0100764addf99b6b3a689a4201d90023f4e0bb695a6bbb69db6ad31afb61e4e0bb69da6afb6913447b617b691b6803f00103002b40f0d3807b695a68fb69d31a103b3a689a4200f2ca807b695a68fb69d31aa3f110023b6820339a423dd3fa693b68134410333b61bb69da6a3b691344fb60bb6923f00102fb681a607b695a68fb685a60fb68fa699a606249f868fff742fe7b693a695a60fb685a68bb699b6b10339a4206d0bb69da6afb685b6813443a699a60bb695a6a3b68134403f11002bb695a62bb699a6abb695b6a9a421ad2bb695a6abb699a6215e0bb695a6a7b695b68b969c96a7869411a5b1a1a44bb695a62bb699a6abb695b6a9a4203d2bb695a6abb699a6229240a5c
RX_HEX=54520114018100809301000009000000ae05e509f43e0200008f010000041a339e
RX_FRAME type=0x8101 seq=403 length=9 payload=f43e0200008f010000
WRITE offset=101888: total=147188 verified=102144 pending=0
TX_FRAME type=0x0101 seq=404 length=264
TX_HEX=545201140101000094010000080100003534eaab008f0100e253f336bb6943f001027b691a6001f0b5fd0346002b07d001f0b0fd034619467869fff7f7fd03e03b497869fff7f2fdbb695b6b7a699a4228d107e0bb69da6abb695b6b5b681a44bb695a63bb695b6b1b6803f00103002b05d0bb695a6bbb691b6b9a42ead1bb695a6bbb691b6b9a420cd0bb695b6b1b6803f00103002b05d040f275121f492548fff79cfd7a693b6813441033ba69126b934205d940f2771218491f48fff78efd7b69103303f00703002b05d04ff4bc7212491a48fff782fd7b6903f00703002b05d040f279120d491548fff777fd7b6910330ee0bb69da6afb6913445b68fb61bb699a6b3b68d31afa699a427ff613af002318462037bd4680bd00bfc394ea45
RX_HEX=54520114018100809401000009000000b70c2003f43e02000090010000cd5d4996
RX_FRAME type=0x8101 seq=404 length=9 payload=f43e02000090010000
WRITE offset=102144: total=147188 verified=102400 pending=0
PROGRESS 102400/147188
TX_FRAME type=0x0101 seq=405 length=264
TX_HEX=54520114010100009501000008010000ab344067009001007b6678eee4300408401c0408501c04088c1c0408b41c0408bc1c0408c41c0408141d0408681d0408b41d040880b58cb000aff860b9607a60fb68002b05d140f29b126a496a48fff73dfdfb68184600f085fd03460c2b05d04ff4ce7263496548fff730fdfb68184600f05afd0346002b05d140f29d125d495f48fff723fdfb68fb627b68073323f007037b60fb6a9b6b7a689a4201d90023a3e07b68002b04d1b86800f0b3f800239be0bb68002b06d1fb6a79681846fff76bfe034691e0bb6803f00703002b05d04ff4d97247494b48fff7f8fcfb6adb6aba689a4205d240f2b31242494648fff7edfcfb6a1b6bba689a4205d34ff4da723c494248fff7e2fcbb68103b0af59942
RX_HEX=54520114018100809501000009000000290c8acff43e02000091010000a83af52e
RX_FRAME type=0x8101 seq=405 length=9 payload=f43e02000091010000
WRITE offset=102400: total=147188 verified=102656 pending=0
TX_FRAME type=0x0101 seq=406 length=264
TX_HEX=545201140101000096010000080100004833cfe90091010042b46dcfbb62fb6adb6aba6ad31a7b62bb6a5a687b6ad31a103b3b623a6a7b689a4201d1bb685ce07b681c333a6a9a4240d9fb6a5a6a79683b6acb1a1a44fb6a5a627a6a7b6813441033bb61fb6ada6abb6913447b61fb6a23f001027b691a60bb6a5a687b695a607b697a6a9a6026497869fff7cffcbb6aba695a607b695a68fb6a9b6b10339a4206d0fb6ada6a7b695b681344ba699a60fb6a5b6b7a699a4202d2fb6a7a695a637969f86afff7e6fcbb6816e0fb6a79681846fff7e9fdf861fb69002b0cd07a683b6a934228bf13461a46b968f869e8f7cdf8b86800f016f8fb6918463037bd4680bd00bff4300408401c0408501c04088c1c0408e81d04081c1e0408b5fc0e25
RX_HEX=54520114018100809601000009000000ca0b0541f43e020000920100004695403c
RX_FRAME type=0x8101 seq=406 length=9 payload=f43e02000092010000
WRITE offset=102656: total=147188 verified=102912 pending=0
TX_FRAME type=0x0101 seq=407 length=264
TX_HEX=54520114010100009701000008010000d633652500920100ee8c88a4541e0408b41c040880b584b000af78607b68002b00f087807b6803f00703002b05d040f2f91242494248fff749fc7b68103bfb60fb681b6823f00103bb60bb68002b05d140f2ff1239493b48fff738fcfb681b6803f00103002b05d14ff4007233493648fff72cfcbb68184600f074fc03460c2b05d040f201222d493048fff71ffcbb68184600f049fc0346002b05d140f2022226492b48fff712fcbb68db6a7a689a4204d3bb681b6b7a689a4205d340f203221e492448fff702fcbb68da6afb685b6813441b6823f001031a46bb68934205d040f2052215491c48fff7f0fbbb6823f00102fb681a601949f868fff70ffcbb685b6bfa689a4202d2bb68fa68e37c94ec
RX_HEX=54520114018100809701000009000000540baf8df43e0200009301000023f2fc84
RX_FRAME type=0x8101 seq=407 length=9 payload=f43e02000093010000
WRITE offset=102912: total=147188 verified=103168 pending=0
TX_FRAME type=0x0101 seq=408 length=264
TX_HEX=545201140101000098010000080100007a2145fc009301003279b5b15a63bb685a6abb68db6af968cb1a1946fb685b68cb1a1a44bb685a62f968b868fff72afc00e000bf1037bd4680bd00bf04310408e81d04088c1e0408a41e0408b41e0408fc1e0408341f0408a81f0408b41c040880b58ab000af786039607b68012b02dd3b685b6800e00023fb61e7f715f8b8610c2000f0b5f978617b695b683b6246e03b6a103b3b61fb69002b08d03b690c221946f869e8f71af90346002b31d13b69fb60fb689b690c2232491846e8f70ef90346002b27d1fb68db6a7b621be07b6afa68d26a9b1abb60bb68002b29dbfb689b6b1a46bb68934225dc7b6a1b6823f001031a46fb6893421fd1fb68da6a7b6a5b6813447b62fb681b6b7a6ac3a309f0
RX_HEX=54520114018100809801000009000000f8198f54f43e020000940100009aca2b19
RX_FRAME type=0x8101 seq=408 length=9 payload=f43e02000094010000
WRITE offset=103168: total=147188 verified=103424 pending=0
TX_FRAME type=0x0101 seq=409 length=264
TX_HEX=54520114010100009901000008010000e421ef3000940100a237c91e9a42ded102e000bf00e000bf3b6a1b683b627b6904333a6a9a42b3d1b869e6f7c1ff002323e000bf02e000bf00e000bf1248fff7f5f8fb6819461148fff7f0f8796a1048fff7ecf87b6a1b6819460e48fff7e6f87b6a5a68bb68d31a103b19460a48fff7ddf8b869e6f79cff002318462837bd4680bd00bff41b0408e01f0408f81f0408082004081c2004083020040880b58cb002af786039607b68012b02dd3b685b6800e00023fb610c2000f01af9b861bb695b683b62b1e03b6a103b7b61fb69002b09d07b690c221946f869e8f77ff80346002b40f09c807b693b613b699b690c2253491846e8f772f80346002b40f091805048fff793f83b6919464f48d0b758ec
RX_HEX=5452011401810080990100000900000066192598f43e02000095010000ffad97a1
RX_FRAME type=0x8101 seq=409 length=9 payload=f43e02000095010000
WRITE offset=103424: total=147188 verified=103680 pending=0
TX_FRAME type=0x0101 seq=410 length=264
TX_HEX=54520114010100009a01000008010000072660be00950100d25d6f31fff78ef83b691b6a19464d48fff788f83b695b6a19464b48fff782f83b699b6a19464948fff77cf83b69db6a19464748fff776f83b695b6b19464548fff770f83b691b6b19464348fff76af84248fff767f83b69db6a7b6255e07b6a5a683b69db6a19467b6acb1a1344103bfb60796a3a48fff755f8fb68b3f5806f04daf9683748fff74df819e0fb68b3f5801f0adafb68002b01da03f2ff339b1219463148fff73ef80ae0fb68002b02da2e4a1a4413461b1519462d48fff732f87b6a1b7b19467b6a5b7b1a467b6a9b7b18467b6adb7b009303462648fff722f87b6a1b6823f001031a463b69934203d02148fff717f802e02048fff713f83b69da6a7b6aebbffaeb
RX_HEX=54520114018100809a01000009000000851eaa16f43e02000096010000110222b3
RX_FRAME type=0x8101 seq=410 length=9 payload=f43e02000096010000
WRITE offset=103680: total=147188 verified=103936 pending=0
TX_FRAME type=0x0101 seq=411 length=264
TX_HEX=54520114010100009b010000080100009926ca72009601003191b4ab5b6813447b623b691b6b7a6a9a42a4d102e000bf00e000bf3b6a1b683b62bb6904333a6a9a427ff448af002318462837bd4680bdf41b0408402004085820040868200408782004088820040898200408ac200408c0200408d4200408f42004080021040804210408ffff0f000c21040814210408202104082821040880b483b000af786039607b681b683a685a607b681a683b681a607b683a681a603b687a685a6000bf0c37bd465df8047b704780b483b000af78607b681b687a6852685a607b685b687a6812681a607b687a685a607b685a687b681a6000bf0c37bd465df8047b704780b485b000af0346fb71fb7903f07f03fb710023fb6015e00f49fa68eafa5bc8
RX_HEX=54520114018100809b010000090000001b1e00daf43e0200009701000074659e0b
RX_FRAME type=0x8101 seq=411 length=9 payload=f43e02000097010000
WRITE offset=103936: total=147188 verified=104192 pending=0
TX_FRAME type=0x0101 seq=412 length=264
TX_HEX=54520114010100009c01000008010000802f0f78009701009221a33513465b001344db000b441b78fa799a4207d1fa6813465b001344db00074a134406e0fb680133fb60fb680a2be6dd002318461437bd465df8047b70473402002480b586b000af0346fb7100237b6100233b610023fb60fb791846fff7c3fff860fb68002b01d100231be0fb6810331846fdf710fcb860fb685b683b6105e07b6901337b613b691b683b61fb6804333a699a42f4d1fb681033b9681846fdf708fc7b6918461837bd4680bd000080b58ab000aff8600b467a60fb7200237b62fb7a1846fff78fff38623b6a002b05d140f2731238493848fff773f93b6a10331846fdf7d8fbf8613b6a5b687b620fe07b6a103b7b617a69fb689a4205d14ff4c172cbc5d694
RX_HEX=54520114018100809c010000090000000217c5d0f43e020000980100002275fd53
RX_FRAME type=0x8101 seq=412 length=9 payload=f43e02000098010000
WRITE offset=104192: total=147188 verified=104448 pending=0
TX_FRAME type=0x0101 seq=413 length=264
TX_HEX=54520114010100009d010000080100001e2fa5b400980100c4ae718c2c492e48fff75cf97b6a1b687b623b6a04337a6a9a42ead13b6a1033f9691846fdf7c6fbfb7a63f07f03dab2fb681a737b68002b1bd07868e7f716ffb861bb690b2b0ad91e48fef7ebfe0c2279681d48fef7e6fe1c48fef7e3fefb680b2279681846e7f763fefb680022da7202e0fb6800221a70154b1b68002b03d0134b1b68f86898473b6a10331846fdf783fbf8613b6a1a1dfb68103319461046fff7eefe3b6a1033f9691846fdf782fb00bf2837bd4680bd143104082c21040844210408542104086c210408b4210408a8b6022480b584b000af78607b68002b05d140f2bd1219491948fff7ebf8194b1b68002b03d0174b1b68786898477b681b7b184607ebfd9d
RX_HEX=54520114018100809d010000090000009c176f1cf43e02000099010000471241eb
RX_FRAME type=0x8101 seq=413 length=9 payload=f43e02000099010000
WRITE offset=104448: total=147188 verified=104704 pending=0
TX_FRAME type=0x0101 seq=414 length=264
TX_HEX=54520114010100009e01000008010000fd282a3a00990100f2e1bf77fff7f0fef860fb68002b05d14ff4e1720d491048fff7d4f8fb6810331846fdf739fbb8607b6810331846fff7c0fefb681033b9681846fdf73bfb7b6800221a7300bf1037bd4680bd24310408bc210408acb602242c21040880b586b000af03463960fb71fef782fd0346002b09d039493948fef755fe4ff4f37236493748fff79ff8fb791846fff7adfe78617b69002b05d14ff4f5722f493148fff791f87b69db681846fef7dcff38613b69002b01d100234be07b69db681a4600213869e7f773fc3b69fa791a733b6900225a733b68002b1bd03868e7f747fef860fb680b2b0ad92048fef71cfe0c2239681e48fef717fe1e48fef714fe3b690b22396818469ff54d3c
RX_HEX=54520114018100809e010000090000007f10e092f43e0200009a010000a9bdf4f9
RX_FRAME type=0x8101 seq=414 length=9 payload=f43e0200009a010000
WRITE offset=104704: total=147188 verified=104960 pending=0
TX_FRAME type=0x0101 seq=415 length=264
TX_HEX=54520114010100009f01000008010000632880f6009a0100cdcb7124e7f794fd3b690022da7202e03b6900221a70174b1b68002b03d0154b1b68386998477b6910331846fdf7b4fab8607b691a1d3b69103319461046fff71ffe7b691033b9681846fdf7b3fa3b6918461837bd4680bd38310408d0210408f82104082c210408542104086c210408b4210408a8b6022480b584b000af78607b68002b05d140f2312220492048fff719f87b681b7b5bb2002b05da40f232221a491c48fff70ef81b4b1b68002b03d0194b1b68786898477b681b7b1846fff713fef860fb68002b05d14ff40e720f491248fef7f7fffb6810331846fdf75cfab8607b6810331846fff7e3fdfb681033b9681846fdf75efa7b6800221a737868fef7a8ffe1a6c7f3
RX_HEX=54520114018100809f01000009000000e1104a5ef43e0200009b010000ccda4841
RX_FRAME type=0x8101 seq=415 length=9 payload=f43e0200009b010000
WRITE offset=104960: total=147188 verified=105216 pending=0
TX_FRAME type=0x0101 seq=416 length=264
TX_HEX=5452011401010000a001000008010000b2696daa009b0100619f0ada00bf1037bd4680bd4c310408bc210408fc210408acb602242c21040880b582b000af78607b68002b05d140f2562208490848fef7c5ff7b681b7b5bb2002b01da012300e0002318460837bd4680bd00bf60310408bc21040880b582b000af78607b68002b05d140f2692206490648fef7a7ff7b681b7b03f07f03dbb218460837bd4680bd7c310408bc21040880b58ab000af0346b9607a60fb7300233b6200237b620023fb61fb7b1846fff79bfdf861fb69002b02d16ff015033ce0fef756fc0346002b09d01e491e48fef729fd40f28b221b491c48fef773fffb6910331846fdf7d8f9b861fb695b687b6217e07b6a103b3b62bb687968386a984778617b69039e447d
RX_HEX=5452011401810080a0010000090000003051a702f43e0200009c01000075e29fdc
RX_FRAME type=0x8101 seq=416 length=9 payload=f43e0200009c010000
WRITE offset=105216: total=147188 verified=105472 pending=0
TX_FRAME type=0x0101 seq=417 length=264
TX_HEX=5452011401010000a1010000080100002c69c766009c01007409c8ee002b09d0fb691033b9691846fdf7d0f97b6903eae3730ee07b6a1b687b62fb6904337a6a9a42e2d1fb691033b9691846fdf7bef9002318462837bd4680bd00bf90310408d0210408f821040880b588b000af786039603b68fb61fb691b68bb6107f10c030b22b9691846e7f75ffc0023fb757b6807f10c0211461846e7f7d2fc0346002b04d1fb697a685a60012300e0002318462037bd4680bd000080b584b000af78600b46fb707b68bb600023fb607b68002b06d0fb781846fff713fd0346002b01d1002316e0fef7d0fb0346002b09d00b490b48fef7a3fc40f2d62208490948fef7edfe07f10802fb7807491846fff74cfffb6818461037bd4680bd00bfbbde1dda
RX_HEX=5452011401810080a101000009000000ae510dcef43e0200009d01000010852364
RX_FRAME type=0x8101 seq=417 length=9 payload=f43e0200009d010000
WRITE offset=105472: total=147188 verified=105728 pending=0
TX_FRAME type=0x0101 seq=418 length=264
TX_HEX=5452011401010000a201000008010000cf6e48e8009d010096ac4b47a4310408d0210408f8210408899b030880b483b000af78607b681b687a6852685a607b685b687a6812681a607b687a685a607b685a687b681a6000bf0c37bd465df8047b704780b584b000aff860b9601346fb71fb68002283f83820fb791a46b968f86800f0d0fb00bf1037bd4680bd80b483b000af78607a6892f8393043f0020382f83930002318460c37bd465df8047b704780b584b000af78607b6893f8393003f00203dbb2002b0dd07b684c33184601f09bfcf8607a6892f8393023f0020382f8393001e00023fb60fb6818461037bd4680bd80b483b000af78607b6893f8383003f00703dbb218460c37bd465df8047b704780b483b000af78607b68c2cb346b
RX_HEX=5452011401810080a2010000090000004d568240f43e0200009e010000fe2a9676
RX_FRAME type=0x8101 seq=418 length=9 payload=f43e0200009e010000
WRITE offset=105728: total=147188 verified=105984 pending=0
TX_FRAME type=0x0101 seq=419 length=264
TX_HEX=5452011401010000a301000008010000516ee224009e01004cdc060693f8443018460c37bd465df8047b704780b483b000af78607b6893f8453018460c37bd465df8047b704780b483b000af78607b6893f8383003f00403002b14bf01230023dbb218460c37bd465df8047b704780b483b000af78607b68012283f83820002318460c37bd465df8047b704780b483b000af78607b68da6b7b681a647b6893f8383043f00803dab27b6883f83820002318460c37bd465df8047b704780b584b000af78607868fff7beff0346002b03d16ff01503fb6019e07b6893f8393003f00203dbb2002b04d07868fff761fff86001e00023fb60fb68002b07d17b6830331846fff713ff786800f03afbfb6818461037bd4680bd80b584b000af965824ac
RX_HEX=5452011401810080a301000009000000d356288cf43e0200009f0100009b4d2ace
RX_FRAME type=0x8101 seq=419 length=9 payload=f43e0200009f010000
WRITE offset=105984: total=147188 verified=106240 pending=0
TX_FRAME type=0x0101 seq=420 length=264
TX_HEX=5452011401010000a4010000080100004867272e009f0100e3775323786000f0b9fdf86007f10803184600f097f9fb681b6c7a689a4206d2fb681a6c7b68d21afb681a6402e0fb6800221a64fb681b6c002b04d0bb68184600f095f906e0f868fff794ffbb68184600f09af9002318461037bd4680bd000080b584b000aff8600b467a60fb72fb7a1f2b05d94ff4ae7221492248fef7a2fdfb6893f8383003f00703022b1ed1f86800f054fb7b68002b03d0fb68fa7a83f84520fb68fa7a83f84420fb6893f844301a46012393401a46fb689a64fb68002283f83820f86800f0cffa13e07b68002b03d0fb68fa7a83f84520fb68fa7a83f84420fb6893f844301a46012393401a46fb689a64002318461037bd4680bd00bfb431040842402d31
RX_HEX=5452011401810080a401000009000000ca5fed86f43e020000a00100006ca56266
RX_FRAME type=0x8101 seq=420 length=9 payload=f43e020000a0010000
WRITE offset=106240: total=147188 verified=106496 pending=0
PROGRESS 106496/147188
TX_FRAME type=0x0101 seq=421 length=264
TX_HEX=5452011401010000a501000008010000d6678de200a00100ad864b692822040880b582b000af78600b46fb70fb78002219467868fff7a0ff034618460837bd4680bd80b582b000af78600b46fb70fb78012219467868fff78fff034618460837bd4680bd80b584b000af78607b68002b05d140f2cb122a492a48fef72ffd7b685b6a1b78232b11d17b689b691a467b685b6a9a420ad97b689b691a467b685b6a19467b689b6a0b449a4220d90123bb606ff0fe03fb601c48fef7c0fa7b6819461a48fef7bbfa1a48fef7b8fa194b1b68002b04d0174b1b6878689847f860fb68002b18d000bfbb68002bfcd113e07b689b691a467b685b6a20339a420cd80e48fef79cfa7b6819460c48fef797fa0848fef794fa00e000bf00bf1037f74dd68f
RX_HEX=5452011401810080a501000009000000545f474af43e020000a101000009c2dede
RX_FRAME type=0x8101 seq=421 length=9 payload=f43e020000a1010000
WRITE offset=106496: total=147188 verified=106752 pending=0
TX_FRAME type=0x0101 seq=422 length=264
TX_HEX=5452011401010000a6010000080100003560026c00a101001ce36f61bd4680bdd03104084c220408602204087822040894220408bcb602249c220408b422040880b483b000af78607b687a685a607b685a687b681a6000bf0c37bd465df8047b704780b483b000af786039607b681b683a685a607b681a683b681a607b683a681a603b687a685a6000bf0c37bd465df8047b704780b483b000af786039607b685b683a681a607b685a683b685a607b683a685a603b687a681a6000bf0c37bd465df8047b704780b483b000af78607b681b687a6852685a607b685b687a6812681a607b687a685a607b685a687b681a6000bf0c37bd465df8047b704780b483b000af78607b681b687a689a420cbf01230023dbb218460c37bd465df826e35a79
RX_HEX=5452011401810080a601000009000000b758c8c4f43e020000a2010000e76d6bcc
RX_FRAME type=0x8101 seq=422 length=9 payload=f43e020000a2010000
WRITE offset=106752: total=147188 verified=107008 pending=0
TX_FRAME type=0x0101 seq=423 length=264
TX_HEX=5452011401010000a701000008010000ab60a8a000a20100598e74cb047b704780b584b000af78600a4b1b681846e6f7adff0346013bfb60074afb6852f83330303bbb607b68fa681a60bb6818461037bd4680bdc0b70224c0b6022480b584b000af78607b68002b02d16ff0150306e0e6f7a2f8f860fa687b681a60002318461037bd4680bd80b582b000af78607b681846e6f795f8002318460837bd4680bd80b582b000af786000f0f4fb0346002b01d000f04ff87b681846e6f781f8002318460837bd4680bd80b582b000af0d4b00221a6000237b6009e07b68db000a4a13441846fff72cff7b6801337b607b681f2bf2dd054b00221a6000bf0837bd4680bd00bfc4b70224c0b60224c0b7022480b582b000af3b461846fff768317bda
RX_HEX=5452011401810080a70100000900000029586208f43e020000a3010000820ad774
RX_FRAME type=0x8101 seq=423 length=9 payload=f43e020000a3010000
WRITE offset=107008: total=147188 verified=107264 pending=0
TX_FRAME type=0x0101 seq=424 length=264
TX_HEX=5452011401010000a8010000080100000772887900a3010000e0df6f81ff7860fcf766fe02467b681360094b00221a70786800f08ff97b68032283f838207b6818331846e6f785f800bf0837bd4680bdc9b7022480b588b000afe6f72df8786100f098fb38615d4b1b68002b40f0ab805b4b1b68002b00f0a9800023bb613b1d1846fff74dfff8613b6993f8383003f00703032b1cd13b6993f844301a467b689a4202d23b69fb6112e03b6993f844301a467b689a4209d13b6993f8383003f00803002b02d13b69fb6101e00123bb61fa693b699a4264d07b68dab2414b1a703b69fb60fcf704fe0246fb6913603e4b1b68002b04d03c4b1b68f969f8689847bb69002b02d0f86800f0baf8fb6893f8383003f00803002b08d0fb686c18d705
RX_HEX=5452011401810080a801000009000000854a42d1f43e020000a40100003b3200e9
RX_FRAME type=0x8101 seq=424 length=9 payload=f43e020000a4010000
WRITE offset=107264: total=147188 verified=107520 pending=0
TX_FRAME type=0x0101 seq=425 length=264
TX_HEX=5452011401010000a901000008010000997222b500a4010075a16e5793f8383023f00803dab2fb6883f83820f86900f011f9fb6993f838305bb223f007035bb243f003035bb2dab2fb6983f83820fef71bf80346bb60f869fff704febb68002b14d1224b1b68002b03d0204b1b68f8689847fb6818331a46fb69183319461046e5f7a1ff7869e5f79bff23e0fb6818331846fb6918331946fb69fa68e5f793ff14e0386900f0d6f83b6993f838305bb223f007035bb243f003035bb2dab23b6983f8382002e00a4b01221a707869e5f777ff00bf2037bd4680bd00bfc4b70224c0b70224c8b70224ccb70224d0b70224c9b7022480b483b000af78607b6893f844301a46012393401a467b689a647b68042283f8382000bf0c37bd46c75786d0
RX_HEX=5452011401810080a9010000090000001b4ae81df43e020000a50100005e55bc51
RX_FRAME type=0x8101 seq=425 length=9 payload=f43e020000a5010000
WRITE offset=107520: total=147188 verified=107776 pending=0
TX_FRAME type=0x0101 seq=426 length=264
TX_HEX=5452011401010000aa010000080100007a75ad3b00a501002137f9745df8047b7047000080b584b000aff860b9601346fb71fb6830331846fff702fefb791f2b05d940f2d3120c490c48fef7c7fafb68fa7983f84520fb68fa7983f84420fb6800229a64fb68ba68da63fb68ba681a6400bf1037bd4680bdec310408ec22040880b584b000af78607b68002b05d140f2ef122c492c48fef7a1fae5f70dfff86000f078fa02467b6893420ed17b6893f838305bb223f007035bb243f003035bb2dab27b6883f8382034e07b6893f838305bb223f007035bb243f002035bb2dab27b6883f838207b6893f8383003f00803002b0cd07b6893f84430db00134a1a447b68303319461046fff7c4fd0be07b6893f84430db000d4a1a447b68fec0657e
RX_HEX=5452011401810080aa01000009000000f84d6793f43e020000a6010000b0fa0943
RX_FRAME type=0x8101 seq=426 length=9 payload=f43e020000a6010000
WRITE offset=107776: total=147188 verified=108032 pending=0
TX_FRAME type=0x0101 seq=427 length=264
TX_HEX=5452011401010000ab01000008010000e47507f700a60100f49daba5303319461046fff79efd7b689a6c094b1b681343074a1360f868e5f7c3fe00bf1037bd4680bd00bf0832040810230408c0b60224c0b7022480b584b000af78607b68002b05d140f2232213491348fef737fae5f7a3fef8607b6830331846fff7a4fd7b6893f84430db000d4a13441846fff7b6fd0346002b07d07b689b6cda43084b1b681340074a1360f868e5f78afe00bf1037bd4680bd2032040810230408c0b60224c0b7022480b582b000af786000f016f800bf0837bd4680bd80b582b000af01210548e6f798fa034601337b607b6818460837bd4680bd00bfc4b7022480b582b000afe5f759fe7860104b1b68013b0f4a13600e4b1b68002b10dc0c4b4e45d32b
RX_HEX=5452011401810080ab01000009000000664dcd5ff43e020000a7010000d59db5fb
RX_FRAME type=0x8101 seq=427 length=9 payload=f43e020000a7010000
WRITE offset=108032: total=147188 verified=108288 pending=0
TX_FRAME type=0x0101 seq=428 length=264
TX_HEX=5452011401010000ac01000008010000fd7cc2fd00a70100d451327100221a607868e5f74dfe0a4b93f90030012b08d1074b00221a70fff70dfe02e07868e5f73ffe00bf0837bd4680bd00bfc4b70224c9b7022480b500af0348e6f73dfa03469bb2184680bd00bfc4b7022480b483b000af786039606ff0150318460c37bd465df8047b704780b483b000af78607b687a685a607b685a687b681a6000bf0c37bd465df8047b704780b483b000af78607b681b687a6852685a607b685b687a6812681a607b687a685a607b685a687b681a6000bf0c37bd465df8047b704780b588b000af78607b6894331846fcf7e0fb78617b68d3f88830002b14d07b68d3f888301846fff7b6f90346032b0bd17b68d3f888303b6179683869fdf7bb65d954
RX_HEX=5452011401810080ac010000090000007f440855f43e020000a8010000838dd6a3
RX_FRAME type=0x8101 seq=428 length=9 payload=f43e020000a8010000
WRITE offset=108288: total=147188 verified=108544 pending=0
TX_FRAME type=0x0101 seq=429 length=264
TX_HEX=5452011401010000ad01000008010000637c683100a80100aab9681065fa7b680022c3f888207b68d3f88030fb61fb691b68bb610ee0fb69283bfb60fb68012283f82220f868fdf7e5fcbb69fb61fb691b68bb617b688033fa699a42ebd17b68943379691846fcf7b1fb00bf2037bd4680bd80b582b000af00f00cf97860fff72bff3860786800f047f97868fff7a7ff7868fcf70ffc3868fff714fffff75afd00bf0837bd4680bd80b584b000af78607b68fb60fb68002b04d19a2219491a48fef70cf9f868fff755f90346012b04d09b2214491548fef701f907f108031846fff7bcfcf868fff7aefa0346002b04d1a3220c490e48fef7f1f8fb686ff07302da62fb6830331846fff74efff868fff737febb681846fff7c3fc00bf59da61da
RX_HEX=5452011401810080ad01000009000000e144a299f43e020000a9010000e6ea6a1b
RX_FRAME type=0x8101 seq=429 length=9 payload=f43e020000a9010000
WRITE offset=108544: total=147188 verified=108800 pending=0
TX_FRAME type=0x0101 seq=430 length=264
TX_HEX=5452011401010000ae01000008010000807be7bf00a901000d92677f1037bd4680bd00bf3832040824230408382304087c23040880b586b002aff860b9607a603b6097f820301a46796af868fff709fafb687a68da61fb683a681a62fb68ba695a62fb68fa699a62fb68586afb689b6a1a462321e6f7a6fcfb68d869fb68196afb685a6afb689b6a043b1a441b4be6f787f90246fb689a61fb6880331846fff7f2fefb680022c3f88820fb680022c3f88c20fb68002283f89020fb680022da62fb680022da67fb680022c3f89c20fb6803f14c00f9680823019300230093fb68074a00f043fcfb6894331846fcf7bffa002318461037bd4680bd00bf93a70308c9a7030880b588b004aff860b9607a603b60fb68002b05d14ff4b272335dbf6a
RX_HEX=5452011401810080ae0100000900000002432d17f43e020000aa0100000845df09
RX_FRAME type=0x8101 seq=430 length=9 payload=f43e020000aa010000
WRITE offset=108800: total=147188 verified=109056 pending=0
TX_FRAME type=0x0101 seq=431 length=264
TX_HEX=5452011401010000af010000080100001e7b4d7300aa0100d13973b219491a48fef75cf8bb69002b05d140f2651215491648fef753f87b6a002b05d14ff4b37210491348fef74af8a0220021f868e6f739fcba680121f868fef7b6fe7b6a039397f820300293fb690193bb6900933b687a68b968f868fff75dff034618461037bd4680bd4832040824230408a4230408bc23040880b500affcf7aafa03461b68184680bd80b582b000af78607b68002b05d14ff4d07214491448fef70ff87b6893f8383003f00703002b05d040f2a1120d490f48fef702f87868fff74bf80346012b05d04ff4d17207490a48fdf7f6ff7868fff7fffc786800f094fa002318460837bd4680bd00bf5832040824230408c82304083823040880b584b02f4166d9
RX_HEX=5452011401810080af010000090000009c4387dbf43e020000ab0100006d2263b1
RX_FRAME type=0x8101 seq=431 length=9 payload=f43e020000ab010000
WRITE offset=109056: total=147188 verified=109312 pending=0
TX_FRAME type=0x0101 seq=432 length=264
TX_HEX=5452011401010000b0010000080100009958d6d600ab0100ad33041f00af7860fff7b8ff02467b6893420ad1fff712fe0346002b05d14ff4e17214491448fdf7cdff07f108031846fff788fb7868fff750f90346fb73fb7b012b0dd0fb7b002b02d07868fff776fd7b684c33184600f0bbfb7868fff77bf9bb681846fff783fb002318461037bd4680bd00bf6c3204080c24040880b582b000af78607b68002b05d140f2ef1212491248fdf797ff7868fef7e0ff0346012b05d04ff4f8720c490d48fdf78bff7868fef7b6ff0346002b05d140f2f11206490848fdf77fff786800f00ef8034618460837bd4680bd00bf7c32040824230408382304084024040880b584b000af7860fff766fdf8607868fff782ffb8607868fff7e1fd36bfab38
RX_HEX=5452011401810080b0010000090000001b601c7ef43e020000ac010000d41ab42c
RX_FRAME type=0x8101 seq=432 length=9 payload=f43e020000ac010000
WRITE offset=109312: total=147188 verified=109568 pending=0
TX_FRAME type=0x0101 seq=433 length=264
TX_HEX=5452011401010000b10100000801000007587c1a00ac01001d4238527868fcf749faf868fff74efdbb6818461037bd4680bd000080b58ab004aff860b9607a603b607b6a002b05d140f2352216491748fdf744fff9680120fef78cfe78617b69002b01d100231be03868fdf787fe38613b69002b04d17869fef70aff00230fe07b6a039397f8203002933b6801933b6900937b68ba68f9687869fff74bfe7b6918461837bd4680bd90320408bc23040880b582b000af78607b68002b05d140f2622212491248fdf709ff7868fef752ff0346012b05d040f263220c490d48fdf7fdfe7868fef728ff0346002b05d04ff4197206490848fdf7f1fe7868fff780ff034618460837bd4680bd00bfa43204082423040838230408702404086280c4ff
RX_HEX=5452011401810080b1010000090000008560b6b2f43e020000ad010000b17d0894
RX_FRAME type=0x8101 seq=433 length=9 payload=f43e020000ad010000
WRITE offset=109568: total=147188 verified=109824 pending=0
TX_FRAME type=0x0101 seq=434 length=264
TX_HEX=5452011401010000b201000008010000e45ff39400ad010007c6c04980b58ab000aff860b9607a60fb68002b05d140f23b3238493848fdf7d1fef868fef71aff0346012b05d04ff44f7232493348fdf7c5febb68052b57d801a252f823f000bfe1ac0308ebac030899ac030829ad030817ad0308bdac030807f114031846fff76dfa7b681b781946f868fff749f9b8617b691846fff777fabb6937e007f110031846fff75bfa7b681b781946f868fff748f938623b691846fff765fa3b6a25e0f868fff76ffe034620e06ff015037b62f868fef7b1fe0346012b04d1f868fff7d9fe786203e0f868fff762ff7862fff7b1fa7b6a0ae07b68fb77fb7f1946f868fff7b4fc034601e000bf002318462837bd4680bdb832040824230408dcd04a59
RX_HEX=5452011401810080b2010000090000006667393cf43e020000ae0100005fd2bd86
RX_FRAME type=0x8101 seq=434 length=9 payload=f43e020000ae010000
WRITE offset=109824: total=147188 verified=110080 pending=0
TX_FRAME type=0x0101 seq=435 length=264
TX_HEX=5452011401010000b3010000080100007a5f595800ae0100175ff2713823040880b483b000af78607b68002b03d07b68012b02d003e0042302e0062300e0072318460c37bd465df8047b704780b584b000af786039607b68002b05d140f292320d490e48fdf73afe3868fff7d9ff0346fb737b6893f838305bb223f007035ab297f90f3013435bb2dab27b6883f8382000bf1037bd4680bdcc3204082423040880b586b000aff860b9607a603b60fb68002b05d140f2b73249494a48fdf70efef868fef757fe0346012b05d04ff46e7243494548fdf702fef868fcf7d5f90346002b05d040f2b9323d494048fdf7f6fd07f110031846fff7b1f9f868fef779ff03467b617b6903f00403002b1cd0fb6893f8393003f00203dbb2002b33ffc24e
RX_HEX=5452011401810080b301000009000000f86793f0f43e020000af0100003ab5013e
RX_FRAME type=0x8101 seq=435 length=9 payload=f43e020000af010000
WRITE offset=110080: total=147188 verified=110336 pending=0
TX_FRAME type=0x0101 seq=436 length=264
TX_HEX=5452011401010000b40100000801000063569c5200af010068a3a17002d0f868fef746ff3868fff77bff03461a467b69934203da3968f868fff788ff3b691846fff7a1f9002347e07b69022b16d07b69032b13d02648fdf771fbfb6893f8383019462448fdf76afb2348fdf767fb3b691846fff788f96ff0fe032de07b69032b0bd1fff787fd0246fb68934205d040f2db3213491948fdf7a1fdf868fff75afb3968f868fff752ffbb68002b04d07a68f968b868fcf760faf868fef7f9fe3b691846fff760f90e4b1b68002b03d00c4b1b68f8689847002318461837bd4680bde832040824230408382304084c2504087025040888250408b0250408b8250408d4b7022480b582b000af786039603b68002200217868fff743ff0346b6b8f807
RX_HEX=5452011401810080b401000009000000e16e56faf43e020000b0010000f3f27b36
RX_FRAME type=0x8101 seq=436 length=9 payload=f43e020000b0010000
WRITE offset=110336: total=147188 verified=110592 pending=0
PROGRESS 110592/147188
TX_FRAME type=0x0101 seq=437 length=264
TX_HEX=5452011401010000b501000008010000fd56369e00b001005863aae018460837bd4680bd80b584b000af78607b68002b05d140f25b421c491c48fdf74ffd7868fef798fd0346012b05d040f25c4216491748fdf743fd07f108031846fff7fef87868fef72bfff860fb68002b0bd1bb681846fff715f9f860fb6813f1fc0f06d10023fb6003e0bb681846fff7fcf8094b1b68002b03d0074b1b6878689847fb6818461037bd4680bd043304082423040838230408d8b7022480b483b000af78607b687a685a607b685a687b681a6000bf0c37bd465df8047b704780b483b000af786039607b681b683a685a607b681a683b681a607b683a681a603b687a685a6000bf0c37bd465df8047b704780b483b000af78607b681b687a685268564f96e0
RX_HEX=5452011401810080b5010000090000007f6efc36f43e020000b10100009695c78e
RX_FRAME type=0x8101 seq=437 length=9 payload=f43e020000b1010000
WRITE offset=110592: total=147188 verified=110848 pending=0
TX_FRAME type=0x0101 seq=438 length=264
TX_HEX=5452011401010000b6010000080100001e51b91000b1010066b889255a607b685b687a6812681a607b687a685a607b685a687b681a6000bf0c37bd465df8047b704780b483b000af78607b681b687a689a420cbf01230023dbb218460c37bd465df8047b7047000080b483b000af78607b685b7b03f00403002b01d0044b00e0044b18460c37bd465df8047b704700bff4b70224e4b7022480b586b000aff860b9607a603b60fb6897f820205a73fb685b7b23f00103dab2fb685a73fb68ba681a62fb687a685a62fb680022da62fb683a689a6200237b610ae07b690333db00fa6813441846fff767ff7b6901337b617b69002bf1dd00bf00bf1837bd4680bd80b584b000af786039607868fff799ff0346002b09d17b681b68183baf839fd5
RX_HEX=5452011401810080b6010000090000009c6973b8f43e020000b2010000783a729c
RX_FRAME type=0x8101 seq=438 length=9 payload=f43e020000b2010000
WRITE offset=110848: total=147188 verified=111104 pending=0
TX_FRAME type=0x0101 seq=439 length=264
TX_HEX=5452011401010000b701000008010000805113dc00b201004b22e06bfb60fb68da6a3b681a60002301e06ff0fe0318461037bd4680bd80b584b000af78600023fb600ae0fb680333db007a6813441846fff75cfffb680133fb60fb68002bf1dd00bf00bf1037bd4680bd000080b586b002aff860b9607a603b60fb68002b05d140f2131214491548fdf728fc7b68002b05d14ff48a7210491148fdf71ffcbb696ff00042934205d340f215120a490d48fdf714fcfb68ba680a211846fef784fa3b7f0093bb693a687968f868fff764ff00bf1037bd4680bd18330408d4250408e8250408fc25040880b584b000af78607b68002b05d140f22b121e491e48fdf7edfb7b681846fef735fc03460a2b05d04ff4967217491948fdf7e0fb7187bb4a
RX_HEX=5452011401810080b7010000090000000269d974f43e020000b30100001d5dce24
RX_FRAME type=0x8101 seq=439 length=9 payload=f43e020000b3010000
WRITE offset=111104: total=147188 verified=111360 pending=0
TX_FRAME type=0x0101 seq=440 length=264
TX_HEX=5452011401010000b8010000080100002c43330500b30100b2e54a217b681846fef70afc0346002b05d140f22d1211491348fdf7d3fb7868fff716fff860f868fbf736feb8607868fff775ff7b685b7b23f00103dab27b685a73b968f868fbf735fe7b681846fef7c1fa002318461037bd4680bd28330408d4250408142604085026040880b588b000af786039603868fff751ff3b685b7b23f00103dab23b685a73544b1b68002b04d0524b1b683a6810469847fbf704fd02463b689b6a1a443b68da627b68fb600023fb614fe0fb699b0020333b4453f8143c1b687b61fb69db0018335b427a6913443b613b69da6a3b68db6a9a4209d03b69da6a3b68db6ad31a6ff0004293421cd300e000bffb699b0020333b4453f8143c1a68acbab784
RX_HEX=5452011401810080b801000009000000ae7bf9adf43e020000b4010000a46519b9
RX_FRAME type=0x8101 seq=440 length=9 payload=f43e020000b4010000
WRITE offset=111360: total=147188 verified=111616 pending=0
TX_FRAME type=0x0101 seq=441 length=264
TX_HEX=5452011401010000b901000008010000b24399c900b4010043a6e07cfb699b0020333b4443f8142cfb699b0020333b4453f8142cfb69db0079680b445b689a42c5d100e000bffb69002b0dd0fb699b0020333b4453f8142cfb69013308329b0020333b4443f8142cfb690133fb61fb69002bd9d0204b1b6801331f4a13601e4b1b68bb61fa683b68183319461046fff724fe0223fb611ce0bb6903f00303002b1bd1fb69c3f101039b0020333b4453f8140cfb69c3f101030333db003a6813441946fff70afebb699b08bb61fb690133fb61fb69012bdfd900e000bf3b685b7b43f00103dab23b685a73002318462037bd4680bdb4b60224d0ba022480b588b000af786039603868fbf752fdf861fbf757fcb86107f10c031846fff76ffd0966
RX_HEX=5452011401810080b901000009000000307b5361f43e020000b5010000c102a501
RX_FRAME type=0x8101 seq=441 length=9 payload=f43e020000b5010000
WRITE offset=111616: total=147188 verified=111872 pending=0
TX_FRAME type=0x0101 seq=442 length=264
TX_HEX=5452011401010000ba010000080100005144164700b50100d7bf725ccdfd6be07b681b68183b7b61fbf74afcb8617b69db6aba69d31a6ff00042934263d2364b1b68002b03d0344b1b68786998477869fff771fe7b695b7b03f00203002b06d17b695b7b23f00103dab27b695a737b6903f1180207f10c0311461846fff7adfdf9693868fbf722fd7b691b6a7a69526a10469847214b1b68002b03d01f4b1b68786998473868fbf703fdf86107f10c031846fff7c6fd0346002b1cd17b6918331846fff7a3fd7b695b7b03f00203002b12d07b695b7b03f00103002b0cd07b695b7b23f00103dab27b695a7379697868fff7c8fe00e000bf7868fff7a2fd0346002b8dd000e000bff9693868fbf7defc00bf2037bd4680bdc8ba0224c1533ac5
RX_HEX=5452011401810080ba01000009000000d37cdceff43e020000b60100002fad1013
RX_FRAME type=0x8101 seq=442 length=9 payload=f43e020000b6010000
WRITE offset=111872: total=147188 verified=112128 pending=0
TX_FRAME type=0x0101 seq=443 length=264
