relative_path,size_bytes,sha256,file_type,phase
evidence/hardware-bringup/2026-08-04/summary.md,4670,e959c8c5c8987556e7b6ad9dc39390eddf12073ec3822cfff7d7afac807a1b27,md,hardware-bringup
evidence/hardware-bringup/2026-08-12/main-598e536-no-power-cycle/backup-1-console.log,1192,d7a63660b71c620cfcb288eb5cffe826c40be474a2c846863a4f01fba46cacec,log,hardware-bringup
evidence/hardware-bringup/2026-08-12/main-598e536-no-power-cycle/backup-2-console.log,1192,2d1e5e73c6a19de9bcbfc837ec7b35a757e654d7cb47d25c00431708ee4c2089,log,hardware-bringup
evidence/hardware-bringup/2026-08-12/main-598e536-no-power-cycle/flash-diagnostic-uart3-raw.log,222,be2a77681e19ec43ecb7084a95bc818bbc46e938719d391132edc8aedde6e47f,log,hardware-bringup
evidence/hardware-bringup/2026-08-12/main-598e536-no-power-cycle/internal-flash-backup-1.bin,2097152,419df5205641fd01a6dbf5d74f0330e95dea61f435710eb8580c18e00f4f4b35,bin,hardware-bringup
evidence/hardware-bringup/2026-08-12/main-598e536-no-power-cycle/internal-flash-backup-2.bin,2097152,419df5205641fd01a6dbf5d74f0330e95dea61f435710eb8580c18e00f4f4b35,bin,hardware-bringup
evidence/hardware-bringup/2026-08-12/main-598e536-no-power-cycle/internal-flash-backups-sha256.txt,188,b2652727904a8395e2e07e1f2f8c4fb0ccf9aedd0f9f84accdb8251fb1a65093,txt,hardware-bringup
evidence/hardware-bringup/2026-08-12/main-598e536-no-power-cycle/metadata.json,4623,d06bbbeae8f80ec11970fe5f48a1157e46a81d1374e20b3027afbd3c3d49c53a,json,hardware-bringup
evidence/hardware-bringup/2026-08-12/main-598e536-no-power-cycle/sensor-diagnostic-uart3-raw.log,221,07da3f10750143875a633b4e223f0473d5606f75c04b4d004f2fe4b2255539de,log,hardware-bringup
evidence/hardware-bringup/2026-08-12/main-598e536-no-power-cycle/session-image-restore-after-u2-console.log,1746,8cf6221796651c00061a0d4132d7d025546068b34c98108e06660892b2562071,log,hardware-bringup
evidence/hardware-bringup/2026-08-12/main-598e536-no-power-cycle/session-image-restore-after-u2-hash.txt,203,78f7c6ea4ae40a4e9065cfa7c92ec25b16558437b12082aa9efdc2cfb210aa77,txt,hardware-bringup
evidence/hardware-bringup/2026-08-12/main-598e536-no-power-cycle/session-image-restore-after-u2-verify-console.log,1198,04563a5f5e50e2f04deab90e97e2ebc5ed3f8e20e933ac16631a34b3bfc72f06,log,hardware-bringup
evidence/hardware-bringup/2026-08-12/main-598e536-no-power-cycle/sht40-hv1-longrun-decoded.txt,1040,a10d920d95847731f4b8ca0b9e9df2525f69fda0f5a673cdc864b140ccd07b70,txt,hardware-bringup
evidence/hardware-bringup/2026-08-12/main-598e536-no-power-cycle/sht40-hv1-longrun-swd-result-raw.log,1102,fc94d6ca560fc1b36e9e0a73f1f6e61eb95a4449be1960fc439d61777a0cad39,log,hardware-bringup
evidence/hardware-bringup/2026-08-12/main-598e536-no-power-cycle/sht40-hv1-longrun-uart3-raw.log,4178,5c0d1aabb5f64591bf1caec3687c8ea0701748c5ae2185375689fcabe803a751,log,hardware-bringup
evidence/hardware-bringup/2026-08-12/main-598e536-no-power-cycle/swd-10-connect-console.log,6908,bf36b4ab6727e8ef72f988b3dbed323ef5053e1589ed8fd4fcd0c33aed40463b,log,hardware-bringup
evidence/hardware-bringup/2026-08-12/main-598e536-no-power-cycle/u2-7fe000-current-swd-result-raw.log,1023,513e3b6dc1ed69d62de647aefe38bba25103f2627af9fbf43b439a66f2b0cd00,log,hardware-bringup
evidence/hardware-bringup/2026-08-12/main-598e536-no-power-cycle/u2-7fe000-sector-backup-hash.txt,101,d86787f72649287bb512672a533d235f2f401a1b25be7827a54f9f28b4a299b2,txt,hardware-bringup
evidence/hardware-bringup/2026-08-12/main-598e536-no-power-cycle/u2-7fe000-sector-backup.bin,4096,f47a8ec3e9aff2318d896942282ad4fe37d6391c82914f54a5da8a37de1300c6,bin,hardware-bringup
evidence/hardware-bringup/2026-08-12/main-598e536-no-power-cycle/u2-7fe000-validation-power-cycle-swd-result-decoded.txt,679,2f9c013a2f4d080889043b9d21a4b3d156271ba5cb107bd9101328c12d649101,txt,hardware-bringup
evidence/hardware-bringup/2026-08-12/main-598e536-no-power-cycle/u2-7fe000-validation-swd-result-decoded.txt,637,563f5b91d0d083f45a1adc62c6d87f8a8d7ae58a869f759584e6ad82a41c4da4,txt,hardware-bringup
evidence/hardware-bringup/2026-08-12/main-598e536-no-power-cycle/u2-7fe000-validation-swd-result-raw.log,1026,cbcff33c0cb93683f6725cd4b150f0686a499106d7937d96272e89684927e45d,log,hardware-bringup
evidence/hardware-bringup/2026-08-12/main-598e536-no-power-cycle/u2-7fe000-validation-uart3-raw.log,219,8fd233291aad0c28ed5a5ab3f94a123d78ae4a1d6d3cccaeb7d179492b783bc0,log,hardware-bringup
evidence/hardware-bringup/2026-08-13/main-148d7c3-fast-followup/README.md,14525,825a741da88318e6a40a7d6848880e136c599fbb02a3f82e1ae883783d61d7da,md,hardware-bringup
evidence/hardware-bringup/2026-08-13/main-148d7c3-fast-followup/terp-handle-reconnect-20/result-all.txt,23,9503f833d1c02fc381cd368e18ba267751dcffe2f3353a2b9f6d4b24613a7df4,txt,hardware-bringup
evidence/hardware-bringup/2026-08-13/main-148d7c3-fast-followup/terp-handle-reconnect-20/summary-all.txt,2893,a43e677e2cf85be82a30c0c6eac8f51aacef255585774b8de9a027b9e9b63afd,txt,hardware-bringup
evidence/hardware-bringup/2026-08-14/cold-boot-10/attempt-5/cold-boot-10-report.md,1943,0812c34d911376fa4dfaef13025c33ec3c10d23f14791b41af04123ba8e6b739,md,hardware-bringup
evidence/hardware-bringup/2026-08-14/cold-boot-10/attempt-5/summary.json,770,f31b340711ccbd66d0a02a7ce990370419823296a7f305958830e5f1b40d6efb,json,hardware-bringup
evidence/hardware-bringup/2026-08-14/cold-boot-10/attempt-5/uart1-cold-boot-raw.bin,4466,0a538f53bc8a98c09d22d40dec8405ace8e49c129c84452cb3f9ada340b25a04,bin,hardware-bringup
evidence/hardware-bringup/2026-08-14/feature-hardware-bringup-icm-30min/attempt-4/monitor-heartbeat.log,2100,66a3f3f1c8a673db5de5db32ad6584a7cad3125cbb5b89cdb7096cbe584bd12f,log,hardware-bringup
evidence/hardware-bringup/2026-08-14/feature-hardware-bringup-icm-30min/attempt-4/result-swd-console.log,1197,053f8794905bee501ebe7e4fc54df59e55abc0e66ad6e137e32cd1233db687c2,log,hardware-bringup
evidence/hardware-bringup/2026-08-14/feature-hardware-bringup-icm-30min/attempt-4/verification-summary.md,1696,d6db136f4cbac1ef4b4f6619c75c7e8e970137d7aaa09c9ed7ea05ead5cc1e89,md,hardware-bringup
evidence/hardware-bringup/2026-08-14/system-stability-2h/imu-repro-stack2048-5s/imu-repro-summary.json,265,5d20d2d28ba09038b99a0365ac3f034e9918446150447be233b1f8537c5a9bbb,json,hardware-bringup
evidence/hardware-bringup/2026-08-14/system-stability-2h/runtime-probe-stack2048/runtime-commands-summary.json,7708,8538f3d003231b845760d95c3d3095f943be23aa8d724b627675243a814c6ea3,json,hardware-bringup
evidence/hardware-bringup/2026-08-14/system-stability-2h/swd-runtime-2h-final/capture-abort.txt,606,0e63254ad062006435cb38da12eb6973af0db727a5c02a8e65a4a7ba22ef89a3,txt,hardware-bringup
evidence/hardware-bringup/2026-08-14/system-stability-2h/swd-runtime-2h/partial-window-summary.md,746,d97bbb0da958555ec0ae4667936bb580f2e3f5aee70d898da3d565fb8cc6238e,md,hardware-bringup
evidence/hardware-bringup/2026-08-14/u2-event-100/full-trigger-chain-3/uart1-event-100-incremental-raw.bin,30373,f3e6d1325671c31bdc186a6dec13b813878b13139f32aa936b17d7522e85854f,bin,hardware-bringup
evidence/hardware-bringup/2026-08-14/u2-event-100/full-trigger-chain-3/uart1-event-100-incremental-summary.json,37212,1cbdda20b8ebf690610565628f7914043633d00d91d4962af1e3ffd2dec0a681,json,hardware-bringup
evidence/hardware-bringup/2026-08-14/u2-write-interruption/attempt-3/attempt-summary.md,1118,b19441c143eb1989f865c0bb54489ba26ebdadf68be0d049fd4f7866fc99de7e,md,hardware-bringup
evidence/hardware-bringup/2026-08-14/u2-write-interruption/attempt-3/uart1-interruption-precut-console.log,3382,c333d52d57cfed7118882155449f6b96f98b6ec81b6f1ffc4318e1449c4fbce4,log,hardware-bringup
evidence/hardware-bringup/2026-08-14/u2-write-interruption/post-interruption-final-diagnostic-console.log,2443,40e9b994627eab83645e536c8388ea99dfd20cbb110df38ee3a2baace7967699,log,hardware-bringup
evidence/hardware-bringup/2026-08-14/u2-write-interruption/recovery-verify-console.log,1931,635575136f958bfff4be2c02c93406cdee38144bf3ffa90a8f672669b46aae48,log,hardware-bringup
evidence/hardware-bringup/2026-08-14/uart3-final-com7/event-100-sha256.txt,80,c53d4844811c82f278b054e3f11ffb48af4cc90b18da1b5ad87e4f33672ecace,txt,hardware-bringup
evidence/hardware-bringup/2026-08-14/uart3-final-com7/event-100.bin,38528,545330203d0956aaf1723a439dace18dc131ca1dc5f6614ca728911428ad049a,bin,hardware-bringup
evidence/hardware-bringup/2026-08-14/uart3-final-com7/uart3-final-com7-report.md,1383,4e01d6c0b8f7eeef6f66ddd879ead5e988326cefa03eb39e347a08170bf66086,md,hardware-bringup
evidence/hardware-bringup/2026-08-14/usb-ttl-physical-matrix/matrix-abort.txt,675,d5fe1dca604292bf07d069f7a7850ccaa1088784f915e1c9c16be28a5e619136,txt,hardware-bringup
evidence/hardware-bringup/2026-08-14/usb-ttl-physical-matrix/matrix-intent.md,221,408fbf95194fce571c0f85ca3b46f47c173fb226cbc8ad5482e5306f63a2e939,md,hardware-bringup
evidence/hardware-bringup/2026-08-15/main-two-hour-regression-001/SHA256SUMS.txt,12524,5950e4f2488a2e32f3a916f3067324327aa2e609bd1419e52d3c81550ab49dbe,txt,hardware-bringup
evidence/hardware-bringup/2026-08-15/main-two-hour-regression-001/firmware/normal/hashes.txt,940,4a46a97dcb8dfcd71cf2c034c9627fa608fbafd92302fd9ba4fbc6ed27603540,txt,hardware-bringup
evidence/hardware-bringup/2026-08-15/main-two-hour-regression-001/firmware/normal/program-artifact-hash.txt,286,34f3aa4ed7546eaac602e6dbdd2f4ba0878e2708b6446534a99acde8d7ebd0e7,txt,hardware-bringup
evidence/hardware-bringup/2026-08-15/main-two-hour-regression-001/git-status-final.txt,328,97556cd0c7d0453f55109e1050e7ae4f2b4bc24668a112df45886ca002bbc160,txt,hardware-bringup
evidence/hardware-bringup/2026-08-15/main-two-hour-regression-001/git-status.txt,45,1093e6c86a09eefe5b5f7cffae155b5c2b2876da6cd30b9243511782376f375b,txt,hardware-bringup
evidence/hardware-bringup/2026-08-15/main-two-hour-regression-001/head.txt,46,f320a4025580aab8553c8c5a82a8d6e33f53dba6dd052e76792e2ecd2b910a04,txt,hardware-bringup
evidence/hardware-bringup/2026-08-15/main-two-hour-regression-001/logs/build-after-fix.log,1685,1ca8259978a2b145f6ed8b4784f5172c13495fcab0c5270b38c8f272cbb961ee,log,hardware-bringup
evidence/hardware-bringup/2026-08-15/main-two-hour-regression-001/logs/build-normal.log,8555,6c9d72f20361515a29e1665b0ef31d6dcbfb0d7ce8195f16bfbc1162bb3eacd2,log,hardware-bringup
evidence/hardware-bringup/2026-08-15/main-two-hour-regression-001/logs/main-final-com7-event2-decode.log,318,2875fd1f41274e470d8dd630f55819fb0b7e72a0cc4fcad68ccbb783211d8e55,log,hardware-bringup
evidence/hardware-bringup/2026-08-15/main-two-hour-regression-001/logs/main-final-com7-event2-download.log,223,27bba5a7244d82ca7c7924a9d2fa52f789d9fab76f621168ad4e9c8707087976,log,hardware-bringup
evidence/hardware-bringup/2026-08-15/main-two-hour-regression-001/logs/main-final-com7-smoke.log,592,49a522226883ad0998374b550102de24fede23b848005945871cc0c047163185,log,hardware-bringup
evidence/hardware-bringup/2026-08-15/main-two-hour-regression-001/logs/main-merge-com7-smoke.log,254,5d082c54ef50f8ccf071f5a22ff9d45b89a3f2082745ec15ce50a5bf7cea3010,log,hardware-bringup
evidence/hardware-bringup/2026-08-15/main-two-hour-regression-001/logs/main-merge-hard-reset.log,599,676b4a1557c0149a3c1cccdcff58a77ec97ac545800353d0673a0b12cd32b380,log,hardware-bringup
evidence/hardware-bringup/2026-08-15/main-two-hour-regression-001/logs/main-merge-info-after-hard-reset.log,25,ab1eb38cedad50cab679c630cb149c16fb9d5ac07546d4e5f1c1d36e27de5ee5,log,hardware-bringup
evidence/hardware-bringup/2026-08-15/main-two-hour-regression-001/logs/main-merge-program.log,3621,9e431a5cba7cb51579966762249a0a1d3f761779ccaaaec9ea9e90248b2c0fa1,log,hardware-bringup
evidence/hardware-bringup/2026-08-15/main-two-hour-regression-001/logs/program-scoped-usability-recovery.log,3841,0ed2c1a9e7d86ea9a99da9f3ffa727490e730fac170d8e74ea1546f4925b20cd,log,hardware-bringup
evidence/hardware-bringup/2026-08-15/main-two-hour-regression-001/logs/program-script-ascii-regression.log,3841,43f6ac29bf536c6c2d5abd19b9b9f12586f52cb903db411e9b7ce9ec4a4def12,log,hardware-bringup
evidence/hardware-bringup/2026-08-15/main-two-hour-regression-001/logs/run-tests-after-fix.log,4299,538d4366d157ba09282696523de24b53498c011223a5ad11ac3877e6fd746614,log,hardware-bringup
evidence/hardware-bringup/2026-08-15/main-two-hour-regression-001/logs/scoped-app-vector-read-8bytes.log,685,8b078326aca4c9c9c0abd56df6a2252c90cbd0be4c9da5960073a11fcb48c5e3,log,hardware-bringup
evidence/hardware-bringup/2026-08-15/main-two-hour-regression-001/logs/scoped-app-vector-read.log,676,a2f8bd90d7c11afa45db68f87babe8359e2ac534c16119be7c4c81b5b20be616,log,hardware-bringup
evidence/hardware-bringup/2026-08-15/main-two-hour-regression-001/logs/scoped-boot-vector-read.log,685,e27923c8c625c6951dda7d924959b4833f9deb34c5986f365909bb0c534f8dba,log,hardware-bringup
evidence/hardware-bringup/2026-08-15/main-two-hour-regression-001/logs/scoped-com7-smoke.log,939,278cb954ef1fa88453c0718867ca7f2eb892011a7540346828448a4f85ae1c8f,log,hardware-bringup
evidence/hardware-bringup/2026-08-15/main-two-hour-regression-001/logs/scoped-core-reg-read.log,651,c358752b8b29475f6df4213e012a582b4bea38611b272d2b77458b4b701a18cb,log,hardware-bringup
evidence/hardware-bringup/2026-08-15/main-two-hour-regression-001/logs/scoped-final-release-reset.log,601,dbd2c38d98619545508e4459c5360136614a4de19f7e7bee7377952bab83a7f4,log,hardware-bringup
evidence/hardware-bringup/2026-08-15/main-two-hour-regression-001/logs/scoped-go-app-reset-handler.log,692,6287fc24bdc3e2849b911513a7c87196cf6c1def1cb6288c5f8b71f8efcd29e6,log,hardware-bringup
evidence/hardware-bringup/2026-08-15/main-two-hour-regression-001/logs/scoped-go-application.log,692,7560ddc7361873c330617ca5fca3e7d84869ce3a24302c9cf0681ee4ff6874b0,log,hardware-bringup
evidence/hardware-bringup/2026-08-15/main-two-hour-regression-001/logs/scoped-go-boot-reset-handler.log,692,f00d7f7ffb6a292861ca5fb5e2b70acc52ab278676d4d88f2e73c7afde2911fd,log,hardware-bringup
evidence/hardware-bringup/2026-08-15/main-two-hour-regression-001/logs/scoped-hard-reset-run.log,599,676b4a1557c0149a3c1cccdcff58a77ec97ac545800353d0673a0b12cd32b380,log,hardware-bringup
evidence/hardware-bringup/2026-08-15/main-two-hour-regression-001/logs/scoped-info-after-hard-reset.log,25,ab1eb38cedad50cab679c630cb149c16fb9d5ac07546d4e5f1c1d36e27de5ee5,log,hardware-bringup
evidence/hardware-bringup/2026-08-15/main-two-hour-regression-001/logs/scoped-info-after-run-venv.log,25,ab1eb38cedad50cab679c630cb149c16fb9d5ac07546d4e5f1c1d36e27de5ee5,log,hardware-bringup
evidence/hardware-bringup/2026-08-15/main-two-hour-regression-001/logs/scoped-info-after-run.log,661,1638c0c1b068519510207cfa5ba767bd8d4abf61da7c90616154c4a5031320ac,log,hardware-bringup
evidence/hardware-bringup/2026-08-15/main-two-hour-regression-001/logs/scoped-run-release.log,569,c264f15d7c86f7298a04dca3bb0c750d0b562e2681cf2da221234c20e41362e4,log,hardware-bringup
evidence/hardware-bringup/2026-08-15/main-two-hour-regression-001/logs/scoped-state-primary-read.log,850,51feb12f0981de982faa53158c9f1eba9c91a4b0fbfcd13fbb749dab5fb3b7d5,log,hardware-bringup
evidence/hardware-bringup/2026-08-15/main-two-hour-regression-001/logs/scoped-state-secondary-read.log,850,6c6507a95a9a0867106aa83b313c01d1e9a5ee116f4f594bc8095e6b7bb35e8e,log,hardware-bringup
evidence/hardware-bringup/2026-08-15/main-two-hour-regression-001/logs/scoped-usability-audit.log,202,b5ba9916dfa0d14ce47af6f5260805bca02539b5ecadc6aca087fafa1a5c9e5a,log,hardware-bringup
evidence/hardware-bringup/2026-08-15/main-two-hour-regression-001/logs/scoped-vtor-hotplug-read.log,678,e483dd8c2023ab976451fb700fd067627ea7727f31faf5e0364bf216c77748a3,log,hardware-bringup
evidence/hardware-bringup/2026-08-15/main-two-hour-regression-001/logs/scoped-vtor-read-after-wait.log,676,840a279604f8a74b908f582078f4285ee32b221e2bf8269bb4253fb7ee94403a,log,hardware-bringup
evidence/hardware-bringup/2026-08-15/main-two-hour-regression-001/logs/scoped-vtor-read.log,676,840a279604f8a74b908f582078f4285ee32b221e2bf8269bb4253fb7ee94403a,log,hardware-bringup
evidence/hardware-bringup/2026-08-15/main-two-hour-regression-001/logs/selfcheck-full-final.log,857,b7685f54233ab6a620c6b143c73e93b270ff59ca816f4ea77532a5e50d5d1224,log,hardware-bringup
evidence/hardware-bringup/2026-08-15/main-two-hour-regression-001/logs/stlink-list.log,961,1e47fb76bb6f1753bccfceb3397b050437f6dadb82cc3e645adcb0a34e890ea6,log,hardware-bringup
evidence/hardware-bringup/2026-08-15/main-two-hour-regression-001/logs/terp-handle-reconnect-20-current.json,6404,e481dc7b45d9ebf325062445cde92a0c30d252a54c9267bd4fd05cba7ef26d97,json,hardware-bringup
evidence/hardware-bringup/2026-08-15/main-two-hour-regression-001/logs/uart1-event-e2e-followup.raw,13164,c316391562f81abd6b76710f7f48aad1fe89065d5d5e1c0cfab944d0da4c4c05,raw,hardware-bringup
evidence/hardware-bringup/2026-08-15/main-two-hour-regression-001/logs/uart1-event-e2e-followup.txt,13695,cf5ef68fa97be896134ac966ce84ca0bc741fd89f40d07f06381a305e8db6fc4,txt,hardware-bringup
evidence/hardware-bringup/2026-08-15/main-two-hour-regression-001/logs/uart1-followup.raw,4218,2e31ebc4b41865ff9ff82b5ad6d3b1ed0e7c567bee19176ec15f0391c361e713,raw,hardware-bringup
evidence/hardware-bringup/2026-08-15/main-two-hour-regression-001/logs/uart1-followup.txt,12842,25258b4b7eef2d09a204e5953a27f13090d8e876616f0b18e999ad913569871e,txt,hardware-bringup
evidence/hardware-bringup/2026-08-15/main-two-hour-regression-001/logs/uart1-post-fix-event-persistence.txt,4610,48658cdc0f394dd67c42b09c249adce1e4ac29e2018954f1e5ae5cf3f2c1cbcd,txt,hardware-bringup
evidence/hardware-bringup/2026-08-15/main-two-hour-regression-001/logs/uart1-startup-probe.raw,0,e3b0c44298fc1c149afbf4c8996fb92427ae41e4649b934ca495991b7852b855,raw,hardware-bringup
evidence/hardware-bringup/2026-08-15/main-two-hour-regression-001/logs/uart1-startup-probe.txt,108,9084122d501aa3d832b2963dfb6ff37e3a07747903867d77184cf6827939096e,txt,hardware-bringup
evidence/hardware-bringup/2026-08-15/main-two-hour-regression-001/logs/uart3-closure.log,1553,7783ab15a5d4018f39d2e0ee39f241f4a8603e6a3f986b8fe9863ec7535445fd,log,hardware-bringup
evidence/hardware-bringup/2026-08-15/main-two-hour-regression-001/logs/uart3-com7-event2-decode.log,318,2875fd1f41274e470d8dd630f55819fb0b7e72a0cc4fcad68ccbb783211d8e55,log,hardware-bringup
evidence/hardware-bringup/2026-08-15/main-two-hour-regression-001/logs/uart3-com7-event2-download.log,256,2d1bee49ca4ee74bdadbb2388e0f4e670622ef7fe66ad043abf40c6e48fb8049,log,hardware-bringup
evidence/hardware-bringup/2026-08-15/main-two-hour-regression-001/logs/uart3-event-1-download.log,194,38dfd3743c8937eb7f7a420ffd9f84a7c81602008cdd3db872a22d258a558d61,log,hardware-bringup
evidence/hardware-bringup/2026-08-15/main-two-hour-regression-001/logs/uart3-event2-info-probe.log,25,ab1eb38cedad50cab679c630cb149c16fb9d5ac07546d4e5f1c1d36e27de5ee5,log,hardware-bringup
evidence/hardware-bringup/2026-08-15/main-two-hour-regression-001/logs/uart3-health-closure.json,105,aafadddfb30cb323758572d4dcc08f093f5408d9fc3a2af3c3de07ff1c1407eb,json,hardware-bringup
evidence/hardware-bringup/2026-08-15/main-two-hour-regression-001/logs/uart3-info-closure.json,152,d2c65a2881ee0ccdaf5ef984d409066eb772c935ed1ef9d59bc76c97ea8fc839,json,hardware-bringup
evidence/hardware-bringup/2026-08-15/main-two-hour-regression-001/logs/uart3-ports-closure.json,325,2c13f69fc467911a42fbe70ba73fdbb0d9acbc90e645397e04fbb63c69acac9d,json,hardware-bringup
evidence/hardware-bringup/2026-08-15/main-two-hour-regression-001/logs/uart3-recovery-reset.log,601,dbd2c38d98619545508e4459c5360136614a4de19f7e7bee7377952bab83a7f4,log,hardware-bringup
evidence/hardware-bringup/2026-08-15/main-two-hour-regression-001/logs/uart3-ten-minute-health-observation.log,3185,dd6dda6ad68bbe0f2bbcb9ed5649148998594e027eab11e71e955df377e0f8d7,log,hardware-bringup
evidence/hardware-bringup/2026-08-15/main-two-hour-regression-001/logs/uart3-terp-post-main-program.log,766,2ccc864f4db6ca0ccfafc7db3d9e5459465e894731f16d16d55c05ac2b2db977,log,hardware-bringup
evidence/hardware-bringup/2026-08-15/main-two-hour-regression-001/logs/uart3-terp-readonly-preflight.log,780,1cc4aa70e92dae97afe3498af36b18401cbabfac775c2dd8a0063f5a4381eca2,log,hardware-bringup
evidence/hardware-bringup/2026-08-15/main-two-hour-regression-001/logs/uart3-time-get-closure.log,27,3e43c31f5c7f58b68b9435ffeceab84d65d6d286acdb3f3e224ee7d688103b22,log,hardware-bringup
evidence/hardware-bringup/2026-08-15/main-two-hour-regression-001/metadata.json,3340,d31a9a93a4bf3a9abe8ca66e20349e05ea81ac5fc2ecff058fb3ce2da679900c,json,hardware-bringup
evidence/hardware-bringup/2026-08-15/main-two-hour-regression-001/results/closure-results.json,2025,64813ad64c959d3e34a4a9f4071e047993fdb8f997322dcf6b182fbf681e43e0,json,hardware-bringup
evidence/hardware-bringup/2026-08-15/main-two-hour-regression-001/results/event-1-sha256.txt,313,bd3d9678be917c166316cbd1a56046fec1e6156515dc2f68ad1231f2ee9d2f3e,txt,hardware-bringup
evidence/hardware-bringup/2026-08-15/main-two-hour-regression-001/results/event-new-decode.json,390,0ee6f84f501a5c20dacc0b4c2ec5aadb5d5562941d4e88a1129caf64c522111a,json,hardware-bringup
evidence/hardware-bringup/2026-08-15/main-two-hour-regression-001/results/event-new-download.json,119,f1bc5e3bbba2e46c85cc710130d6d9a933ff87a8352d7cafd24588b9576f9e9a,json,hardware-bringup
evidence/hardware-bringup/2026-08-15/main-two-hour-regression-001/results/event-new.sha256,313,6c0cb857e724643f63f942ac3dd43b52eb051c4d49857339fdbb3d9f9145572e,sha256,hardware-bringup
evidence/hardware-bringup/2026-08-15/main-two-hour-regression-001/results/gate-results.json,5033,2a0d289c4209df0bafd68470ebaa7a9b17487e7788b62a2dbf66775dece501e1,json,hardware-bringup
evidence/hardware-bringup/2026-08-15/main-two-hour-regression-001/results/main-final-verification.json,1121,c34e39d76347489fd527148d1b3c4b934181bf8442a1d66eb823f2ae1ce6c5ca,json,hardware-bringup
evidence/hardware-bringup/2026-08-15/main-two-hour-regression-001/results/terp-handle-reconnect-20/iteration-01.json,255,d33a4b1ebaef01429a297eb760ca971cec8fbd6385c3a34a78cc14b24bb63baf,json,hardware-bringup
evidence/hardware-bringup/2026-08-15/main-two-hour-regression-001/results/terp-handle-reconnect-20/iteration-02.json,255,4291e25aaabf5386368ad2491f912a70778a3da07a12082e9f5aaca0a86cfaed,json,hardware-bringup
evidence/hardware-bringup/2026-08-15/main-two-hour-regression-001/results/terp-handle-reconnect-20/iteration-03.json,255,1455e59eed336ab2afe8694b9abb35c8c87aa9eb6fedb486740eabf0dbac1f80,json,hardware-bringup
evidence/hardware-bringup/2026-08-15/main-two-hour-regression-001/results/terp-handle-reconnect-20/iteration-04.json,255,46a968828c51c04d95bf4a50c1df01cefc9aa7f624c32130bf9d085cbb12cb8e,json,hardware-bringup
evidence/hardware-bringup/2026-08-15/main-two-hour-regression-001/results/terp-handle-reconnect-20/iteration-05.json,255,2d15e9efafae7b95f9292aec0e7e5006568118722c72211e4035485533983f39,json,hardware-bringup
evidence/hardware-bringup/2026-08-15/main-two-hour-regression-001/results/terp-handle-reconnect-20/iteration-06.json,255,67f44281cd3966e981e5c4e5212d5ae68fb2bd26ef8cdaaa0bd5085ecc6cfe28,json,hardware-bringup
evidence/hardware-bringup/2026-08-15/main-two-hour-regression-001/results/terp-handle-reconnect-20/iteration-07.json,255,0ba42d4af38976513db603188485e558fd66fc05cd231bb7c2fbe4d201364cba,json,hardware-bringup
evidence/hardware-bringup/2026-08-15/main-two-hour-regression-001/results/terp-handle-reconnect-20/iteration-08.json,255,02e97887e6e3f364d7cf5834ea575c14216c5dff27cdea36077692cfcddeed73,json,hardware-bringup
evidence/hardware-bringup/2026-08-15/main-two-hour-regression-001/results/terp-handle-reconnect-20/iteration-09.json,255,28fa34cb132bfcef784fce1d1547f5f60c8c933fed68383a47240bb5f697227a,json,hardware-bringup
evidence/hardware-bringup/2026-08-15/main-two-hour-regression-001/results/terp-handle-reconnect-20/iteration-10.json,256,714c3c37d83f860abdc46fd3db0da6921c61ebdac50ff5d15f0565fa56db33fa,json,hardware-bringup
evidence/hardware-bringup/2026-08-15/main-two-hour-regression-001/results/terp-handle-reconnect-20/iteration-11.json,256,e5d195409b46a8f76df32cece1c895454f9076b1c7e294bb31268240c818515d,json,hardware-bringup
evidence/hardware-bringup/2026-08-15/main-two-hour-regression-001/results/terp-handle-reconnect-20/iteration-12.json,256,57940f1c6d1a923294bbe9505a29787fe7ac11de557eb9e7cb304c851fdfeba0,json,hardware-bringup
evidence/hardware-bringup/2026-08-15/main-two-hour-regression-001/results/terp-handle-reconnect-20/iteration-13.json,256,d0a816919a809911727d7fb345316d1d0edb06b4ce9cd6f459b5f0966460059e,json,hardware-bringup
evidence/hardware-bringup/2026-08-15/main-two-hour-regression-001/results/terp-handle-reconnect-20/iteration-14.json,256,7e21d41797a59444b3881d9437580367fe1ba9f94d0739309f1b5df003ff572a,json,hardware-bringup
evidence/hardware-bringup/2026-08-15/main-two-hour-regression-001/results/terp-handle-reconnect-20/iteration-15.json,256,47d6c3d6022142a23e13be53d0d4258354ea08516e14a55690183d44fa5600cf,json,hardware-bringup
evidence/hardware-bringup/2026-08-15/main-two-hour-regression-001/results/terp-handle-reconnect-20/iteration-16.json,256,321154c14dd425327a9e4cca959f7baec526cc25a911ea65f0a36cb28a7538f0,json,hardware-bringup
evidence/hardware-bringup/2026-08-15/main-two-hour-regression-001/results/terp-handle-reconnect-20/iteration-17.json,256,fd37f629b1df03f54bff14929ad400f3a78669a8cd131bc26e611b52432aa13c,json,hardware-bringup
evidence/hardware-bringup/2026-08-15/main-two-hour-regression-001/results/terp-handle-reconnect-20/iteration-18.json,256,9f5cd9959270d583c2b155c248924c0e8a12f978a233ebbb8130e491aa5133d9,json,hardware-bringup
evidence/hardware-bringup/2026-08-15/main-two-hour-regression-001/results/terp-handle-reconnect-20/iteration-19.json,256,bbcccfb9291433fc99b265053801678bb7ef502629e0143268d3debd4047d5ef,json,hardware-bringup
evidence/hardware-bringup/2026-08-15/main-two-hour-regression-001/results/terp-handle-reconnect-20/iteration-20.json,256,245f845ae7f7cfa7e35c4fb3cbb16fadb9d5deade89c7efe5ffcc3bdb3a32b1a,json,hardware-bringup
evidence/hardware-bringup/2026-08-15/main-two-hour-regression-001/results/terp-handle-reconnect-20/results.json,6404,e481dc7b45d9ebf325062445cde92a0c30d252a54c9267bd4fd05cba7ef26d97,json,hardware-bringup
evidence/hardware-bringup/2026-08-15/main-two-hour-regression-001/results/terp-physical-matrix-dry-run/results.json,766,0a9c76406084fb1f71425f57057d5a143b1c55dd24170e439395e7690a3aa2a9,json,hardware-bringup
evidence/hardware-bringup/2026-08-15/main-two-hour-regression-001/results/terp-physical-matrix-dry-run/round-01.json,285,61f1403e96b5275721725c3fc2b918034e3fb11c7eae69360f8bb2b1be5833a5,json,hardware-bringup
evidence/hardware-bringup/2026-08-15/main-two-hour-regression-001/results/uart3-events-list.json,153,63d9f3d42fa61b5bd8cf5e26ebad135fef152059744015231620c99d97c71a2a,json,hardware-bringup
evidence/hardware-bringup/2026-08-15/main-two-hour-regression-001/summary.md,5245,4a45b6e5ca66852afd193521b63135c6ce15b635cdc50816c11de34aa154071f,md,hardware-bringup
evidence/hardware-bringup/2026-08-15/main-two-hour-regression-001/swd/backup-path-probe-result.txt,204,895339b799779d1780d09c5ac6c76f6ae6f4a15b79580c806991be2b92e6a94f,txt,hardware-bringup
evidence/hardware-bringup/2026-08-15/main-two-hour-regression-001/swd/backup-path-probe.log,1215,870b13cc4360c6d70ee85b0ac904597b0ed847b3c34ce8eaf918bc5599a0894a,log,hardware-bringup
evidence/hardware-bringup/2026-08-15/main-two-hour-regression-001/swd/identity-before-program.log,639,fec6ffe25d087ae95bcd6324b815e3002e7dcbf662bddedac9d1a14c7c56342a,log,hardware-bringup
evidence/hardware-bringup/2026-08-15/main-two-hour-regression-001/swd/internal-flash-backup-ascii-path.log,2804,eef35121d58aed3b30cdf2669283276e8e829d01935f7be117b51bc420119309,log,hardware-bringup
evidence/hardware-bringup/2026-08-15/main-two-hour-regression-001/swd/internal-flash-backup-hashes-ascii-path.txt,417,d3bb0d5045c301e3c096ced177e0de1f3f0f36b4e2cfdc61f69212004f44fce5,txt,hardware-bringup
evidence/hardware-bringup/2026-08-15/main-two-hour-regression-001/swd/internal-flash-backup.log,314,bc7fc6abbabc1befe3e301ea545630923f292e6e101ea984b90766c125794c66,log,hardware-bringup
evidence/hardware-bringup/2026-08-15/main-two-hour-regression-001/swd/program-main.log,1804,a7f94cc9893a40d509de7aa335cf9a611e1b0a211fb9820c3a3930073640ea36,log,hardware-bringup
evidence/hardware-bringup/2026-08-15/main-two-hour-regression-001/swd/uart1-followup-reset.log,601,dbd2c38d98619545508e4459c5360136614a4de19f7e7bee7377952bab83a7f4,log,hardware-bringup
evidence/hardware-bringup/2026-08-15/main-two-hour-regression-001/swd/uart1-startup-reset.log,601,dbd2c38d98619545508e4459c5360136614a4de19f7e7bee7377952bab83a7f4,log,hardware-bringup
evidence/hardware-bringup/2026-08-16/ai-model-integration/summary.md,1462,8c37f02ee0920a045944ff411528797b82cfcfb641bf8a00cf0eb34807a98cbe,md,hardware-bringup
evidence/hardware-bringup/2026-08-16/batch-41-analysis/correction.md,549,b09ab3bbad788c148a5e0f660aee998bf882db7d46d57f81e6a90b965fa2204f,md,hardware-bringup
evidence/hardware-bringup/2026-08-16/batch-41-analysis/event-quality-review.csv,8781,02df6cdbdae8261c628fd080a070eea620d3df56ffbf78fa33a8ae6f8e53625f,csv,hardware-bringup
evidence/hardware-bringup/2026-08-16/batch-41-analysis/summary.md,2551,024944b8b340735a6f09a2d2fe666321bc69374249b2710890359e3eab8e8638,md,hardware-bringup
evidence/hardware-bringup/2026-08-16/batch-46-64-analysis/event-quality-review.csv,3931,19c74938cda73470ca8c11ee837396409f79abf8bce8416b455dba2341d0bbd8,csv,hardware-bringup
evidence/hardware-bringup/2026-08-16/batch-46-64-analysis/summary.md,2936,e6499bca92a302c26d0fafaa4498a7f0ba931eb0f131061d4fa4d2292627303e,md,hardware-bringup
evidence/hardware-bringup/2026-08-16/batch-66-90-analysis/event-quality-review.csv,5108,9090d606f424df8721ca7168bbb059b79df705cc135a7504969dbc743d7d846e,csv,hardware-bringup
evidence/hardware-bringup/2026-08-16/batch-66-90-analysis/pilot-baseline-config.yaml,317,82e5cca93b4ce8b359d4dc3e88490e183dfeb4b83c9a5a5733ed4940a8b2fdcf,yaml,hardware-bringup
evidence/hardware-bringup/2026-08-16/batch-66-90-analysis/pilot-baseline-results.json,959,f48169f0052093578c1b3a9a192d6f070105cb0c1d5cc4f4bb674b99879d7d3b,json,hardware-bringup
evidence/hardware-bringup/2026-08-16/batch-66-90-analysis/summary.md,2567,87093854df591b2e061231ada32e91708ad391d47e0a2583ff48e01dac254d71,md,hardware-bringup
evidence/hardware-bringup/2026-08-16/current-icm-orientation-readonly.md,2157,8b2f2cb3aee86fcc39d1a97d4fcfe43d4847da4a15e1ee225c071867063b2fb9,md,hardware-bringup
evidence/hardware-bringup/2026-08-16/main-program-001/event-4-static-analysis.md,1373,729662b8ceea5f9a7d4968f2251b4ccf331bfc0bcd9c78920dab0a2de90c8561,md,hardware-bringup
evidence/hardware-bringup/2026-08-16/main-program-001/summary.md,1893,21a960b4420228c48c9dd1557c19d07c06d7f01a3ace8ce9ed84070829dfff7f,md,hardware-bringup
evidence/hardware-bringup/2026-08-16/manual-trigger-delay/flash-summary.md,758,ea0f77fd450175e41fc320edb9f87fc19f0dd3df5485739ed279e33edbdee5a0,md,hardware-bringup
evidence/hardware-bringup/2026-08-16/manual-trigger-delay/summary.md,1234,cd92cd61b1b9f333c689b37281e745d75fd7a8c992d28434b22f3096b420ce5c,md,hardware-bringup
evidence/hardware-bringup/2026-08-17/ai-pilot-hil/logs/uart1-ai-closeout.txt,1574,0ae046ff01ed6957eddac0558114eaf3922b423eff580449956972cfaef25310,txt,hardware-bringup
evidence/hardware-bringup/2026-08-17/ai-pilot-hil/logs/uart1-format.log,4716,848de65aa566b9e68372534e810c84276690fa1567f5eb27dc0a7e51cceda75d,log,hardware-bringup
evidence/hardware-bringup/2026-08-17/ai-pilot-hil/logs/uart1-static-committed.log,4685,7fc89daf1f14e894e9f5f22057164803f912f64d5eae8771b492511e2e67054a,log,hardware-bringup
evidence/hardware-bringup/2026-08-17/ai-pilot-hil/logs/uart1-static-first.log,4478,c4118822d5856b5b80b99d67aecc30ef54bcc8a249afde02739dc20a3870ba58,log,hardware-bringup
evidence/hardware-bringup/2026-08-17/ai-pilot-hil/summary.md,3362,4480d2d6d509dfac12984c90f4c4d1ec115df7a111a06b9e05b8039040bb31ab,md,hardware-bringup
evidence/hardware-bringup/2026-08-18/core-acceptance-g0/cold-boot-10-final/observations.jsonl,4486,0eb3174e166b0db3f353ecb0297eac2d8fe1db0e1cc969ce8a04d9ea0717b396,jsonl,hardware-bringup
evidence/hardware-bringup/2026-08-18/core-acceptance-g0/cold-boot-10-final/run-summary.json,1629,244745ab003da42fb9903936c91a945a83f91fafed5a5c53d9ffcc0c5ad28df2,json,hardware-bringup
evidence/hardware-bringup/2026-08-18/core-acceptance-g0/cold-boot-10-final/uart3-cold-boot.frames.jsonl,3915,d4acef1a4989aba8521e5d6e77e14a78f29a2570e55c36d065e37a470ea1c619,jsonl,hardware-bringup
evidence/hardware-bringup/2026-08-18/core-acceptance-g0/cold-boot-10-final/uart3-cold-boot.raw.jsonl,5445,9cf334f04772470657a1414a64204cd2a559be978d7611a29851188a2270306e,jsonl,hardware-bringup
evidence/hardware-bringup/2026-08-18/core-acceptance-g0/cold-boot-10-formal/observations.jsonl,5106,fe47f44688593a6fc2e9fdb441dd8eb8bd81e56adb4ce5dc6e72c54aeaf2078b,jsonl,hardware-bringup
evidence/hardware-bringup/2026-08-18/core-acceptance-g0/cold-boot-10-formal/uart3-cold-boot.frames.jsonl,8995,82a3fdf5bd0289996a2b91aa5634d2d7bf2dbb35c6a07c94da5bd42a9a7ea289,jsonl,hardware-bringup
evidence/hardware-bringup/2026-08-18/core-acceptance-g0/cold-boot-10-manual/round-01.json,1083,3d785b1803f4b005facdb635c49d4ef17d787b7653cb25ec326f30e0089023c1,json,hardware-bringup
evidence/hardware-bringup/2026-08-18/core-acceptance-g0/cold-boot-10-manual/round-02.json,1083,0105c145a0ff7fbcef9d6a22e644292e4f3d5859cb705fa9228ee15eefff5b5b,json,hardware-bringup
evidence/hardware-bringup/2026-08-18/core-acceptance-g0/cold-boot-10-manual/round-03-redo.json,1099,7f6900668927e4e0ef00a75b373bf696e5029790acf9b36228b8c1fb9203f51a,json,hardware-bringup
evidence/hardware-bringup/2026-08-18/core-acceptance-g0/cold-boot-10-manual/round-04.json,1083,523b322e9f0ef46b9ace865d270618c358e618208baab31403bd14e01aa03673,json,hardware-bringup
evidence/hardware-bringup/2026-08-18/core-acceptance-g0/cold-boot-10-manual/round-05.json,1083,304135b2e56b5c6cd77c7cab44332a81c8f59ec09758901695e3ae56d233788f,json,hardware-bringup
evidence/hardware-bringup/2026-08-18/core-acceptance-g0/cold-boot-10-manual/round-06.json,1083,d93eab35123357ee7b69e3153f90283b27443c0617c3d5b3f31b22c8fa725e5a,json,hardware-bringup
evidence/hardware-bringup/2026-08-18/core-acceptance-g0/cold-boot-10-manual/round-07.json,1083,73e18b9c080a0fd0ee63b2f48518862be7bb65893658dccfffcbed9eb20a14e3,json,hardware-bringup
evidence/hardware-bringup/2026-08-18/core-acceptance-g0/cold-boot-10-manual/round-08.json,1083,25dff25ba2efd41566622131e81083d076753513fb2fb625cd60520e4710c4e1,json,hardware-bringup
evidence/hardware-bringup/2026-08-18/core-acceptance-g0/cold-boot-10-manual/round-09.json,1083,bc1145f26ec8e53956d507ceb9d037f132cd7092a355d10e23bdbd2cf33c895c,json,hardware-bringup
evidence/hardware-bringup/2026-08-18/core-acceptance-g0/cold-boot-10-manual/round-10.json,1084,e370cd055b1aca10fa4d8256ddcbb26d65cbe555b9674994c570415e8450d364,json,hardware-bringup
evidence/hardware-bringup/2026-08-18/core-acceptance-g0/cold-boot-10-manual/rounds.jsonl,7941,fd4fa9e863c3248dd018b26f5defca0a99bece4b1b35181ad466c98edc184028,jsonl,hardware-bringup
evidence/hardware-bringup/2026-08-18/core-acceptance-g0/cold-boot-10-manual/run-summary.json,4010,139a5047c634e61f1c5ef6a46cf3b46902ff26ebb447e0517ae8aba85a980c4f,json,hardware-bringup
evidence/hardware-bringup/2026-08-18/core-acceptance-g0/cold-boot-10-manual/uart3-cold-boot.frames.jsonl,12520,c5d2ee4a26b820b569c9cdd75779bc830cb008d81754986f7a0a5cb36f18e7db,jsonl,hardware-bringup
evidence/hardware-bringup/2026-08-18/core-acceptance-g0/cold-boot-10/observations.jsonl,14202,7197715c6f2c46c77c7e84048245aa0155e3c77630443c2152d63b6d5a744158,jsonl,hardware-bringup
evidence/hardware-bringup/2026-08-18/core-acceptance-g0/cold-boot-10/run-summary.json,2690,e95b4fb155f220b488c1ee31fa9dbf61a5aea3db330fa41c2531ec3cbc74e016,json,hardware-bringup
evidence/hardware-bringup/2026-08-18/core-acceptance-g0/cold-boot-10/uart3-cold-boot.frames.jsonl,23042,be18ff774104fbeeea002401e62cdf59bdad9ec51a9a7dde492ed5375facaeb1,jsonl,hardware-bringup
evidence/hardware-bringup/2026-08-18/core-acceptance-g0/cold-boot-10/uart3-cold-boot.raw.jsonl,43421,995f562bd30f8cd1ab7eebeb7b55aa4a41d6904cdce225d359748bccaa762246,jsonl,hardware-bringup
evidence/hardware-bringup/2026-08-18/core-acceptance-g0/internal-flash-before.log,3956,1162052de04e7f6b8f002768f03fb1714e2fb4a344d5792f8a302046fbc76ee0,log,hardware-bringup
evidence/hardware-bringup/2026-08-18/core-acceptance-g0/metadata.json,4741,7ae433b08061147d1234016ee8d383c9c74f89107824b270c9beb606c5a75627,json,hardware-bringup
evidence/hardware-bringup/2026-08-18/core-acceptance-g0/program-release.log,10901,55186fae7c82faf84231cd2c45b417e5cf9d9a9bc238915a801a4b3c03d43091,log,hardware-bringup
evidence/hardware-bringup/2026-08-18/core-acceptance-g0/run-tests-release.log,6797,9db2d198c6d9fe55032a6b0beead54a3b39258d009ec69a24b590cab2139f477,log,hardware-bringup
evidence/hardware-bringup/2026-08-18/core-acceptance-g0/summary.md,3455,2998c23b686c5d287f8f50c0b3e8767c16ddfca43e37892c4bd79166276a64ed,md,hardware-bringup
evidence/hardware-bringup/2026-08-18/core-acceptance-g1/gdb-controlled-model-failure-after-power-cycle.log,251,c7cbe728540645caa5b4bca1663041d5bad9979707d2d9e1267bbf4104bd8a5d,log,hardware-bringup
evidence/hardware-bringup/2026-08-18/core-acceptance-g1/gdb-controlled-model-failure-after-reset.log,1515,ebcf262f367bc5b8cce4604b69326177fe21936e291600dd655878209340cafc,log,hardware-bringup
evidence/hardware-bringup/2026-08-18/core-acceptance-g1/gdb-controlled-model-failure-booted.log,178,45c5e7a403ea3056f79118e6d661704ac9442df70af01fb4bb514768cffb4a56,log,hardware-bringup
evidence/hardware-bringup/2026-08-18/core-acceptance-g1/gdb-controlled-model-failure.log,1631,62761af03559f7b34bb3aeefeeb3dc49f0991e02b16f9a041050b04ab5b4ecdc,log,hardware-bringup
evidence/hardware-bringup/2026-08-18/core-acceptance-g1/gdbserver-after-power-cycle.log,0,e3b0c44298fc1c149afbf4c8996fb92427ae41e4649b934ca495991b7852b855,log,hardware-bringup
evidence/hardware-bringup/2026-08-18/core-acceptance-g1/gdbserver-after-reset.log,0,e3b0c44298fc1c149afbf4c8996fb92427ae41e4649b934ca495991b7852b855,log,hardware-bringup
evidence/hardware-bringup/2026-08-18/core-acceptance-g1/gdbserver.log,0,e3b0c44298fc1c149afbf4c8996fb92427ae41e4649b934ca495991b7852b855,log,hardware-bringup
evidence/hardware-bringup/2026-08-18/core-acceptance-g1/merged-main-reflash/cubeprogrammer-program.log,1675,6e0f4d80ccd101226e1306c0a42784472359537164fb79e58cd984150300e769,log,hardware-bringup
evidence/hardware-bringup/2026-08-18/core-acceptance-g1/metadata.json,16805,9b9da30aef5ab464d10bd635240e013780e36f47b31c35c8777754618749dba3,json,hardware-bringup
evidence/hardware-bringup/2026-08-18/core-acceptance-g1/model-a-v2.trmd,510,0840cc6cfd2cd38d2acff6eb6956e60cb3a7da7259e3934a700d653c53f2729c,trmd,hardware-bringup
evidence/hardware-bringup/2026-08-18/core-acceptance-g1/model-b-v3.trmd,510,e3dc4eda4cd38e4455fabb57732223a51408dbbf020fcf5bfba07bfc250ae110,trmd,hardware-bringup
evidence/hardware-bringup/2026-08-18/core-acceptance-g1/model-ota-activation-logged-main/run-summary.json,8196,e5b8e48d5b32eb1da09ed4ba948ce986d32a0e3c9ff5ec30d22b81aa607c73f0,json,hardware-bringup
evidence/hardware-bringup/2026-08-18/core-acceptance-g1/model-ota-activation-logged-main/uart3-activation.raw.log,48764,bea122c271a9a2af1f1eb64ed355cd0307f89aaa63b63da4481be60c0564b6e1,log,hardware-bringup
evidence/hardware-bringup/2026-08-18/core-acceptance-g1/model-ota-activation-logged-main/uart3-frames.jsonl,20483,0d8261b30d7d728bfd420d4b7a0f4a558d7b0b27524c78cbbf6f4730296da29e,jsonl,hardware-bringup
evidence/hardware-bringup/2026-08-18/core-acceptance-g1/model-ota-activation-logged/run-summary.json,6766,b97cbad2be0026f1100bba072fff7b57fb2fd0b9373eb15e7873701edeee54dd,json,hardware-bringup
evidence/hardware-bringup/2026-08-18/core-acceptance-g1/model-ota-activation-logged/uart3-activation.raw.log,48741,9d693488f130eb9168d11f1bfa336646f27bdf1b7eff6054a8f1d0f0333c26ca,log,hardware-bringup
evidence/hardware-bringup/2026-08-18/core-acceptance-g1/model-ota-activation-logged/uart3-frames.jsonl,20483,0d8261b30d7d728bfd420d4b7a0f4a558d7b0b27524c78cbbf6f4730296da29e,jsonl,hardware-bringup
evidence/hardware-bringup/2026-08-18/core-acceptance-g1/stlink-controlled-model-failure.log,2623,4eaa6e28e336416a39ec19932d38d80a70dbf6ea5c636195e1c0c6e17cfbbaae,log,hardware-bringup
evidence/hardware-bringup/2026-08-18/core-acceptance-g1/stlink-controlled-model-failure/ai-result.json,307,6a7df3056692e7fbf5d62e44760e3765494043cb4083c3c34dcf9d3d5c16afc3,json,hardware-bringup
evidence/hardware-bringup/2026-08-18/core-acceptance-g1/stlink-controlled-model-failure/event-comparison.json,3286,3d7d48e5b3729671824484a660e843d1fb7623e0e7eb24f2212baf802e1f908c,json,hardware-bringup
evidence/hardware-bringup/2026-08-18/core-acceptance-g1/stlink-controlled-model-failure/event-info.json,75,2713579511444cd957f27791eaaa69683993c7493eb6971646bd223095f7a692,json,hardware-bringup
evidence/hardware-bringup/2026-08-18/core-acceptance-g1/stlink-controlled-model-failure/events-list.json,4162,ab794c90a0e107bdfafd1c987b5433a27d10d7bae1e82a105fc602b171908bfe,json,hardware-bringup
evidence/hardware-bringup/2026-08-18/core-acceptance-g1/stlink-controlled-model-failure/host-replay/events/recorder-001/39.terp-event,38560,cd30bc5a5b01058d9fcee7cf5a4383711c02e8b79e601260120e7afc7ff545e5,terp-event,hardware-bringup
evidence/hardware-bringup/2026-08-18/core-acceptance-g1/stlink-controlled-model-failure/host-replay/exports/39.json,1585,7cf375ad076b7c56a0c39eb7a7d71424c5cd73cfd93f6b50b349e71afa066986,json,hardware-bringup
evidence/hardware-bringup/2026-08-18/core-acceptance-g1/stlink-controlled-model-failure/host-replay/recorder.db,36864,1455892a89bbcc567000562a10e4ac86b320b16a4a9c123ca48ef566185afe8b,db,hardware-bringup
evidence/hardware-bringup/2026-08-18/core-acceptance-g1/stlink-controlled-model-failure/raw-events/39.terp-event,38560,cd30bc5a5b01058d9fcee7cf5a4383711c02e8b79e601260120e7afc7ff545e5,terp-event,hardware-bringup
evidence/hardware-bringup/2026-08-18/core-acceptance-g1/stlink-controlled-model-failure/recovery-after-power-cycle.json,1315,c8d978e79218a9a2c51658215aec2fb8da45029d73351526eaa20874a712e6f2,json,hardware-bringup
evidence/hardware-bringup/2026-08-18/core-acceptance-g1/stlink-controlled-model-failure/run-summary.json,5483,1d62eee82b53831e9fb6cecd06b9f1c5c4a3fd5785223056664ec50d8764b0b3,json,hardware-bringup
evidence/hardware-bringup/2026-08-18/core-acceptance-g1/stlink-controlled-model-failure/uart3-frames.jsonl,3531,470d745afe8826bb2f439f828acb17bef355e99d21fa102435deceae02866eb3,jsonl,hardware-bringup
evidence/hardware-bringup/2026-08-18/core-acceptance-g1/stlink-controlled-model-failure/uart3-raw-io.jsonl,63202,8d49c292142bad3b725b0b6d064f1f3a253a6f5a59fddf6372e4e3c9d41cff37,jsonl,hardware-bringup
evidence/hardware-bringup/2026-08-18/core-acceptance-g1/summary.md,9184,6e315246dac99f1723853fb05959eb860029bffbe8011dd9b6cc4a44884a1737,md,hardware-bringup
evidence/hardware-bringup/2026-08-18/core-acceptance-g1/uart1-event-boundary/run-summary.json,31218,cb660c6792d9b76864262ba228abe8662629d47b0a67ab6487c9cac529ed4723,json,hardware-bringup
evidence/hardware-bringup/2026-08-18/core-acceptance-g1/uart1-event-boundary/uart1-event-boundary.console.log,64417,072ed37ce531ffb2ac64b487de69dd73ad7aa843da716429169e8a19da37274c,log,hardware-bringup
evidence/hardware-bringup/2026-08-18/core-acceptance-g1/uart1-event-boundary/uart1-event-boundary.raw.bin,54704,811584e4640d0de7ca4685b2d30df5e471ffeb48b349bcda227d6915e7568253,bin,hardware-bringup
evidence/hardware-bringup/2026-08-18/core-acceptance-g1/uart1-finsh-followup/run-summary.json,6371,3feea3386a9e96dc7f5010a84288fa3f81a5243cef95421e74cf66cf1885e484,json,hardware-bringup
evidence/hardware-bringup/2026-08-18/core-acceptance-g1/uart1-finsh-followup/uart1-finsh.console.log,4962,2d981cf366e7c888428753566ea0652a200a220f85c6a84aa2d9faa08f1e0b73,log,hardware-bringup
evidence/hardware-bringup/2026-08-18/core-acceptance-g1/uart1-finsh-followup/uart1-finsh.raw.bin,4505,07fcf7bea829cb68385c1a6809e16f62da8bed47b01f5aa062ee989a60233bd4,bin,hardware-bringup
evidence/hardware-bringup/2026-08-18/core-acceptance-g1/uart1-postload/run-summary.json,4608,69b40e6a18df6ea0f6b3e8623f179c891a3ed8663156e60058914884b030700a,json,hardware-bringup
evidence/hardware-bringup/2026-08-18/core-acceptance-g1/uart1-postload/uart1-postload.console.log,3594,f9ef964c84d66cbd48ec4a034e295993740ba115d186ab6cbf7d467f4e837189,log,hardware-bringup
evidence/hardware-bringup/2026-08-18/core-acceptance-g1/uart1-postload/uart1-postload.raw.bin,3205,30875b9f66552d56e6c1490c0503777c71a2d31a30424b9f4b5d52aa0a5dd6e1,bin,hardware-bringup
evidence/hardware-bringup/2026-08-18/core-acceptance-g1/uart1-software-reset-remount/run-summary.json,6017,54a3e27ebebea8cf6d2c7ec8d827b1cada66907f94b3c4294a67e3af03e579a6,json,hardware-bringup
evidence/hardware-bringup/2026-08-18/core-acceptance-g1/uart1-software-reset-remount/uart1-software-reset-remount.console.log,4942,78d0b11f501f44180d440cb41a2768f9fe675622bb8cb59454413e98d83e4529,log,hardware-bringup
evidence/hardware-bringup/2026-08-18/core-acceptance-g1/uart1-software-reset-remount/uart1-software-reset-remount.raw.bin,3761,e0e1abbbae2f1e59452e7fb2340c9d0269568736d7888feb3def743497d44fa4,bin,hardware-bringup
evidence/hardware-bringup/2026-08-18/core-acceptance-g1/uart3-event-readback-logged/ai-results.jsonl,10283,6dc222dd11900de7b4e204cb751bcec45c7af63da2edb2b48c5567cf9fd831c1,jsonl,hardware-bringup
evidence/hardware-bringup/2026-08-18/core-acceptance-g1/uart3-event-readback-logged/event-comparison.jsonl,47512,4b8acd841585c0439febfddcec8402af4078cacf40ca2944d61440db32278b5d,jsonl,hardware-bringup
evidence/hardware-bringup/2026-08-18/core-acceptance-g1/uart3-event-readback-logged/events-list.json,8329,1a94aa0f1cb8f2b52b356259b2fc27859ffa2152a91700b34d495b0020d8a071,json,hardware-bringup
evidence/hardware-bringup/2026-08-18/core-acceptance-g1/uart3-event-readback-logged/host-replay/events/recorder-001/10.terp-event,38560,8d8010a3a0aa6e9196f2ebab8d170089a09b0a8fd285ec685ccf6c85b6fe0551,terp-event,hardware-bringup
evidence/hardware-bringup/2026-08-18/core-acceptance-g1/uart3-event-readback-logged/host-replay/events/recorder-001/11.terp-event,38560,0fcb3aba08966492c83dd757197c1184d958e08f41937731e85ef00753d57995,terp-event,hardware-bringup
evidence/hardware-bringup/2026-08-18/core-acceptance-g1/uart3-event-readback-logged/host-replay/events/recorder-001/12.terp-event,38560,39eb0ba99e0effe7f71b7d7d8e3d38108532e527e1c44bb1b0adeeb15d2c7556,terp-event,hardware-bringup
evidence/hardware-bringup/2026-08-18/core-acceptance-g1/uart3-event-readback-logged/host-replay/events/recorder-001/13.terp-event,38560,de1aa524ee237de32f6a70b5c47dc0e336541e8bb39b32abcf6e1302c21d5475,terp-event,hardware-bringup
evidence/hardware-bringup/2026-08-18/core-acceptance-g1/uart3-event-readback-logged/host-replay/events/recorder-001/14.terp-event,38560,556068b8fc4afab5f0d676683876b42191d4b45453ffaed62e578b39064957fb,terp-event,hardware-bringup
evidence/hardware-bringup/2026-08-18/core-acceptance-g1/uart3-event-readback-logged/host-replay/events/recorder-001/15.terp-event,38560,631036f503425bc7288b71d86ce82939fbc745eca5e8e6c723f5b522b0c676df,terp-event,hardware-bringup
evidence/hardware-bringup/2026-08-18/core-acceptance-g1/uart3-event-readback-logged/host-replay/events/recorder-001/16.terp-event,38560,57e6c54c5b082b7fdebf6fa178f64bafa3465e3ceb6dbe0d19957cf1ab385301,terp-event,hardware-bringup
evidence/hardware-bringup/2026-08-18/core-acceptance-g1/uart3-event-readback-logged/host-replay/events/recorder-001/17.terp-event,38560,caa905c29b2c8e49bd75b7b0ae018e6348d20881374b6e38c18e73444be61694,terp-event,hardware-bringup
evidence/hardware-bringup/2026-08-18/core-acceptance-g1/uart3-event-readback-logged/host-replay/events/recorder-001/18.terp-event,38560,1b0d4d0ce891e261d191c3607e93e3aadf33d8b1fdf4f0567b33fd9fe7b38a4c,terp-event,hardware-bringup
evidence/hardware-bringup/2026-08-18/core-acceptance-g1/uart3-event-readback-logged/host-replay/events/recorder-001/19.terp-event,38560,d18355f391913267162b447a6e64f829de3051981bbd7f947b76e40e167f0f9d,terp-event,hardware-bringup
evidence/hardware-bringup/2026-08-18/core-acceptance-g1/uart3-event-readback-logged/host-replay/events/recorder-001/20.terp-event,38560,97f6b4b450d4a4df945c8bc4a906d1bdf7669ae0d4c86e56c54ff1c942d7a3a4,terp-event,hardware-bringup
evidence/hardware-bringup/2026-08-18/core-acceptance-g1/uart3-event-readback-logged/host-replay/events/recorder-001/21.terp-event,38560,1d454475cb0e4486a744cd7790a706e3b9a0c485d717b35239b95d7d1c764acc,terp-event,hardware-bringup
evidence/hardware-bringup/2026-08-18/core-acceptance-g1/uart3-event-readback-logged/host-replay/events/recorder-001/22.terp-event,38560,992b203971e407ff0d09dd2f917212352f5680587dbbcc51d2452c7928431d9e,terp-event,hardware-bringup
evidence/hardware-bringup/2026-08-18/core-acceptance-g1/uart3-event-readback-logged/host-replay/events/recorder-001/23.terp-event,38560,74dde6bb7f7afdb087af3be4548178ac64e7243288748726075c044ca2bf1b15,terp-event,hardware-bringup
evidence/hardware-bringup/2026-08-18/core-acceptance-g1/uart3-event-readback-logged/host-replay/events/recorder-001/24.terp-event,38560,8c34d33063acfcaa6326b0606596fb9694516adf3cce12690659170949ac3464,terp-event,hardware-bringup
evidence/hardware-bringup/2026-08-18/core-acceptance-g1/uart3-event-readback-logged/host-replay/events/recorder-001/25.terp-event,38560,42fab055cb9894ef77c1f7b38115d2a1312cf4dde45dbbbc899047930aeeda96,terp-event,hardware-bringup
evidence/hardware-bringup/2026-08-18/core-acceptance-g1/uart3-event-readback-logged/host-replay/events/recorder-001/26.terp-event,38560,57ee1e5721f1eaee6a234294468f8f0671f4022f29d7f20f6593db30f75e0c36,terp-event,hardware-bringup
evidence/hardware-bringup/2026-08-18/core-acceptance-g1/uart3-event-readback-logged/host-replay/events/recorder-001/27.terp-event,38560,fcf705f30439fc799c68e8bafa0802b27ae45bed85f94070b1e60fd0e1922777,terp-event,hardware-bringup
evidence/hardware-bringup/2026-08-18/core-acceptance-g1/uart3-event-readback-logged/host-replay/events/recorder-001/28.terp-event,38560,29ad61bd4a2a16859ef1a4511e55bc9a3939ef1ba3a7416f6a1e5234fb15e906,terp-event,hardware-bringup
evidence/hardware-bringup/2026-08-18/core-acceptance-g1/uart3-event-readback-logged/host-replay/events/recorder-001/29.terp-event,38560,a2894ef8f1ea16d01637a365a3d5dd2e8c4495c2fd189a7822105cb57a7b4cfe,terp-event,hardware-bringup
evidence/hardware-bringup/2026-08-18/core-acceptance-g1/uart3-event-readback-logged/host-replay/events/recorder-001/30.terp-event,38560,e221de037fbd92673efc78ebf3c9b36932a0464a81f9124fa2e3624541c55025,terp-event,hardware-bringup
evidence/hardware-bringup/2026-08-18/core-acceptance-g1/uart3-event-readback-logged/host-replay/events/recorder-001/31.terp-event,38560,8d867ac6717d7d660070c63418f34f5f4b940f40e335702a96008fdf302a5d3b,terp-event,hardware-bringup
evidence/hardware-bringup/2026-08-18/core-acceptance-g1/uart3-event-readback-logged/host-replay/events/recorder-001/32.terp-event,38560,339b7bad7149072b9add3717348c1de1e286de43d1ebc11be45cb6d2728a6c84,terp-event,hardware-bringup
evidence/hardware-bringup/2026-08-18/core-acceptance-g1/uart3-event-readback-logged/host-replay/events/recorder-001/33.terp-event,38560,fd0fd4f9595e21c4ffe0171d32af579fe42ae9eba18d472161c9e705f17cae76,terp-event,hardware-bringup
evidence/hardware-bringup/2026-08-18/core-acceptance-g1/uart3-event-readback-logged/host-replay/events/recorder-001/34.terp-event,38560,1451bcee0850dbdc914be8dcc0b41ff4738b0eba5aac1ed60b2ebf146b527c6e,terp-event,hardware-bringup
evidence/hardware-bringup/2026-08-18/core-acceptance-g1/uart3-event-readback-logged/host-replay/events/recorder-001/35.terp-event,38560,3fa07bd1e170b83182de87b277c3c20947fcc55990dbdfc5e3e7788692e774b8,terp-event,hardware-bringup
evidence/hardware-bringup/2026-08-18/core-acceptance-g1/uart3-event-readback-logged/host-replay/events/recorder-001/36.terp-event,38560,8c888361e554b42a2bc54745e136dbb2733c9f2fa710a244f9651ad508e1e840,terp-event,hardware-bringup
evidence/hardware-bringup/2026-08-18/core-acceptance-g1/uart3-event-readback-logged/host-replay/events/recorder-001/37.terp-event,38560,96067c0321595e7c348e41ff81b2820becc978688cf6691a3622a461267357dc,terp-event,hardware-bringup
evidence/hardware-bringup/2026-08-18/core-acceptance-g1/uart3-event-readback-logged/host-replay/events/recorder-001/38.terp-event,38560,f84f65dfb401a2265e7105b1101e578b5b0c6d83ccb928436b3f82f59c0ee30b,terp-event,hardware-bringup
evidence/hardware-bringup/2026-08-18/core-acceptance-g1/uart3-event-readback-logged/host-replay/events/recorder-001/6.terp-event,38560,6cc3152917076680393752957e6f86b294777b4d72d45e7f025e3653fd17000a,terp-event,hardware-bringup
evidence/hardware-bringup/2026-08-18/core-acceptance-g1/uart3-event-readback-logged/host-replay/events/recorder-001/7.terp-event,38560,bb205dc23dc84efdf7bfde4c252ac99c996448d241e2597f59d2fad2251defb2,terp-event,hardware-bringup
evidence/hardware-bringup/2026-08-18/core-acceptance-g1/uart3-event-readback-logged/host-replay/events/recorder-001/8.terp-event,38560,43d0d4d8ae0bf4c408b10246c06357404f4e131c4d306c53dba69d3e260e5aab,terp-event,hardware-bringup
evidence/hardware-bringup/2026-08-18/core-acceptance-g1/uart3-event-readback-logged/host-replay/events/recorder-001/9.terp-event,38560,a442061bc5bdc5807c744b7b55cedacdaa8f0c7aeea3ea74e973ba9f69502f83,terp-event,hardware-bringup
evidence/hardware-bringup/2026-08-18/core-acceptance-g1/uart3-event-readback-logged/host-replay/exports/10.json,1639,7fba7ed516c93265c7bede89a14f2fe71d2164cbd2599a38da9ed420839dd6d5,json,hardware-bringup
evidence/hardware-bringup/2026-08-18/core-acceptance-g1/uart3-event-readback-logged/host-replay/exports/11.json,1639,f1d0450efd6e1d99f4f37b0cf9fadeb0d4c90351e60956308fd0165593130ae4,json,hardware-bringup
evidence/hardware-bringup/2026-08-18/core-acceptance-g1/uart3-event-readback-logged/host-replay/exports/12.json,1639,aa843451c4a558b4bd9229694c1e21176fe76bc9a136d54c0d7cf6276a636156,json,hardware-bringup
evidence/hardware-bringup/2026-08-18/core-acceptance-g1/uart3-event-readback-logged/host-replay/exports/13.json,1638,ea4c63679294124f999d8b8924ca57c7f630b85c1cb0330f96881d78ed35c993,json,hardware-bringup
evidence/hardware-bringup/2026-08-18/core-acceptance-g1/uart3-event-readback-logged/host-replay/exports/14.json,1639,9a4dae64b57bb5ac61e8e86a657b8a356abb5d40d2a33475085f317980493db6,json,hardware-bringup
evidence/hardware-bringup/2026-08-18/core-acceptance-g1/uart3-event-readback-logged/host-replay/exports/15.json,1639,6ec739479224591ccf8854b454d21c3145c7dd9d82d232fa126151180be1e40a,json,hardware-bringup
evidence/hardware-bringup/2026-08-18/core-acceptance-g1/uart3-event-readback-logged/host-replay/exports/16.json,1639,566e2eb1d721d49e11a5ac753f90f56b7bf707a33b56f1f03c6217302df1440b,json,hardware-bringup
evidence/hardware-bringup/2026-08-18/core-acceptance-g1/uart3-event-readback-logged/host-replay/exports/17.json,1640,e88dc259be4d43707365e9b82fe290c89a403b5d12710c322d17c587f1d65c83,json,hardware-bringup
evidence/hardware-bringup/2026-08-18/core-acceptance-g1/uart3-event-readback-logged/host-replay/exports/18.json,1640,ab3173c08c1ab6e95574bdf946b288a2709f08f48cdbd564484b01622298063b,json,hardware-bringup
evidence/hardware-bringup/2026-08-18/core-acceptance-g1/uart3-event-readback-logged/host-replay/exports/19.json,1640,75bca76caa2a56dc564fa67835b5f2bf10d2214d58efc5d5cc391bae9098570e,json,hardware-bringup
evidence/hardware-bringup/2026-08-18/core-acceptance-g1/uart3-event-readback-logged/host-replay/exports/20.json,1640,7754125bcbf804c769b71eefd44148db1dd7330c07ba8a096ab820e22e631450,json,hardware-bringup
evidence/hardware-bringup/2026-08-18/core-acceptance-g1/uart3-event-readback-logged/host-replay/exports/21.json,1640,11e9a28f70ba7ee8307e5fbc8e994f1ebeaa503e6191beed3596a0df489b0616,json,hardware-bringup
evidence/hardware-bringup/2026-08-18/core-acceptance-g1/uart3-event-readback-logged/host-replay/exports/22.json,1640,0127d02b37c19db28ec50f70335f4d3be5a8570a6de27e7bdcae54865b2e665e,json,hardware-bringup
evidence/hardware-bringup/2026-08-18/core-acceptance-g1/uart3-event-readback-logged/host-replay/exports/23.json,1639,d0face5bec400bc4effa78cda7f9313e988cb71a61beaebee13d8a496b0b005d,json,hardware-bringup
evidence/hardware-bringup/2026-08-18/core-acceptance-g1/uart3-event-readback-logged/host-replay/exports/24.json,1640,67e0771ed771c8d9e08ff5d880bb99c6293963e18ef5442d9865cb5736ab9801,json,hardware-bringup
evidence/hardware-bringup/2026-08-18/core-acceptance-g1/uart3-event-readback-logged/host-replay/exports/25.json,1640,3193cfc1383e3a0f5910047ba804e6df173b77bc1a201195dba457e73eb5bc4b,json,hardware-bringup
evidence/hardware-bringup/2026-08-18/core-acceptance-g1/uart3-event-readback-logged/host-replay/exports/26.json,1640,fa639ea8ce6db20cea32d9305eb5937a1aadf67af8d19b6c1b5ce8af0145dbd4,json,hardware-bringup
evidence/hardware-bringup/2026-08-18/core-acceptance-g1/uart3-event-readback-logged/host-replay/exports/27.json,1640,030a97103ce421acb7b794411bfc0f7721b6351d45aae56b0e009ef4665e4fa7,json,hardware-bringup
evidence/hardware-bringup/2026-08-18/core-acceptance-g1/uart3-event-readback-logged/host-replay/exports/28.json,1640,fb4f2a3629cc097cdcb5cc44a6941fe07c54eb14a7534160a6f192b7d6db1979,json,hardware-bringup
evidence/hardware-bringup/2026-08-18/core-acceptance-g1/uart3-event-readback-logged/host-replay/exports/29.json,1640,97e6a5f5beab83fe77c5a6404197ab050b922811cef771cd00647d71799082aa,json,hardware-bringup
evidence/hardware-bringup/2026-08-18/core-acceptance-g1/uart3-event-readback-logged/host-replay/exports/30.json,1640,ca05ceb4c2d6e12d71c33512454ff3ee378909d4ae8173b32705fda4b97a24fd,json,hardware-bringup
evidence/hardware-bringup/2026-08-18/core-acceptance-g1/uart3-event-readback-logged/host-replay/exports/31.json,1638,8bb32b4c63dd11c49d2a784d8e425f4c9042ddbab2545f27a45dea1f4979771f,json,hardware-bringup
evidence/hardware-bringup/2026-08-18/core-acceptance-g1/uart3-event-readback-logged/host-replay/exports/32.json,1639,9bb0ecbf5bc83f48ab41e3d66bad41499dfe61ba487bd2c02c9495cff305097b,json,hardware-bringup
evidence/hardware-bringup/2026-08-18/core-acceptance-g1/uart3-event-readback-logged/host-replay/exports/33.json,1640,d70018e72c8dc5c3d22c92ffb4f8b4546b3cd2dd813871386ddd82ede746906a,json,hardware-bringup
evidence/hardware-bringup/2026-08-18/core-acceptance-g1/uart3-event-readback-logged/host-replay/exports/34.json,1640,36d41759b3734b14201e8ef2da9c14afc1705678c3d21b89cdae21f20a70fad1,json,hardware-bringup
evidence/hardware-bringup/2026-08-18/core-acceptance-g1/uart3-event-readback-logged/host-replay/exports/35.json,1640,59886e97bc2c4135ed3c5ccae324e22a1a788e640ee0eded7b8c27986e46367c,json,hardware-bringup
evidence/hardware-bringup/2026-08-18/core-acceptance-g1/uart3-event-readback-logged/host-replay/exports/36.json,1639,1bf54c66af39d788ce64d2c03972510410d99b988acd225565dd17cb7a0195df,json,hardware-bringup
evidence/hardware-bringup/2026-08-18/core-acceptance-g1/uart3-event-readback-logged/host-replay/exports/37.json,1639,1075010ca148a028192027f24c702b07fe9684bff057f5c60193c08936a91c38,json,hardware-bringup
evidence/hardware-bringup/2026-08-18/core-acceptance-g1/uart3-event-readback-logged/host-replay/exports/38.json,1639,267b1e311fba41521048d09be7676869b6b49a3f3b6d5ea0a63847b717c5202c,json,hardware-bringup
evidence/hardware-bringup/2026-08-18/core-acceptance-g1/uart3-event-readback-logged/host-replay/exports/6.json,1636,1424c3dd0dd67dce052c1e1a2920c07fae27419daf49508ee71313b28befe17c,json,hardware-bringup
evidence/hardware-bringup/2026-08-18/core-acceptance-g1/uart3-event-readback-logged/host-replay/exports/7.json,1637,4479c10a01565926d7ba451306b8c35790cd872d5dd5555b436e8c251a5a3b4b,json,hardware-bringup
evidence/hardware-bringup/2026-08-18/core-acceptance-g1/uart3-event-readback-logged/host-replay/exports/8.json,1637,0767204451366c97f801d59d6bef290d7761316c4d8ac4ab369d05ef94d2c2a2,json,hardware-bringup
evidence/hardware-bringup/2026-08-18/core-acceptance-g1/uart3-event-readback-logged/host-replay/exports/9.json,1635,a61782072020e94fd267f0762fac4efc155195999e97891c0f73d305541b6a60,json,hardware-bringup
evidence/hardware-bringup/2026-08-18/core-acceptance-g1/uart3-event-readback-logged/host-replay/recorder.db,102400,812034e801d7f03139e0363cd73115be14696746dd76e6a0749078df2eb03b1e,db,hardware-bringup
evidence/hardware-bringup/2026-08-18/core-acceptance-g1/uart3-event-readback-logged/raw-events/10.terp-event,38560,8d8010a3a0aa6e9196f2ebab8d170089a09b0a8fd285ec685ccf6c85b6fe0551,terp-event,hardware-bringup
evidence/hardware-bringup/2026-08-18/core-acceptance-g1/uart3-event-readback-logged/raw-events/11.terp-event,38560,0fcb3aba08966492c83dd757197c1184d958e08f41937731e85ef00753d57995,terp-event,hardware-bringup
evidence/hardware-bringup/2026-08-18/core-acceptance-g1/uart3-event-readback-logged/raw-events/12.terp-event,38560,39eb0ba99e0effe7f71b7d7d8e3d38108532e527e1c44bb1b0adeeb15d2c7556,terp-event,hardware-bringup
evidence/hardware-bringup/2026-08-18/core-acceptance-g1/uart3-event-readback-logged/raw-events/13.terp-event,38560,de1aa524ee237de32f6a70b5c47dc0e336541e8bb39b32abcf6e1302c21d5475,terp-event,hardware-bringup
evidence/hardware-bringup/2026-08-18/core-acceptance-g1/uart3-event-readback-logged/raw-events/14.terp-event,38560,556068b8fc4afab5f0d676683876b42191d4b45453ffaed62e578b39064957fb,terp-event,hardware-bringup
evidence/hardware-bringup/2026-08-18/core-acceptance-g1/uart3-event-readback-logged/raw-events/15.terp-event,38560,631036f503425bc7288b71d86ce82939fbc745eca5e8e6c723f5b522b0c676df,terp-event,hardware-bringup
evidence/hardware-bringup/2026-08-18/core-acceptance-g1/uart3-event-readback-logged/raw-events/16.terp-event,38560,57e6c54c5b082b7fdebf6fa178f64bafa3465e3ceb6dbe0d19957cf1ab385301,terp-event,hardware-bringup
evidence/hardware-bringup/2026-08-18/core-acceptance-g1/uart3-event-readback-logged/raw-events/17.terp-event,38560,caa905c29b2c8e49bd75b7b0ae018e6348d20881374b6e38c18e73444be61694,terp-event,hardware-bringup
evidence/hardware-bringup/2026-08-18/core-acceptance-g1/uart3-event-readback-logged/raw-events/18.terp-event,38560,1b0d4d0ce891e261d191c3607e93e3aadf33d8b1fdf4f0567b33fd9fe7b38a4c,terp-event,hardware-bringup
evidence/hardware-bringup/2026-08-18/core-acceptance-g1/uart3-event-readback-logged/raw-events/19.terp-event,38560,d18355f391913267162b447a6e64f829de3051981bbd7f947b76e40e167f0f9d,terp-event,hardware-bringup
evidence/hardware-bringup/2026-08-18/core-acceptance-g1/uart3-event-readback-logged/raw-events/20.terp-event,38560,97f6b4b450d4a4df945c8bc4a906d1bdf7669ae0d4c86e56c54ff1c942d7a3a4,terp-event,hardware-bringup
evidence/hardware-bringup/2026-08-18/core-acceptance-g1/uart3-event-readback-logged/raw-events/21.terp-event,38560,1d454475cb0e4486a744cd7790a706e3b9a0c485d717b35239b95d7d1c764acc,terp-event,hardware-bringup
evidence/hardware-bringup/2026-08-18/core-acceptance-g1/uart3-event-readback-logged/raw-events/22.terp-event,38560,992b203971e407ff0d09dd2f917212352f5680587dbbcc51d2452c7928431d9e,terp-event,hardware-bringup
evidence/hardware-bringup/2026-08-18/core-acceptance-g1/uart3-event-readback-logged/raw-events/23.terp-event,38560,74dde6bb7f7afdb087af3be4548178ac64e7243288748726075c044ca2bf1b15,terp-event,hardware-bringup
evidence/hardware-bringup/2026-08-18/core-acceptance-g1/uart3-event-readback-logged/raw-events/24.terp-event,38560,8c34d33063acfcaa6326b0606596fb9694516adf3cce12690659170949ac3464,terp-event,hardware-bringup
evidence/hardware-bringup/2026-08-18/core-acceptance-g1/uart3-event-readback-logged/raw-events/25.terp-event,38560,42fab055cb9894ef77c1f7b38115d2a1312cf4dde45dbbbc899047930aeeda96,terp-event,hardware-bringup
evidence/hardware-bringup/2026-08-18/core-acceptance-g1/uart3-event-readback-logged/raw-events/26.terp-event,38560,57ee1e5721f1eaee6a234294468f8f0671f4022f29d7f20f6593db30f75e0c36,terp-event,hardware-bringup
evidence/hardware-bringup/2026-08-18/core-acceptance-g1/uart3-event-readback-logged/raw-events/27.terp-event,38560,fcf705f30439fc799c68e8bafa0802b27ae45bed85f94070b1e60fd0e1922777,terp-event,hardware-bringup
evidence/hardware-bringup/2026-08-18/core-acceptance-g1/uart3-event-readback-logged/raw-events/28.terp-event,38560,29ad61bd4a2a16859ef1a4511e55bc9a3939ef1ba3a7416f6a1e5234fb15e906,terp-event,hardware-bringup
evidence/hardware-bringup/2026-08-18/core-acceptance-g1/uart3-event-readback-logged/raw-events/29.terp-event,38560,a2894ef8f1ea16d01637a365a3d5dd2e8c4495c2fd189a7822105cb57a7b4cfe,terp-event,hardware-bringup
evidence/hardware-bringup/2026-08-18/core-acceptance-g1/uart3-event-readback-logged/raw-events/30.terp-event,38560,e221de037fbd92673efc78ebf3c9b36932a0464a81f9124fa2e3624541c55025,terp-event,hardware-bringup
evidence/hardware-bringup/2026-08-18/core-acceptance-g1/uart3-event-readback-logged/raw-events/31.terp-event,38560,8d867ac6717d7d660070c63418f34f5f4b940f40e335702a96008fdf302a5d3b,terp-event,hardware-bringup
evidence/hardware-bringup/2026-08-18/core-acceptance-g1/uart3-event-readback-logged/raw-events/32.terp-event,38560,339b7bad7149072b9add3717348c1de1e286de43d1ebc11be45cb6d2728a6c84,terp-event,hardware-bringup
evidence/hardware-bringup/2026-08-18/core-acceptance-g1/uart3-event-readback-logged/raw-events/33.terp-event,38560,fd0fd4f9595e21c4ffe0171d32af579fe42ae9eba18d472161c9e705f17cae76,terp-event,hardware-bringup
evidence/hardware-bringup/2026-08-18/core-acceptance-g1/uart3-event-readback-logged/raw-events/34.terp-event,38560,1451bcee0850dbdc914be8dcc0b41ff4738b0eba5aac1ed60b2ebf146b527c6e,terp-event,hardware-bringup
evidence/hardware-bringup/2026-08-18/core-acceptance-g1/uart3-event-readback-logged/raw-events/35.terp-event,38560,3fa07bd1e170b83182de87b277c3c20947fcc55990dbdfc5e3e7788692e774b8,terp-event,hardware-bringup
evidence/hardware-bringup/2026-08-18/core-acceptance-g1/uart3-event-readback-logged/raw-events/36.terp-event,38560,8c888361e554b42a2bc54745e136dbb2733c9f2fa710a244f9651ad508e1e840,terp-event,hardware-bringup
evidence/hardware-bringup/2026-08-18/core-acceptance-g1/uart3-event-readback-logged/raw-events/37.terp-event,38560,96067c0321595e7c348e41ff81b2820becc978688cf6691a3622a461267357dc,terp-event,hardware-bringup
evidence/hardware-bringup/2026-08-18/core-acceptance-g1/uart3-event-readback-logged/raw-events/38.terp-event,38560,f84f65dfb401a2265e7105b1101e578b5b0c6d83ccb928436b3f82f59c0ee30b,terp-event,hardware-bringup
evidence/hardware-bringup/2026-08-18/core-acceptance-g1/uart3-event-readback-logged/raw-events/6.terp-event,38560,6cc3152917076680393752957e6f86b294777b4d72d45e7f025e3653fd17000a,terp-event,hardware-bringup
evidence/hardware-bringup/2026-08-18/core-acceptance-g1/uart3-event-readback-logged/raw-events/7.terp-event,38560,bb205dc23dc84efdf7bfde4c252ac99c996448d241e2597f59d2fad2251defb2,terp-event,hardware-bringup
evidence/hardware-bringup/2026-08-18/core-acceptance-g1/uart3-event-readback-logged/raw-events/8.terp-event,38560,43d0d4d8ae0bf4c408b10246c06357404f4e131c4d306c53dba69d3e260e5aab,terp-event,hardware-bringup
evidence/hardware-bringup/2026-08-18/core-acceptance-g1/uart3-event-readback-logged/raw-events/9.terp-event,38560,a442061bc5bdc5807c744b7b55cedacdaa8f0c7aeea3ea74e973ba9f69502f83,terp-event,hardware-bringup
evidence/hardware-bringup/2026-08-18/core-acceptance-g1/uart3-event-readback-logged/run-summary.json,89204,62749ab74b99bc36a45e758d7712198f22412d1d5d99c2f1b20d02392ac45a19,json,hardware-bringup
evidence/hardware-bringup/2026-08-18/core-acceptance-g1/uart3-event-readback-logged/uart3-frames.jsonl,82374,b325b999c785eb9f4597d449964a4f054a7147098f07636d6dd9d245085790eb,jsonl,hardware-bringup
evidence/hardware-bringup/2026-08-18/core-acceptance-g1/uart3-event-readback-logged/uart3-terp.raw.log,2686362,ad171ac30230f1a344c7a8909bdb3500853215d121be1bd4c5a094220d427d35,log,hardware-bringup
evidence/hardware-bringup/2026-08-18/core-acceptance-g1/uart3-readback-preflight/run-summary.json,5388,054a2ee3527490aae347453f27492000bc242a69f36bfc24c99c1cb5633b07ef,json,hardware-bringup
evidence/hardware-bringup/2026-08-18/core-acceptance-g1/uart3-readback-preflight/uart3-frames.jsonl,1100,40c961f19df052c626b56a17bce826b2e4c7c9e491f3ece331eb5004d9bab607,jsonl,hardware-bringup
evidence/hardware-bringup/2026-08-18/core-acceptance-g1/uart3-readback-preflight/uart3-terp.raw.log,2038,daf480ec468d2b2caa08b8b7b3e93ebf172d139c27f806307ab170a215666a96,log,hardware-bringup
evidence/hardware-bringup/2026-08-18/core-acceptance-g2/README.md,3379,849ed53a3ecec5f0b3315ef85e632c4e028f71b6eb81b5703aa8d555c8e108a9,md,hardware-bringup
evidence/hardware-bringup/2026-08-18/core-acceptance-g2/metadata.json,2265,296518b07a4e177d9ed82c6447787d3dc7199c33ba7d0e63158041dd600cfd2b,json,hardware-bringup
evidence/hardware-bringup/2026-08-18/core-acceptance-g2/preflight/event-39.terp-event,38560,cd30bc5a5b01058d9fcee7cf5a4383711c02e8b79e601260120e7afc7ff545e5,terp-event,hardware-bringup
evidence/hardware-bringup/2026-08-18/core-acceptance-g2/preflight/g2-preflight.frames.jsonl,5398,71b008848624a9c4aa26245adff137df42b5e6a02da7f974d8065974baa547f6,jsonl,hardware-bringup
evidence/hardware-bringup/2026-08-18/core-acceptance-g2/preflight/g2-preflight.json,2148,50bb6d466709d80c4208060c52087fb9f5c30db162cb59d490e6438eaca3eb19,json,hardware-bringup
evidence/hardware-bringup/2026-08-18/core-acceptance-g2/preflight/g2-preflight.raw.jsonl,90880,8aea43c61b6656e9492df8aff367f2ddd2c0f3637393b390213a82e2ead57c2e,jsonl,hardware-bringup
evidence/hardware-bringup/2026-08-18/core-acceptance-g3/README.md,2412,c0b69de13109cad125cd8e66d6f288e3face956946ea793454fb26b8718d2490,md,hardware-bringup
evidence/hardware-bringup/2026-08-18/core-acceptance-g3/diagnostic-dry-run/results.json,1267,f759854f74cd780dbc92d85997fbccb1760a04c2c5f9b6061f5364ce5a983864,json,hardware-bringup
evidence/hardware-bringup/2026-08-18/core-acceptance-g3/diagnostic-dry-run/round-01.json,574,0c44fa3669dfb6048be5e25e16307f4f9b87a3dd336789f620ffc2db2b686aac,json,hardware-bringup
evidence/hardware-bringup/2026-08-18/core-acceptance-g3/metadata.json,1804,e42a478313592a306428617ab031488b1d152d1b6e0639f830fb7ceecd4e44c8,json,hardware-bringup
evidence/hardware-bringup/2026-08-21/core-acceptance-g3/two-hour-preacceptance-001/README.md,6747,2bae6c26b4078dc1e2ad196b798d33d2c7563cffce67f4e2554ca5332e6061f4,md,hardware-bringup
evidence/hardware-bringup/2026-08-21/core-acceptance-g3/two-hour-preacceptance-001/command-runbook.md,1565,ee0b2111eb9f0e52053f254676c291dfdf4b6b3ca7ce98b7f6c96240a66bee7f,md,hardware-bringup
evidence/hardware-bringup/2026-08-21/core-acceptance-g3/two-hour-preacceptance-001/firmware/normal/hashes.txt,963,72cd56586805b1594e4b7e7538914295549f5af5d45933fb4d42aaf91edbfd40,txt,hardware-bringup
evidence/hardware-bringup/2026-08-21/core-acceptance-g3/two-hour-preacceptance-001/git-status-tracked-baseline.txt,465,99a85b330b1a3a88ff294bc8ece9336b2569ea7ddefe57f49da672c8adb60aa3,txt,hardware-bringup
evidence/hardware-bringup/2026-08-21/core-acceptance-g3/two-hour-preacceptance-001/logs/build-source-check-hashes.txt,711,b8021b4eacb7311b54838b97f101db4f881c5a3ddd2e76afa7c77d30394ced49,txt,hardware-bringup
evidence/hardware-bringup/2026-08-21/core-acceptance-g3/two-hour-preacceptance-001/logs/build-source-check.log,9484,5fc619d5e39b844aa21d0dcdf2c480fef055b8f39c59888cd28b81c86dabd1c8,log,hardware-bringup
evidence/hardware-bringup/2026-08-21/core-acceptance-g3/two-hour-preacceptance-001/logs/ports-after-replug.json,402,52662e49ef906b2c1c7ca2ea94f679f6d58a5996481c36a7a9f3002f56ca701f,json,hardware-bringup
evidence/hardware-bringup/2026-08-21/core-acceptance-g3/two-hour-preacceptance-001/logs/ports-before-start.json,248,57500d89869b63822d54c593162ae80d40a544e0b4b9d6a7c7015544c78538eb,json,hardware-bringup
evidence/hardware-bringup/2026-08-21/core-acceptance-g3/two-hour-preacceptance-001/logs/ports-start-command.json,402,52662e49ef906b2c1c7ca2ea94f679f6d58a5996481c36a7a9f3002f56ca701f,json,hardware-bringup
evidence/hardware-bringup/2026-08-21/core-acceptance-g3/two-hour-preacceptance-001/logs/selfcheck-full.log,857,b7685f54233ab6a620c6b143c73e93b270ff59ca816f4ea77532a5e50d5d1224,log,hardware-bringup
evidence/hardware-bringup/2026-08-21/core-acceptance-g3/two-hour-preacceptance-001/metadata.json,6017,776024528369f33fe1902328a3255b758637c7bc2df9d0c67434a9613927c486,json,hardware-bringup
evidence/hardware-bringup/2026-08-21/core-acceptance-g3/two-hour-preacceptance-001/model/hashes.txt,608,8abcb57169b0cacd7cb784a0a954f097be91d2cc315ff52f20e34eb3a1e6f475,txt,hardware-bringup
evidence/hardware-bringup/2026-08-21/core-acceptance-g3/two-hour-preacceptance-001/model/model-a-v2.trmd,510,0840cc6cfd2cd38d2acff6eb6956e60cb3a7da7259e3934a700d653c53f2729c,trmd,hardware-bringup
evidence/hardware-bringup/2026-08-21/core-acceptance-g3/two-hour-preacceptance-001/model/model-b-v3.trmd,510,e3dc4eda4cd38e4455fabb57732223a51408dbbf020fcf5bfba07bfc250ae110,trmd,hardware-bringup
evidence/hardware-bringup/2026-08-21/core-acceptance-g3/two-hour-preacceptance-001/monitor/g3_two_hour_monitor.py,27370,01fbe8edd28517f96a3b265bc92a7903acc8a5cf0351b8f20011f44a6a32199c,py,hardware-bringup
evidence/hardware-bringup/2026-08-21/core-acceptance-g3/two-hour-preacceptance-001/monitor/run-001/event-readback/heartbeat-030-event-40.terp-event,38560,adbaf966ddbfee4532f087edd97758ad2cb2814b29e36bcc7763bf5f41b98cf1,terp-event,hardware-bringup
evidence/hardware-bringup/2026-08-21/core-acceptance-g3/two-hour-preacceptance-001/monitor/run-001/event-readback/heartbeat-090-event-41.terp-event,38560,ce69a07effa76a67b58160cf31b0a534b32669c6e5bb00ea0626e0efd6bbfed6,terp-event,hardware-bringup
evidence/hardware-bringup/2026-08-21/core-acceptance-g3/two-hour-preacceptance-001/monitor/run-001/event-readback/t0-trace-event-39.terp-event,38560,cd30bc5a5b01058d9fcee7cf5a4383711c02e8b79e601260120e7afc7ff545e5,terp-event,hardware-bringup
evidence/hardware-bringup/2026-08-21/core-acceptance-g3/two-hour-preacceptance-001/monitor/run-001/event-triggers/trigger-01.json,1190,13c81cdcfadc885b4c0bbecfb3cf20e5d70637623ecf50240485758f2c073e00,json,hardware-bringup
evidence/hardware-bringup/2026-08-21/core-acceptance-g3/two-hour-preacceptance-001/monitor/run-001/event-triggers/trigger-02.json,1194,dd7f065f52401f231f2d069adb38d960d8f0bd929e760f83a5f5e7de43beb74a,json,hardware-bringup
evidence/hardware-bringup/2026-08-21/core-acceptance-g3/two-hour-preacceptance-001/monitor/run-001/heartbeats/heartbeat-000.json,9005,915893f371c32190893830e2ad6e7082e645a393a5f5cbb4d0fa99c240ce1a33,json,hardware-bringup
evidence/hardware-bringup/2026-08-21/core-acceptance-g3/two-hour-preacceptance-001/monitor/run-001/heartbeats/heartbeat-001.json,9006,f4854457b03a34d8cf12e21b5cc0b689595386a045508218d84dfa23bad3972a,json,hardware-bringup
evidence/hardware-bringup/2026-08-21/core-acceptance-g3/two-hour-preacceptance-001/monitor/run-001/heartbeats/heartbeat-002.json,9004,1c4e7fcce1250765f56fff19271c1336ecb724947985ccbe0dd6a3b17d19c04c,json,hardware-bringup
evidence/hardware-bringup/2026-08-21/core-acceptance-g3/two-hour-preacceptance-001/monitor/run-001/heartbeats/heartbeat-003.json,9002,ba4ecf90d516be88d245da838c8223f4340ce11e69b128c5bd0a267326dd69f7,json,hardware-bringup
evidence/hardware-bringup/2026-08-21/core-acceptance-g3/two-hour-preacceptance-001/monitor/run-001/heartbeats/heartbeat-004.json,9007,f4eb6c596b19189c8fd4b6a1962449c24f0af0c5f2af7ffa87c403e376e1c1d4,json,hardware-bringup
evidence/hardware-bringup/2026-08-21/core-acceptance-g3/two-hour-preacceptance-001/monitor/run-001/heartbeats/heartbeat-005.json,9007,275173203e93311fd0a9b35245ca28d65298e9ae8bf99d9cd3f1f89bd84cac4e,json,hardware-bringup
evidence/hardware-bringup/2026-08-21/core-acceptance-g3/two-hour-preacceptance-001/monitor/run-001/heartbeats/heartbeat-006.json,9006,314ea207622a6c4bbd1ef0304ee967989ddff7c5a4e3806186fda1e3887dd93e,json,hardware-bringup
evidence/hardware-bringup/2026-08-21/core-acceptance-g3/two-hour-preacceptance-001/monitor/run-001/heartbeats/heartbeat-007.json,9005,90a9ed72f19b52e7128b4ff133c68d47f1bfeb7c07228fe4c1454bceef19f8f1,json,hardware-bringup
evidence/hardware-bringup/2026-08-21/core-acceptance-g3/two-hour-preacceptance-001/monitor/run-001/heartbeats/heartbeat-008.json,9005,7480bbaae80aaaf42eaf4bd25158fb6c4b6f230bb2a9b2245ab7394249a76132,json,hardware-bringup
evidence/hardware-bringup/2026-08-21/core-acceptance-g3/two-hour-preacceptance-001/monitor/run-001/heartbeats/heartbeat-009.json,9007,82c4e1b4937ccfa11d3bd7a2b0ad0e50bdeb6ab36e7f23f7115caf5f561c2363,json,hardware-bringup
evidence/hardware-bringup/2026-08-21/core-acceptance-g3/two-hour-preacceptance-001/monitor/run-001/heartbeats/heartbeat-010.json,8846,f5a2bcd7507e6dd5f2834570f4df69e4ba74892561abd17a4338c17da6c9dd01,json,hardware-bringup
evidence/hardware-bringup/2026-08-21/core-acceptance-g3/two-hour-preacceptance-001/monitor/run-001/heartbeats/heartbeat-011.json,9007,1083783ea7147545ee2ad513a8a4eea4071873a74c1a417c4fed3cae093fd8f8,json,hardware-bringup
evidence/hardware-bringup/2026-08-21/core-acceptance-g3/two-hour-preacceptance-001/monitor/run-001/heartbeats/heartbeat-012.json,9008,969cc6205d36afcc02c975ce48cbf30c54bf023c9f0b5728c53c5aae28f05e70,json,hardware-bringup
evidence/hardware-bringup/2026-08-21/core-acceptance-g3/two-hour-preacceptance-001/monitor/run-001/heartbeats/heartbeat-013.json,9008,5fcc16ba0ffc9972930cbf5aa319060db1e3044a65ad0f5abe5cdfdd3c9a574c,json,hardware-bringup
evidence/hardware-bringup/2026-08-21/core-acceptance-g3/two-hour-preacceptance-001/monitor/run-001/heartbeats/heartbeat-014.json,9261,5dcfc8f680ef2c53c7a502e0aa8a50877e3c6d29ff8bf23cf21cbcb946a18004,json,hardware-bringup
evidence/hardware-bringup/2026-08-21/core-acceptance-g3/two-hour-preacceptance-001/monitor/run-001/heartbeats/heartbeat-015.json,9007,e669897c221e145eae3dbb0be8bc3b2eae2df21ccccf2648c45e995d3d54c145,json,hardware-bringup
evidence/hardware-bringup/2026-08-21/core-acceptance-g3/two-hour-preacceptance-001/monitor/run-001/heartbeats/heartbeat-016.json,9259,1e36cdc67eefc8dfc9ce2b1746c73ad17b744a53c71a1cf6f8fa46b1f9609bde,json,hardware-bringup
evidence/hardware-bringup/2026-08-21/core-acceptance-g3/two-hour-preacceptance-001/monitor/run-001/heartbeats/heartbeat-017.json,9008,102982ddc143d7a0575be46c5f1bbe2c6cefcc7ecbcead52c2c707ea20708f23,json,hardware-bringup
evidence/hardware-bringup/2026-08-21/core-acceptance-g3/two-hour-preacceptance-001/monitor/run-001/heartbeats/heartbeat-018.json,9008,05f36d25bc4e6950720d3cacb99e91531aef952a87a71ea074935bdcca3e916b,json,hardware-bringup
evidence/hardware-bringup/2026-08-21/core-acceptance-g3/two-hour-preacceptance-001/monitor/run-001/heartbeats/heartbeat-019.json,9007,3878a93dcc9ba24bc35831d963dd0e86e0da9ff7251153bd5abace7a9016121d,json,hardware-bringup
evidence/hardware-bringup/2026-08-21/core-acceptance-g3/two-hour-preacceptance-001/monitor/run-001/heartbeats/heartbeat-020.json,5781,c3d0981bb445fb0fff39e67cf76f77589acadb3b21f74dc003a028544efc8965,json,hardware-bringup
evidence/hardware-bringup/2026-08-21/core-acceptance-g3/two-hour-preacceptance-001/monitor/run-001/heartbeats/heartbeat-021.json,5782,93bdd9cce9c508a91db6e762a2258ffb8d3c2aa25e175bcca54abd2c7f439277,json,hardware-bringup
evidence/hardware-bringup/2026-08-21/core-acceptance-g3/two-hour-preacceptance-001/monitor/run-001/heartbeats/heartbeat-022.json,5781,bb9e01ba96acebc8b49c2922c5476b454eb7e2279ebf020d34833c263ef2a157,json,hardware-bringup
evidence/hardware-bringup/2026-08-21/core-acceptance-g3/two-hour-preacceptance-001/monitor/run-001/heartbeats/heartbeat-023.json,5788,af4b80b1c0a4287418da75ac4f0aece43f928ad7c65cb2a0a22900683ea7ce02,json,hardware-bringup
evidence/hardware-bringup/2026-08-21/core-acceptance-g3/two-hour-preacceptance-001/monitor/run-001/heartbeats/heartbeat-024.json,5250,93438703ebc917acebe0c5af1305b24b3f2dc9228d6235035c335757fc6505b9,json,hardware-bringup
evidence/hardware-bringup/2026-08-21/core-acceptance-g3/two-hour-preacceptance-001/monitor/run-001/heartbeats/heartbeat-025.json,9023,8dedb1078d5418a8df0130f14fdc05aea93c1d5f194a1a469f100bc31110505c,json,hardware-bringup
evidence/hardware-bringup/2026-08-21/core-acceptance-g3/two-hour-preacceptance-001/monitor/run-001/heartbeats/heartbeat-026.json,5249,08c94bbccc332db7d4a7a8f681fb1c3a00b499b52f830d01c3a9254083780da7,json,hardware-bringup
evidence/hardware-bringup/2026-08-21/core-acceptance-g3/two-hour-preacceptance-001/monitor/run-001/heartbeats/heartbeat-027.json,6326,1b66b2e6348133c7738907f3257c06d0d865271f0f572b4d3db809a9d951c413,json,hardware-bringup
evidence/hardware-bringup/2026-08-21/core-acceptance-g3/two-hour-preacceptance-001/monitor/run-001/heartbeats/heartbeat-028.json,5251,a2e0dad1ff3e4f8a5ef0b0b7fb224c38a74f94474e1eb7f83947c7c4024c5d14,json,hardware-bringup
evidence/hardware-bringup/2026-08-21/core-acceptance-g3/two-hour-preacceptance-001/monitor/run-001/heartbeats/heartbeat-029.json,6326,858b0d36b869c04ac9beead5058b77b74ae4b0f4d088f76adc5f861091b60a01,json,hardware-bringup
evidence/hardware-bringup/2026-08-21/core-acceptance-g3/two-hour-preacceptance-001/monitor/run-001/heartbeats/heartbeat-030.json,9705,3da1fdd731be42207e42497482433b5d31b645e9c8e48cfd4f3722b874a94d2d,json,hardware-bringup
evidence/hardware-bringup/2026-08-21/core-acceptance-g3/two-hour-preacceptance-001/monitor/run-001/heartbeats/heartbeat-031.json,5271,51f4f129941141f973448e2fa7a376be2b46cdd9f4d7d64e680281f22c89a726,json,hardware-bringup
evidence/hardware-bringup/2026-08-21/core-acceptance-g3/two-hour-preacceptance-001/monitor/run-001/heartbeats/heartbeat-032.json,6353,d7d6802abb8473fe8026469f8879285efc70233b8b9091f04b8e33e66ccc2683,json,hardware-bringup
evidence/hardware-bringup/2026-08-21/core-acceptance-g3/two-hour-preacceptance-001/monitor/run-001/heartbeats/heartbeat-033.json,5271,071c2f9d399c25d66e5cce0cbe288f808e32c971ae068006eaaca11c5805aa4b,json,hardware-bringup
evidence/hardware-bringup/2026-08-21/core-acceptance-g3/two-hour-preacceptance-001/monitor/run-001/heartbeats/heartbeat-034.json,6354,62e3026b4ace9cdc92aed895617b88e373b92d584ac9b4f238409f14cdb8c952,json,hardware-bringup
evidence/hardware-bringup/2026-08-21/core-acceptance-g3/two-hour-preacceptance-001/monitor/run-001/heartbeats/heartbeat-035.json,9063,58451beb9b8a76920229d50669607c52c7e4d1940dc44c28636900e2afc570d1,json,hardware-bringup
evidence/hardware-bringup/2026-08-21/core-acceptance-g3/two-hour-preacceptance-001/monitor/run-001/heartbeats/heartbeat-036.json,5812,0fb40bd2cabbaf5591e09fa341a29acd2e17c14ff3f40845d3e2e16c526261e7,json,hardware-bringup
evidence/hardware-bringup/2026-08-21/core-acceptance-g3/two-hour-preacceptance-001/monitor/run-001/heartbeats/heartbeat-037.json,5813,fe158fb68803fbf7e5f24969888ef4377f9eb5b9b4820d9c3c1f9b75bef3676b,json,hardware-bringup
evidence/hardware-bringup/2026-08-21/core-acceptance-g3/two-hour-preacceptance-001/monitor/run-001/heartbeats/heartbeat-038.json,5812,3a7a9ef8d81210728bc21fcd59238e9d5bd52ad11390d5ef6d423b452a99d84b,json,hardware-bringup
evidence/hardware-bringup/2026-08-21/core-acceptance-g3/two-hour-preacceptance-001/monitor/run-001/heartbeats/heartbeat-039.json,6354,85ce33e368377d3653377b62b0ad6533ed4f6fa9d6df05fdcdfd483d814b3394,json,hardware-bringup
evidence/hardware-bringup/2026-08-21/core-acceptance-g3/two-hour-preacceptance-001/monitor/run-001/heartbeats/heartbeat-040.json,9063,a7cbe1be92f6ee467a677d907cb791da4d21cdc34cf59a874f04c9fa7a15af84,json,hardware-bringup
evidence/hardware-bringup/2026-08-21/core-acceptance-g3/two-hour-preacceptance-001/monitor/run-001/heartbeats/heartbeat-041.json,6354,59f1081a515ea0966677c019a42825cbacd70dcab5f0d3666a53baad6c326637,json,hardware-bringup
evidence/hardware-bringup/2026-08-21/core-acceptance-g3/two-hour-preacceptance-001/monitor/run-001/heartbeats/heartbeat-042.json,5271,452809f2b9a18cb6b91d54a37aab48d3c38e462cfd3fa82544aa587c55cf6402,json,hardware-bringup
evidence/hardware-bringup/2026-08-21/core-acceptance-g3/two-hour-preacceptance-001/monitor/run-001/heartbeats/heartbeat-043.json,6354,0ae4a499da38d7889d3a9b6c5a26c560f63d3f692a112c397a13e7cd94d458b2,json,hardware-bringup
evidence/hardware-bringup/2026-08-21/core-acceptance-g3/two-hour-preacceptance-001/monitor/run-001/heartbeats/heartbeat-044.json,5271,c940327aa420b644aec6eb1d827f8209190f945839cbb2318ce47ae99b24db70,json,hardware-bringup
evidence/hardware-bringup/2026-08-21/core-acceptance-g3/two-hour-preacceptance-001/monitor/run-001/heartbeats/heartbeat-045.json,9062,95baef852646c98778dd156c7db1d9822f23e1529339b090f78ee59dd7b0c7c6,json,hardware-bringup
evidence/hardware-bringup/2026-08-21/core-acceptance-g3/two-hour-preacceptance-001/monitor/run-001/heartbeats/heartbeat-046.json,5812,15e580d3ee72866ee6601ca1c57335f958340be2d8e91990dbcdc4db3ef01cfa,json,hardware-bringup
evidence/hardware-bringup/2026-08-21/core-acceptance-g3/two-hour-preacceptance-001/monitor/run-001/heartbeats/heartbeat-047.json,5271,84aead2b4dc3d4618e38379f564359241ecc09cf42179458273d73f88c5953f0,json,hardware-bringup
evidence/hardware-bringup/2026-08-21/core-acceptance-g3/two-hour-preacceptance-001/monitor/run-001/heartbeats/heartbeat-048.json,6353,5c7e0e9bb86645530455ba2d0acb1677e02141e2b3fa5bc2a1d4f65c1a92de2d,json,hardware-bringup
evidence/hardware-bringup/2026-08-21/core-acceptance-g3/two-hour-preacceptance-001/monitor/run-001/heartbeats/heartbeat-049.json,5271,377108c1d1a39929e7ecc8f21c702ede0b8a28bf0c2fd6dd1894d92630400971,json,hardware-bringup
evidence/hardware-bringup/2026-08-21/core-acceptance-g3/two-hour-preacceptance-001/monitor/run-001/heartbeats/heartbeat-050.json,9061,380eb470fd3c905962bb058c3e1a5c45a3209031da6066c54386bad99f92aefa,json,hardware-bringup
evidence/hardware-bringup/2026-08-21/core-acceptance-g3/two-hour-preacceptance-001/monitor/run-001/heartbeats/heartbeat-051.json,5270,d5a397290ab06448d997f9f532375e58cb22b553e33b30943e917a3f907610e1,json,hardware-bringup
evidence/hardware-bringup/2026-08-21/core-acceptance-g3/two-hour-preacceptance-001/monitor/run-001/heartbeats/heartbeat-052.json,5812,f30890607c4bcc1df59d534a379b3beeeb24dd1a4a2f93b74321a541614e747e,json,hardware-bringup
evidence/hardware-bringup/2026-08-21/core-acceptance-g3/two-hour-preacceptance-001/monitor/run-001/heartbeats/heartbeat-053.json,5813,ef6a13619a361837c584bda190cae5218ea89b807d51d0536320870eeca28848,json,hardware-bringup
evidence/hardware-bringup/2026-08-21/core-acceptance-g3/two-hour-preacceptance-001/monitor/run-001/heartbeats/heartbeat-054.json,5811,20445b11017208c81313f6f23a6d88fd6241e49315b2fdb7fbf73980f46c8eec,json,hardware-bringup
evidence/hardware-bringup/2026-08-21/core-acceptance-g3/two-hour-preacceptance-001/monitor/run-001/heartbeats/heartbeat-055.json,9063,f2a7d47713437b93d4a1542486282ab9115eccf848207631efc51fb9ab36ff2a,json,hardware-bringup
evidence/hardware-bringup/2026-08-21/core-acceptance-g3/two-hour-preacceptance-001/monitor/run-001/heartbeats/heartbeat-056.json,5271,4880fd331aaffecf76bad7f92ea437a2781f5e9c0c23c24c0b43c0e5061b153d,json,hardware-bringup
evidence/hardware-bringup/2026-08-21/core-acceptance-g3/two-hour-preacceptance-001/monitor/run-001/heartbeats/heartbeat-057.json,6354,03143c9b47f41ce97489f8fdf414358b08939379de085a8f6b1484af0f2bf63e,json,hardware-bringup
evidence/hardware-bringup/2026-08-21/core-acceptance-g3/two-hour-preacceptance-001/monitor/run-001/heartbeats/heartbeat-058.json,5271,d1756a8459c4b3c1d3bafd5c9cdc42d1de90f974cfde6c152ebf926c9dab0bd6,json,hardware-bringup
evidence/hardware-bringup/2026-08-21/core-acceptance-g3/two-hour-preacceptance-001/monitor/run-001/heartbeats/heartbeat-059.json,5810,56bc03917c8f7f38c39fefc32038ef083e56d369284ede93a98ff100066c5829,json,hardware-bringup
evidence/hardware-bringup/2026-08-21/core-acceptance-g3/two-hour-preacceptance-001/monitor/run-001/heartbeats/heartbeat-060.json,9063,33dea42dae21660ed0ce4f0188afb533a214d58c92a37a727797cb1d3210ff30,json,hardware-bringup
evidence/hardware-bringup/2026-08-21/core-acceptance-g3/two-hour-preacceptance-001/monitor/run-001/heartbeats/heartbeat-061.json,5270,de46e83293b793b6698ee3dccc7cbf2aff4c0a80a9c1371e91df848d8c2855a2,json,hardware-bringup
evidence/hardware-bringup/2026-08-21/core-acceptance-g3/two-hour-preacceptance-001/monitor/run-001/heartbeats/heartbeat-062.json,6354,82954744564029126f398d8b5abcddb12f0b6033a1059cc3f10adc757ae15dde,json,hardware-bringup
evidence/hardware-bringup/2026-08-21/core-acceptance-g3/two-hour-preacceptance-001/monitor/run-001/heartbeats/heartbeat-063.json,6065,cece4ca0bbf7b5b842708fa05acd422226ddddc135cb758fc1562b0ca343594a,json,hardware-bringup
evidence/hardware-bringup/2026-08-21/core-acceptance-g3/two-hour-preacceptance-001/monitor/run-001/heartbeats/heartbeat-064.json,5812,e73dd56d2a44c163bbbdec3b1ddbba14964321b917a0b467757e3019ef856610,json,hardware-bringup
evidence/hardware-bringup/2026-08-21/core-acceptance-g3/two-hour-preacceptance-001/monitor/run-001/heartbeats/heartbeat-065.json,9316,b04d59fa9325b928032f32354eca09bcf19404e2b34cab31cc0ad90bba054ae8,json,hardware-bringup
evidence/hardware-bringup/2026-08-21/core-acceptance-g3/two-hour-preacceptance-001/monitor/run-001/heartbeats/heartbeat-066.json,5812,ac86cabeeb6f138b3103fe17867bcb92e2ffd84d1573b353671f68bba67a8ef3,json,hardware-bringup
evidence/hardware-bringup/2026-08-21/core-acceptance-g3/two-hour-preacceptance-001/monitor/run-001/heartbeats/heartbeat-067.json,5812,d335366aa7f8efca9ebeb8fd826efb39fcd77fee428f3f4e7d97b096b36152f9,json,hardware-bringup
evidence/hardware-bringup/2026-08-21/core-acceptance-g3/two-hour-preacceptance-001/monitor/run-001/heartbeats/heartbeat-068.json,5812,a560d8967f7ecc8f6a5174f1fb411def90c1ecb8668592e25246a76f1653f999,json,hardware-bringup
evidence/hardware-bringup/2026-08-21/core-acceptance-g3/two-hour-preacceptance-001/monitor/run-001/heartbeats/heartbeat-069.json,5813,0be1efc0c52b106994b789cbe1d8d0388ef6d411cadd31db66ae20021652a4f4,json,hardware-bringup
evidence/hardware-bringup/2026-08-21/core-acceptance-g3/two-hour-preacceptance-001/monitor/run-001/heartbeats/heartbeat-070.json,9063,19a5d4685a29976c45c2593d7117e6a9c29a1b9b3bffa127f4c0102ffb6f9287,json,hardware-bringup
evidence/hardware-bringup/2026-08-21/core-acceptance-g3/two-hour-preacceptance-001/monitor/run-001/heartbeats/heartbeat-071.json,6354,4729d7d712d30abf95e07234df030a6f6c09e61ad4c95219263ba2454100ec3c,json,hardware-bringup
evidence/hardware-bringup/2026-08-21/core-acceptance-g3/two-hour-preacceptance-001/monitor/run-001/heartbeats/heartbeat-072.json,5813,765e7e1b3d9f4798be1fe83bc022e600cf1667f749a73f43a91407ad719ffb41,json,hardware-bringup
evidence/hardware-bringup/2026-08-21/core-acceptance-g3/two-hour-preacceptance-001/monitor/run-001/heartbeats/heartbeat-073.json,5812,78a5aab17640ba7694fea5282196351ef66a2669c62245d926210227713e505b,json,hardware-bringup
evidence/hardware-bringup/2026-08-21/core-acceptance-g3/two-hour-preacceptance-001/monitor/run-001/heartbeats/heartbeat-074.json,5813,8848a5af995c30d563cdc63a721c6149ce0825fcff6d65bc8493762a18ad2f7c,json,hardware-bringup
evidence/hardware-bringup/2026-08-21/core-acceptance-g3/two-hour-preacceptance-001/monitor/run-001/heartbeats/heartbeat-075.json,9062,a84b5f2cd478ea168031c51d25fa73b957c2f8df552a5008537360d1e9ce1c04,json,hardware-bringup
evidence/hardware-bringup/2026-08-21/core-acceptance-g3/two-hour-preacceptance-001/monitor/run-001/heartbeats/heartbeat-076.json,5812,1272963963686dd77bbf3697708d16cf4dc7e9384186ea901a8e0e6359831ffd,json,hardware-bringup
evidence/hardware-bringup/2026-08-21/core-acceptance-g3/two-hour-preacceptance-001/monitor/run-001/heartbeats/heartbeat-077.json,5812,5257a43691d60452b4b4fad6d39a519f674fcfb9d47d7367aa7285c5ba2f95a2,json,hardware-bringup
evidence/hardware-bringup/2026-08-21/core-acceptance-g3/two-hour-preacceptance-001/monitor/run-001/heartbeats/heartbeat-078.json,5813,b1a83521878f9d51f4e419403de381ad10a08b00fd6931163e83b62c267ae172,json,hardware-bringup
evidence/hardware-bringup/2026-08-21/core-acceptance-g3/two-hour-preacceptance-001/monitor/run-001/heartbeats/heartbeat-079.json,5812,8c9ef4f91e1924da1061820bced672c7d8d72d96869da998350c7e34157a59aa,json,hardware-bringup
evidence/hardware-bringup/2026-08-21/core-acceptance-g3/two-hour-preacceptance-001/monitor/run-001/heartbeats/heartbeat-080.json,9063,31b14fc9d5f9698c7dae8a24367e7e8710fcefd9872599a6a3b5d994defc30f7,json,hardware-bringup
evidence/hardware-bringup/2026-08-21/core-acceptance-g3/two-hour-preacceptance-001/monitor/run-001/heartbeats/heartbeat-081.json,5812,305add7f706afe42775a7aeefda1dc614bd25f59c08f9fbb58afe4058b45bfd1,json,hardware-bringup
evidence/hardware-bringup/2026-08-21/core-acceptance-g3/two-hour-preacceptance-001/monitor/run-001/heartbeats/heartbeat-082.json,5813,d4af9a34c23a8f6bcf66f0e99151ca736533fe29c84d30bc0d216383725be759,json,hardware-bringup
evidence/hardware-bringup/2026-08-21/core-acceptance-g3/two-hour-preacceptance-001/monitor/run-001/heartbeats/heartbeat-083.json,5812,ba55c7f904e5226b6c86830529e4635e6dd494697d21abb56e8d2bb8437160de,json,hardware-bringup
evidence/hardware-bringup/2026-08-21/core-acceptance-g3/two-hour-preacceptance-001/monitor/run-001/heartbeats/heartbeat-084.json,6351,8c24d86e3b70887d297ebe1c58afdbc7506f23dff180c776d74290e7f1bab407,json,hardware-bringup
evidence/hardware-bringup/2026-08-21/core-acceptance-g3/two-hour-preacceptance-001/monitor/run-001/heartbeats/heartbeat-085.json,9063,ae5bfd14f3c28b9f9214adeb955c5a1b90513e4e2bbf7d109f185d9286ca3e25,json,hardware-bringup
evidence/hardware-bringup/2026-08-21/core-acceptance-g3/two-hour-preacceptance-001/monitor/run-001/heartbeats/heartbeat-086.json,6354,05705cb07561456c7a578a7c730352ede124e3760d8441c18d4176a20fde1464,json,hardware-bringup
evidence/hardware-bringup/2026-08-21/core-acceptance-g3/two-hour-preacceptance-001/monitor/run-001/heartbeats/heartbeat-087.json,5271,a50b7be6f155a60901bdbccbb346d86d734749a8c277c7e8da2fd98a8477f971,json,hardware-bringup
evidence/hardware-bringup/2026-08-21/core-acceptance-g3/two-hour-preacceptance-001/monitor/run-001/heartbeats/heartbeat-088.json,6354,1aa8087f2e17454a21ab0c4ce75bfc2efdf98f8fd372b257b8187ddfef285572,json,hardware-bringup
evidence/hardware-bringup/2026-08-21/core-acceptance-g3/two-hour-preacceptance-001/monitor/run-001/heartbeats/heartbeat-089.json,5271,7a42e83b645d4b8e9396e4ffda1deada9e0f93e62549845e9514bf8c3fdcec94,json,hardware-bringup
evidence/hardware-bringup/2026-08-21/core-acceptance-g3/two-hour-preacceptance-001/monitor/run-001/heartbeats/heartbeat-090.json,10104,dcf936212a4bbe63401ea9dbf2dccbc249f201af54c467a1b314f054f7125e14,json,hardware-bringup
evidence/hardware-bringup/2026-08-21/core-acceptance-g3/two-hour-preacceptance-001/monitor/run-001/heartbeats/heartbeat-091.json,5279,086df54d645e6748c44d19240e1af8408599651865e6209200ec919194e84409,json,hardware-bringup
evidence/hardware-bringup/2026-08-21/core-acceptance-g3/two-hour-preacceptance-001/monitor/run-001/heartbeats/heartbeat-092.json,5822,d94356fafd3c6ad683fdb5379dd076507cec8a5e0e8611e4c6ffb93cf3f548be,json,hardware-bringup
evidence/hardware-bringup/2026-08-21/core-acceptance-g3/two-hour-preacceptance-001/monitor/run-001/heartbeats/heartbeat-093.json,5823,c45368fca9aeb41114cfaf1924fe637b8da665a50cecd9e4377224aaa22b2107,json,hardware-bringup
evidence/hardware-bringup/2026-08-21/core-acceptance-g3/two-hour-preacceptance-001/monitor/run-001/heartbeats/heartbeat-094.json,5825,d05fb7347375dd2ac728b426399c879245523f0ca1ec68cc0950c273c4ef6340,json,hardware-bringup
evidence/hardware-bringup/2026-08-21/core-acceptance-g3/two-hour-preacceptance-001/monitor/run-001/heartbeats/heartbeat-095.json,9079,c941cd246a63839b86f5ac651606f1c9eac90cec9d206c0803b5a844b84198a0,json,hardware-bringup
evidence/hardware-bringup/2026-08-21/core-acceptance-g3/two-hour-preacceptance-001/monitor/run-001/heartbeats/heartbeat-096.json,5283,081a69bac727af9a6c835809d103a069b60d35647e02e99027550a17d93cccb2,json,hardware-bringup
evidence/hardware-bringup/2026-08-21/core-acceptance-g3/two-hour-preacceptance-001/monitor/run-001/heartbeats/heartbeat-097.json,6368,ec0d20059c91d8fcce3553af7d40fd0fe6b9386edf177226a60b94904ee3c9fc,json,hardware-bringup
evidence/hardware-bringup/2026-08-21/core-acceptance-g3/two-hour-preacceptance-001/monitor/run-001/heartbeats/heartbeat-098.json,5283,8a0cbaa39ee2a247bd5bada09e7fd380a5955fb6206baed8c0730b1055d58013,json,hardware-bringup
evidence/hardware-bringup/2026-08-21/core-acceptance-g3/two-hour-preacceptance-001/monitor/run-001/heartbeats/heartbeat-099.json,5825,f4a9c4a416e4d33398c422696062514ede645ae329e54c779c7058384936f008,json,hardware-bringup
evidence/hardware-bringup/2026-08-21/core-acceptance-g3/two-hour-preacceptance-001/monitor/run-001/heartbeats/heartbeat-100.json,9080,8dcd25e2e0737ae11654dc1b67978bb02ed5a96dcea0a7c6ac2ec187aff00871,json,hardware-bringup
evidence/hardware-bringup/2026-08-21/core-acceptance-g3/two-hour-preacceptance-001/monitor/run-001/heartbeats/heartbeat-101.json,5826,2dc8fa84efff49f43e45bf346b169fd08962bc200cb3976648d999b4e75026c3,json,hardware-bringup
evidence/hardware-bringup/2026-08-21/core-acceptance-g3/two-hour-preacceptance-001/monitor/run-001/heartbeats/heartbeat-102.json,6368,ce37fb46589be792d40dfbcd5cecd0935cd3dcd62c232cfecc30fca0006457c7,json,hardware-bringup
evidence/hardware-bringup/2026-08-21/core-acceptance-g3/two-hour-preacceptance-001/monitor/run-001/heartbeats/heartbeat-103.json,5284,9fc94a78adb9d489fc0ad2134642804b3d05cc7ebb1728992808cf758ec75b8a,json,hardware-bringup
evidence/hardware-bringup/2026-08-21/core-acceptance-g3/two-hour-preacceptance-001/monitor/run-001/heartbeats/heartbeat-104.json,5826,90353a518f143fd2200ce2bebad1ea388b6dccb74a6374605c6f2748d6c8e464,json,hardware-bringup
evidence/hardware-bringup/2026-08-21/core-acceptance-g3/two-hour-preacceptance-001/monitor/run-001/heartbeats/heartbeat-105.json,9079,5dc4be8e38fbe5e71ff469556c118a329fad7bb48e6059aebd1fdddd9b9a2e19,json,hardware-bringup
evidence/hardware-bringup/2026-08-21/core-acceptance-g3/two-hour-preacceptance-001/monitor/run-001/heartbeats/heartbeat-106.json,5826,a8cdd05485942a1aa9839b97d4df3f0ec803f15fb88a886f22eaaea6144cc46c,json,hardware-bringup
evidence/hardware-bringup/2026-08-21/core-acceptance-g3/two-hour-preacceptance-001/monitor/run-001/heartbeats/heartbeat-107.json,5827,c89fbe01fa61e0a203aad92ce9ce1b1f34193c860a6fa6c0b904553bd82821ca,json,hardware-bringup
evidence/hardware-bringup/2026-08-21/core-acceptance-g3/two-hour-preacceptance-001/monitor/run-001/heartbeats/heartbeat-108.json,5284,30a25798011cb509212cb1a58b88dbdb4822849926358fd50c2f84f532f2f870,json,hardware-bringup
evidence/hardware-bringup/2026-08-21/core-acceptance-g3/two-hour-preacceptance-001/monitor/run-001/heartbeats/heartbeat-109.json,6369,b8003bbf3702c80ad7e722983ef6b010b5e3a2ca0aea39b7adf44b3f60d3e4a5,json,hardware-bringup
evidence/hardware-bringup/2026-08-21/core-acceptance-g3/two-hour-preacceptance-001/monitor/run-001/heartbeats/heartbeat-110.json,9080,0da2b3ff2a2756138e786dd82a3be39d1d3961c00888febf3c5497c0e042bbd0,json,hardware-bringup
evidence/hardware-bringup/2026-08-21/core-acceptance-g3/two-hour-preacceptance-001/monitor/run-001/heartbeats/heartbeat-111.json,5826,dbfcd626ebd0857d0d04127d27d9b2b7a01e10cce1acc88cab5d9c8d95a256e9,json,hardware-bringup
evidence/hardware-bringup/2026-08-21/core-acceptance-g3/two-hour-preacceptance-001/monitor/run-001/heartbeats/heartbeat-112.json,5827,fe775d05b405e3c88324dfb832fcb8db36df081039d14c3b1584df3f96bb8e96,json,hardware-bringup
evidence/hardware-bringup/2026-08-21/core-acceptance-g3/two-hour-preacceptance-001/monitor/run-001/heartbeats/heartbeat-113.json,5826,52f7a91ee2a10a7f7e754c950307681f8737be4614441c7d675754483bdc71fa,json,hardware-bringup
evidence/hardware-bringup/2026-08-21/core-acceptance-g3/two-hour-preacceptance-001/monitor/run-001/heartbeats/heartbeat-114.json,5827,c3d1d223728ca2be385f5f64931027b827202c2afe0c5432179b6f160a650640,json,hardware-bringup
evidence/hardware-bringup/2026-08-21/core-acceptance-g3/two-hour-preacceptance-001/monitor/run-001/heartbeats/heartbeat-115.json,9079,a2b81d77dcbebe61a22c3b44f6b00552e912355e1c7bd28dc52945c361b93d2b,json,hardware-bringup
evidence/hardware-bringup/2026-08-21/core-acceptance-g3/two-hour-preacceptance-001/monitor/run-001/heartbeats/heartbeat-116.json,5826,3a10e890896286da2b032ff1c97aba72ba1fce08a69762a4039720d57a2f5b64,json,hardware-bringup
evidence/hardware-bringup/2026-08-21/core-acceptance-g3/two-hour-preacceptance-001/monitor/run-001/heartbeats/heartbeat-117.json,5284,7817e0203f789daf303a2b052addf3a11b9a0cbc01cc193d0f38b1ceef04f75c,json,hardware-bringup
evidence/hardware-bringup/2026-08-21/core-acceptance-g3/two-hour-preacceptance-001/monitor/run-001/heartbeats/heartbeat-118.json,6368,aa7ad7d2b353b4102293331d1a983de526fc9a536106b3ef8d4d733bbfa144f6,json,hardware-bringup
evidence/hardware-bringup/2026-08-21/core-acceptance-g3/two-hour-preacceptance-001/monitor/run-001/heartbeats/heartbeat-119.json,5284,ade706a9b549bdfe0544cd9fabbb752eef5acc78e256e3f03d11093ea29c4881,json,hardware-bringup
evidence/hardware-bringup/2026-08-21/core-acceptance-g3/two-hour-preacceptance-001/monitor/run-001/heartbeats/heartbeat-120.json,9079,d8c3283b33a122a52d7c60d3d4e2c46eff7e9affab3756a4e9ad19aed9556af5,json,hardware-bringup
evidence/hardware-bringup/2026-08-21/core-acceptance-g3/two-hour-preacceptance-001/monitor/run-001/heartbeats/heartbeat-121.json,5827,ca748e9251525d1d2def5d9e54cb8a0a67f838e331acc12fda2744796e0114f3,json,hardware-bringup
evidence/hardware-bringup/2026-08-21/core-acceptance-g3/two-hour-preacceptance-001/monitor/run-001/heartbeats/heartbeat-122.json,5826,d5431f3e5fb602852ac6dcd1b731edf36e8b87bc4ffc093a5dfffb2198903a17,json,hardware-bringup
evidence/hardware-bringup/2026-08-21/core-acceptance-g3/two-hour-preacceptance-001/monitor/run-001/heartbeats/heartbeat-123.json,5827,b684da31b1036ee71c473d11268c68380d42ec0814b0609921216a61a2b91d7f,json,hardware-bringup
evidence/hardware-bringup/2026-08-21/core-acceptance-g3/two-hour-preacceptance-001/monitor/run-001/heartbeats/heartbeat-124.json,5826,509bedfb2b895deb29832998d5e96e865f6a1808500b7a26c082684173bbe474,json,hardware-bringup
evidence/hardware-bringup/2026-08-21/core-acceptance-g3/two-hour-preacceptance-001/monitor/run-001/heartbeats/heartbeat-125.json,9079,3561ff370f90eb2eb532540869ec825267895bb9b1da8167c3cfcbd70f2d3d84,json,hardware-bringup
evidence/hardware-bringup/2026-08-21/core-acceptance-g3/two-hour-preacceptance-001/monitor/run-001/heartbeats/heartbeat-126.json,5283,445b82f2106f3bf542ccd1da8ccfad9e1bb03d4746b87e51cb9050af262d0884,json,hardware-bringup
evidence/hardware-bringup/2026-08-21/core-acceptance-g3/two-hour-preacceptance-001/monitor/run-001/heartbeats/heartbeat-127.json,5826,efb6ae21200939ef7a23320576cc160aaef5b01d20788ee20557013db27828ff,json,hardware-bringup
evidence/hardware-bringup/2026-08-21/core-acceptance-g3/two-hour-preacceptance-001/monitor/run-001/heartbeats/heartbeat-128.json,5824,657acd2380227296d59465db4658d24ceda01283e2d45fcb03059f13a5362288,json,hardware-bringup
evidence/hardware-bringup/2026-08-21/core-acceptance-g3/two-hour-preacceptance-001/monitor/run-001/heartbeats/heartbeat-129.json,5826,c183bc0eef99fca4d0cdb6afe1879007193095dee1c2818886618fa35bd44318,json,hardware-bringup
evidence/hardware-bringup/2026-08-21/core-acceptance-g3/two-hour-preacceptance-001/monitor/run-001/metrics-summary.json,3520,5edcccd7f3a13eab2927a1b4001d8f077bc6f03186ab10bff05a2d41914d2033,json,hardware-bringup
evidence/hardware-bringup/2026-08-21/core-acceptance-g3/two-hour-preacceptance-001/monitor/run-001/model-switches/A-2026-08-21T104400.953526+0000.json,704,833f97217734db6850bdbc47dfca5ff2730ab5017093e38244a5e5b7ce1b117f,json,hardware-bringup
evidence/hardware-bringup/2026-08-21/core-acceptance-g3/two-hour-preacceptance-001/monitor/run-001/model-switches/A-2026-08-21T114400.821851+0000.json,704,8b774122e6a46019c5409c0e2ffa25146234a8f698fbe3b9866d3417bfa014a1,json,hardware-bringup
evidence/hardware-bringup/2026-08-21/core-acceptance-g3/two-hour-preacceptance-001/monitor/run-001/model-switches/B-2026-08-21T111400.843277+0000.json,704,101e73569e51c41066d262cb01ac06a22501dd3104b1b3b03db25476174d58d0,json,hardware-bringup
evidence/hardware-bringup/2026-08-21/core-acceptance-g3/two-hour-preacceptance-001/monitor/run-001/model-switches/B-2026-08-21T121400.802255+0000.json,704,14287bbe248c85112f4a1fef33c09f270c44a1648a0bcc7787537ec149bc9e95,json,hardware-bringup
evidence/hardware-bringup/2026-08-21/core-acceptance-g3/two-hour-preacceptance-001/monitor/run-001/model-switches/activation-01.json,704,833f97217734db6850bdbc47dfca5ff2730ab5017093e38244a5e5b7ce1b117f,json,hardware-bringup
evidence/hardware-bringup/2026-08-21/core-acceptance-g3/two-hour-preacceptance-001/monitor/run-001/model-switches/activation-02.json,704,101e73569e51c41066d262cb01ac06a22501dd3104b1b3b03db25476174d58d0,json,hardware-bringup
evidence/hardware-bringup/2026-08-21/core-acceptance-g3/two-hour-preacceptance-001/monitor/run-001/model-switches/activation-03.json,704,8b774122e6a46019c5409c0e2ffa25146234a8f698fbe3b9866d3417bfa014a1,json,hardware-bringup
evidence/hardware-bringup/2026-08-21/core-acceptance-g3/two-hour-preacceptance-001/monitor/run-001/model-switches/activation-04.json,704,14287bbe248c85112f4a1fef33c09f270c44a1648a0bcc7787537ec149bc9e95,json,hardware-bringup
evidence/hardware-bringup/2026-08-21/core-acceptance-g3/two-hour-preacceptance-001/monitor/run-001/run-start.json,10274,0ec9b873768904b04fd0dbeee799eb4c80e6160af5d16df8f25b736f158e9971,json,hardware-bringup
evidence/hardware-bringup/2026-08-21/core-acceptance-g3/two-hour-preacceptance-001/monitor/run-001/run-state.json,10314,aef0a386d66c0057c1a6517f43d421b32d71997ea8a27e0bea2c31930941d460,json,hardware-bringup
evidence/hardware-bringup/2026-08-21/core-acceptance-g3/two-hour-preacceptance-001/monitor/run-001/run-summary.json,1249,a9d816c518e6ce91eda5dc5deca4896b93d55df086fed0442bc2d5938d089ab8,json,hardware-bringup
evidence/hardware-bringup/2026-08-21/core-acceptance-g3/two-hour-preacceptance-001/monitor/run-001/t0-event-readback.json,753,bb1c3d836b1d4e54e2a1861d80f046bb4a7e92042798b7a1b3b441cf31737451,json,hardware-bringup
evidence/hardware-bringup/2026-08-21/core-acceptance-g3/two-hour-preacceptance-001/monitor/run-001/uart1/runtime.console.log,3890496,15d5a40a650eb6af55e49e33c272a9e68123343959bc45e5b2ced6dc5ae1c877,log,hardware-bringup
evidence/hardware-bringup/2026-08-21/core-acceptance-g3/two-hour-preacceptance-001/monitor/run-001/uart3/runtime.frames.jsonl,229825,3a4a186a37a2d59552814c3b96ac1f4132ef4fe68b34bcd65af87a3c37c59431,jsonl,hardware-bringup
evidence/hardware-bringup/2026-08-21/core-acceptance-g3/two-hour-preacceptance-001/monitor/run-001/uart3/runtime.raw.jsonl,648544,b02c40333c462bbda857bd2b75537f3803ce23fe4595ce03b0225e8613539176,jsonl,hardware-bringup
evidence/hardware-bringup/2026-08-21/core-acceptance-g3/two-hour-preacceptance-001/operator-checklist.md,2469,10aa5841450526f91e7786f0aa8bd178ffde9453a9a74af87451e1204cd1289e,md,hardware-bringup
evidence/hardware-bringup/2026-08-21/core-acceptance-g3/two-hour-preacceptance-001/results/gate-results.json,1688,25b259118cb673e4c931c5df1570dbc2bfe33aedf2e6f0ac632d4f74dc36e2bd,json,hardware-bringup
evidence/hardware-bringup/2026-08-21/core-acceptance-g3/two-hour-preacceptance-001/summary.md,2710,d76121c7140a1b21fef0d0b8fdcc5fbc033baa4b9ad40b9e381840a5137ca176,md,hardware-bringup
evidence/hardware-bringup/2026-08-21/core-acceptance-g3/two-hour-preacceptance-001/uart1/baseline/baseline.console.log,10540,0af84d31899706a1f299b93c1e2abfad3001236d651a5e2373564e41a0386d71,log,hardware-bringup
evidence/hardware-bringup/2026-08-21/core-acceptance-g3/two-hour-preacceptance-001/uart1/baseline/baseline.json,1260,f3299251e64448c4afee772c5decda4088065ff2941e57079e5be49499b4f5c1,json,hardware-bringup
evidence/hardware-bringup/2026-08-21/core-acceptance-g3/two-hour-preacceptance-001/uart1/run_finsh_baseline.py,4166,4d5c8a689f53280b9ae1e69baca967b52dcf03d3416ab868215a7f1d57b2ce19,py,hardware-bringup
evidence/hardware-bringup/2026-08-21/core-acceptance-g3/two-hour-preacceptance-001/uart3/baseline-retry-5s/retry-5s.frames.jsonl,129,7d27c7b881f4b07c2d4dad063bb8478a78f34af2c435869b1e14d6f3f5fedbad,jsonl,hardware-bringup
evidence/hardware-bringup/2026-08-21/core-acceptance-g3/two-hour-preacceptance-001/uart3/baseline-retry-5s/retry-5s.json,537,3f466ca4b11e034d3285b8f26838970cc540b5aab7a10349ec086844bb851a53,json,hardware-bringup
evidence/hardware-bringup/2026-08-21/core-acceptance-g3/two-hour-preacceptance-001/uart3/baseline-retry-5s/retry-5s.raw.jsonl,140,87a48e5befe959ae74073511c1f8962351d963afd36e18136ee011a0c1e33481,jsonl,hardware-bringup
evidence/hardware-bringup/2026-08-21/core-acceptance-g3/two-hour-preacceptance-001/uart3/baseline/baseline.frames.jsonl,129,26a163b18ef534a21f210cea4ce2d80ca32ab9ff869ddd1d4b954be62a73e389,jsonl,hardware-bringup
evidence/hardware-bringup/2026-08-21/core-acceptance-g3/two-hour-preacceptance-001/uart3/baseline/baseline.json,537,d2bb05abf1ddeda9fd1594e5d485a4cf184f9907de3e936cb8084a046c642123,json,hardware-bringup
evidence/hardware-bringup/2026-08-21/core-acceptance-g3/two-hour-preacceptance-001/uart3/baseline/baseline.raw.jsonl,140,dc97398dd3dda74a56f0b40b5ff48b103788dbfd6d401f0b526bb1f754222240,jsonl,hardware-bringup
evidence/hardware-bringup/2026-08-21/core-acceptance-g3/two-hour-preacceptance-001/uart3/retry-after-replug/retry-after-replug.frames.jsonl,1873,9082399656ab173e87f4603fbd2b0e878d8da843630dbbc88783ea0b7f2a88cc,jsonl,hardware-bringup
evidence/hardware-bringup/2026-08-21/core-acceptance-g3/two-hour-preacceptance-001/uart3/retry-after-replug/retry-after-replug.json,1446,69718cecd25d732ca1b7aa67755e303c117f01b09fda3bb9d27746fcc86b97d3,json,hardware-bringup
evidence/hardware-bringup/2026-08-21/core-acceptance-g3/two-hour-preacceptance-001/uart3/retry-after-replug/retry-after-replug.raw.jsonl,3167,49be306e14b778f459e207d5ee8902fd7f2f42fc3acc55a2ab6eace052c91170,jsonl,hardware-bringup
evidence/hardware-bringup/2026-08-22/core-acceptance-g3/pool-backpressure-regression-001/README.md,2278,73ac08522ee5dd1f4d8f336aa8a11877f81f0a7f9cd3454839d9c1bbe741fe9e,md,hardware-bringup
evidence/hardware-bringup/2026-08-22/core-acceptance-g3/pool-backpressure-regression-001/monitor/pool_backpressure_smoke.py,18159,1e2b2317c8db643f9c55f5b930023eb335d185f01006b13c37f6b21ed580805b,py,hardware-bringup
evidence/hardware-bringup/2026-08-22/core-acceptance-g3/pool-backpressure-regression-001/run-001-old-image-diagnosis.md,537,2c521d60c3f642d85e380eec62ccd65a2d16a165edcbd2340c7bceada6e00761,md,hardware-bringup
evidence/hardware-bringup/2026-08-22/core-acceptance-g3/pool-backpressure-regression-001/run-002-fixed-image/event-readback/event-44.terp-event,38560,363f611d8ce5168c1987360d646fd3e2e6317a17546ad9d75a44a4142f306f46,terp-event,hardware-bringup
evidence/hardware-bringup/2026-08-22/core-acceptance-g3/pool-backpressure-regression-001/run-002-fixed-image/event-readback/event-45.terp-event,38560,b5ffab25d401dd3f2157cec904ccd853cb1946873706391ba6af50740e79d556,terp-event,hardware-bringup
evidence/hardware-bringup/2026-08-22/core-acceptance-g3/pool-backpressure-regression-001/run-002-fixed-image/event-readback/event-46.terp-event,38560,850dfb061a693eec9695b2ed58d4109511d7903ab0c6205da849417b5951a194,terp-event,hardware-bringup
evidence/hardware-bringup/2026-08-22/core-acceptance-g3/pool-backpressure-regression-001/run-002-fixed-image/final-uart1.json,8357,5925f1e9e77aac86328cdfd7f4e25d2b98d5a0484358df4cbef4a77df498cc17,json,hardware-bringup
evidence/hardware-bringup/2026-08-22/core-acceptance-g3/pool-backpressure-regression-001/run-002-fixed-image/final-uart3.json,880,b904923593fbfdb3a70ebd538dba68d267ddcff0b9dd050a5e4f679ffcb63fa1,json,hardware-bringup
evidence/hardware-bringup/2026-08-22/core-acceptance-g3/pool-backpressure-regression-001/run-002-fixed-image/heartbeats/heartbeat-001.json,5396,9c093da1d44c7c5f1b187d673c14a86159d0060a4e1153dee8a1a1786e574f13,json,hardware-bringup
evidence/hardware-bringup/2026-08-22/core-acceptance-g3/pool-backpressure-regression-001/run-002-fixed-image/heartbeats/heartbeat-002.json,6498,2050b23279851dc555eedf3e77a1a5608a1dcfd2603e2554033d67026dd8b793,json,hardware-bringup
evidence/hardware-bringup/2026-08-22/core-acceptance-g3/pool-backpressure-regression-001/run-002-fixed-image/heartbeats/heartbeat-003.json,6273,83261f2fc4036be04feefccfd856150d9a303ba5a024ee2514a5a59efd2499cc,json,hardware-bringup
evidence/hardware-bringup/2026-08-22/core-acceptance-g3/pool-backpressure-regression-001/run-002-fixed-image/heartbeats/heartbeat-004.json,5641,44b52cddf6f4a431445916ecb91fc025d51a49abfe53c5f83bfe1e04b1cd6735,json,hardware-bringup
evidence/hardware-bringup/2026-08-22/core-acceptance-g3/pool-backpressure-regression-001/run-002-fixed-image/heartbeats/heartbeat-005.json,6262,64f819e5931745cfd707e9394f91949f4c4310425d9f82bec6be89994ae182fa,json,hardware-bringup
evidence/hardware-bringup/2026-08-22/core-acceptance-g3/pool-backpressure-regression-001/run-002-fixed-image/heartbeats/heartbeat-006.json,6262,cff784bf3ef285996494aa04ad1766514ee7d03f415a4e50f9c9d927930bf412,json,hardware-bringup
evidence/hardware-bringup/2026-08-22/core-acceptance-g3/pool-backpressure-regression-001/run-002-fixed-image/heartbeats/heartbeat-007.json,5157,6d22eb27f3b62cd135bf40ba581394e5f8663442a5967c2b1fa83f184d666bb7,json,hardware-bringup
evidence/hardware-bringup/2026-08-22/core-acceptance-g3/pool-backpressure-regression-001/run-002-fixed-image/heartbeats/heartbeat-008.json,6260,6c1bb1e69d9d83b36290aafb758c32af617d7e6868e502e29dec1c3ee441fcd4,json,hardware-bringup
evidence/hardware-bringup/2026-08-22/core-acceptance-g3/pool-backpressure-regression-001/run-002-fixed-image/heartbeats/heartbeat-009.json,5481,6e81563a67ed3355421e77531e931587c5546ec9b236c147718501389adfe7ad,json,hardware-bringup
evidence/hardware-bringup/2026-08-22/core-acceptance-g3/pool-backpressure-regression-001/run-002-fixed-image/heartbeats/heartbeat-010.json,6266,ff4517a83c8d63bae95021bc7559ce9a9029e806a951800639dc11064dba0d31,json,hardware-bringup
evidence/hardware-bringup/2026-08-22/core-acceptance-g3/pool-backpressure-regression-001/run-002-fixed-image/heartbeats/heartbeat-011.json,6294,11f21d14c9decf1d333659c4b0bfaa5a7432475fd51f0372939cf4e72aed51f8,json,hardware-bringup
evidence/hardware-bringup/2026-08-22/core-acceptance-g3/pool-backpressure-regression-001/run-002-fixed-image/heartbeats/heartbeat-012.json,5499,9705b0d4e7879204c53918454bb6d9e4833f0b441cca1c694707085edf05fb64,json,hardware-bringup
evidence/hardware-bringup/2026-08-22/core-acceptance-g3/pool-backpressure-regression-001/run-002-fixed-image/heartbeats/heartbeat-013.json,6284,a61a9aa2c6f2a5ed7285795bdf3e358baba805b885a3b02671ac9081a7bf8336,json,hardware-bringup
evidence/hardware-bringup/2026-08-22/core-acceptance-g3/pool-backpressure-regression-001/run-002-fixed-image/heartbeats/heartbeat-014.json,5337,6b84fb44cd677bb4e973127cfaa5720e80ab8f00278bf0a82ff3afc4ddc3610d,json,hardware-bringup
evidence/hardware-bringup/2026-08-22/core-acceptance-g3/pool-backpressure-regression-001/run-002-fixed-image/heartbeats/heartbeat-015.json,6284,84afdfc004993318c4e20cfa2183049045649498b34d6102c38e62cba6404e3b,json,hardware-bringup
evidence/hardware-bringup/2026-08-22/core-acceptance-g3/pool-backpressure-regression-001/run-002-fixed-image/heartbeats/heartbeat-016.json,6281,3e6d68bee03ea771ce3de06c9a248d57239d64411390625c7db7df149380ecd1,json,hardware-bringup
evidence/hardware-bringup/2026-08-22/core-acceptance-g3/pool-backpressure-regression-001/run-002-fixed-image/heartbeats/heartbeat-017.json,6284,77d616bb902589b62d0e02cae46acff8ddc661179bd54b141ffc30d8d6c1a67a,json,hardware-bringup
evidence/hardware-bringup/2026-08-22/core-acceptance-g3/pool-backpressure-regression-001/run-002-fixed-image/heartbeats/heartbeat-018.json,6284,530d2d9b64ec49642934dfe9df4cb26705f292c513a451a829eb9d18963791fd,json,hardware-bringup
evidence/hardware-bringup/2026-08-22/core-acceptance-g3/pool-backpressure-regression-001/run-002-fixed-image/heartbeats/heartbeat-019.json,6306,2888d2c346a2c68575e2849cddd12f23436f185f27f1aabf52dda1e20a84e8da,json,hardware-bringup
evidence/hardware-bringup/2026-08-22/core-acceptance-g3/pool-backpressure-regression-001/run-002-fixed-image/heartbeats/heartbeat-020.json,5186,81c16a920f29df7a15bf01f251d850e97959499d8b6f761962b17de1e7260bc6,json,hardware-bringup
evidence/hardware-bringup/2026-08-22/core-acceptance-g3/pool-backpressure-regression-001/run-002-fixed-image/heartbeats/heartbeat-021.json,6292,d082acc44bcd0f92d5586a8b3372485403353b523541162f9bba3845371dbf3a,json,hardware-bringup
evidence/hardware-bringup/2026-08-22/core-acceptance-g3/pool-backpressure-regression-001/run-002-fixed-image/heartbeats/heartbeat-022.json,6294,606c29a148967de1beed9e11e16327153b7f074af9c0ed454255ab350476635a,json,hardware-bringup
evidence/hardware-bringup/2026-08-22/core-acceptance-g3/pool-backpressure-regression-001/run-002-fixed-image/heartbeats/heartbeat-023.json,6547,49c620bf6ff770f2c7358ff65ac924c3c76a81acfbec434ca608dd612e11947a,json,hardware-bringup
evidence/hardware-bringup/2026-08-22/core-acceptance-g3/pool-backpressure-regression-001/run-002-fixed-image/heartbeats/heartbeat-024.json,6294,964677b9d3165065d1ce00d630f7d3356fa499960ac839793bb1c7329b36e91e,json,hardware-bringup
evidence/hardware-bringup/2026-08-22/core-acceptance-g3/pool-backpressure-regression-001/run-002-fixed-image/run-start.json,11845,57bc7d859357207f3da159555393fef22e9e4c58b21b63d83a4055c2baeb420a,json,hardware-bringup
evidence/hardware-bringup/2026-08-22/core-acceptance-g3/pool-backpressure-regression-001/run-002-fixed-image/run-state.json,280,d1598823beb27f5ba61679524ad1643b81a52d59b55680150c3339981e83a774,json,hardware-bringup
evidence/hardware-bringup/2026-08-22/core-acceptance-g3/pool-backpressure-regression-001/run-002-fixed-image/run-summary.json,1486,6986dfd8499ca76f673addddc961fe3ecd4506bcec3c234c32b04ccce54af99e,json,hardware-bringup
evidence/hardware-bringup/2026-08-22/core-acceptance-g3/pool-backpressure-regression-001/run-002-fixed-image/triggers/trigger-01.json,1800,62ba8aba308a940d1ac5d3998879dcec206036fc2fa95791929b27f727555006,json,hardware-bringup
evidence/hardware-bringup/2026-08-22/core-acceptance-g3/pool-backpressure-regression-001/run-002-fixed-image/triggers/trigger-02.json,2058,f63e3953db3df628648534e2a5de03eabae75ba6bd0a10f229914eb383b38ed8,json,hardware-bringup
evidence/hardware-bringup/2026-08-22/core-acceptance-g3/pool-backpressure-regression-001/run-002-fixed-image/triggers/trigger-03.json,1809,271ce6f89036f6433a0c494673ad565f3352367bc9367684a9599be062cd0e95,json,hardware-bringup
evidence/hardware-bringup/2026-08-22/core-acceptance-g3/pool-backpressure-regression-001/run-002-fixed-image/uart1/runtime.console.log,243835,26c7c72aadf3ba56e0b03c09d712068493cf7646bedce6f9997c3bc36844469e,log,hardware-bringup
evidence/hardware-bringup/2026-08-22/core-acceptance-g3/pool-backpressure-regression-001/run-002-fixed-image/uart3/runtime.raw.jsonl,331207,a99964f99521fe674c2c3cb9827663ea86d8f19277fc49082acc7c4445c5a256,jsonl,hardware-bringup
evidence/hardware-bringup/2026-08-22/core-acceptance-g3/pool-backpressure-regression-001/run-003-final-commit/artifact-hashes.txt,281,9d289150b153de8e51ba562c5928ac353454fa7983368622cdf649a533d4ebee,txt,hardware-bringup
evidence/hardware-bringup/2026-08-22/core-acceptance-g3/pool-backpressure-regression-001/run-003-final-commit/build-release.log,9025,57142a925b6888e05eae5e76549ca20c218b0b5c80a7f1f9eb0fbd14e13daaae,log,hardware-bringup
evidence/hardware-bringup/2026-08-22/core-acceptance-g3/pool-backpressure-regression-001/run-003-final-commit/hardware-run/event-readback/event-47.terp-event,38560,96310eac988db3f4dba7c0a9d440b8ad8b362d847587fa382c8010325d280f7d,terp-event,hardware-bringup
evidence/hardware-bringup/2026-08-22/core-acceptance-g3/pool-backpressure-regression-001/run-003-final-commit/hardware-run/event-readback/event-48.terp-event,38560,be4f9a632545373224c251e587378b78839c673f1dec4e7c3f81cbda8858207b,terp-event,hardware-bringup
evidence/hardware-bringup/2026-08-22/core-acceptance-g3/pool-backpressure-regression-001/run-003-final-commit/hardware-run/final-uart1.json,8357,3688bb890cbd9ae0367d08c961698b461acc2aa0a5aba63b31835c871e63bedd,json,hardware-bringup
evidence/hardware-bringup/2026-08-22/core-acceptance-g3/pool-backpressure-regression-001/run-003-final-commit/hardware-run/final-uart3.json,896,4e8a03dc3044a5117ddea2127c2166cf31c57f7624dce7d4dc3150d905d15f86,json,hardware-bringup
evidence/hardware-bringup/2026-08-22/core-acceptance-g3/pool-backpressure-regression-001/run-003-final-commit/hardware-run/heartbeats/heartbeat-001.json,5426,0be12143d8ce6ff6f3b3417446bc74683f8726239bc3c2f27441d1b9cd16989d,json,hardware-bringup
evidence/hardware-bringup/2026-08-22/core-acceptance-g3/pool-backpressure-regression-001/run-003-final-commit/hardware-run/heartbeats/heartbeat-002.json,6527,fe70d253a1aa9a24b9ff219474f08e892793052fd07a377455e6d60478f42808,json,hardware-bringup
evidence/hardware-bringup/2026-08-22/core-acceptance-g3/pool-backpressure-regression-001/run-003-final-commit/hardware-run/heartbeats/heartbeat-003.json,6303,ad5203ccf0a3f1d81f385dd0c107455ac1b6072be1b01e509068277d08dad1b7,json,hardware-bringup
evidence/hardware-bringup/2026-08-22/core-acceptance-g3/pool-backpressure-regression-001/run-003-final-commit/hardware-run/heartbeats/heartbeat-004.json,6292,846a4b3371c824b4c5335f21d491bcc3e14be5f2d461ed7a31926f879aca22d1,json,hardware-bringup
evidence/hardware-bringup/2026-08-22/core-acceptance-g3/pool-backpressure-regression-001/run-003-final-commit/hardware-run/heartbeats/heartbeat-005.json,6292,77069f4cdaecedc3adc79f780b9b1debd7959f2427a6ffbbaef4c9c4734fabad,json,hardware-bringup
evidence/hardware-bringup/2026-08-22/core-acceptance-g3/pool-backpressure-regression-001/run-003-final-commit/hardware-run/heartbeats/heartbeat-006.json,6292,456d9d8bd5b54cea67baf0287905887edc7afb82cc79f678ea323f2289d7f7d8,json,hardware-bringup
evidence/hardware-bringup/2026-08-22/core-acceptance-g3/pool-backpressure-regression-001/run-003-final-commit/hardware-run/heartbeats/heartbeat-007.json,6292,e9da501e458102347db9365b078f9d5ccef0f5a6418d0e03bdfbdd48f8dbb413,json,hardware-bringup
evidence/hardware-bringup/2026-08-22/core-acceptance-g3/pool-backpressure-regression-001/run-003-final-commit/hardware-run/heartbeats/heartbeat-008.json,6293,93c45a8463083fc016fe53dd9b803a98798ba651ae28c609b1e6b1a6335a8750,json,hardware-bringup
evidence/hardware-bringup/2026-08-22/core-acceptance-g3/pool-backpressure-regression-001/run-003-final-commit/hardware-run/heartbeats/heartbeat-009.json,6318,b5329e4c1aa62b62f04a5caa795153edf39df90c5f126a84c79e79f4f0d4495a,json,hardware-bringup
evidence/hardware-bringup/2026-08-22/core-acceptance-g3/pool-backpressure-regression-001/run-003-final-commit/hardware-run/heartbeats/heartbeat-010.json,5298,f46bcf4047a6b0d6290d1786220406d70a1f6ad36b8d68112c8af817261f4b7e,json,hardware-bringup
evidence/hardware-bringup/2026-08-22/core-acceptance-g3/pool-backpressure-regression-001/run-003-final-commit/hardware-run/heartbeats/heartbeat-011.json,6310,460214cb748e46a0313073cdda9ed1fddaea5e4202613a122087f0e0f00dc7ae,json,hardware-bringup
evidence/hardware-bringup/2026-08-22/core-acceptance-g3/pool-backpressure-regression-001/run-003-final-commit/hardware-run/heartbeats/heartbeat-012.json,6314,363db633ff5b494584f406d94a8f12a10d895a40bbcadd04436537c9c640aca2,json,hardware-bringup
evidence/hardware-bringup/2026-08-22/core-acceptance-g3/pool-backpressure-regression-001/run-003-final-commit/hardware-run/heartbeats/heartbeat-013.json,5851,f878a92a514993202d7689b241358aea41b35e1461ee835ec220cd82a47f23ed,json,hardware-bringup
evidence/hardware-bringup/2026-08-22/core-acceptance-g3/pool-backpressure-regression-001/run-003-final-commit/hardware-run/heartbeats/heartbeat-014.json,6314,f71f2d0ed14a04c75a8c6977aeb32e0e68d1c181c01ad080da2e42580206e9a3,json,hardware-bringup
evidence/hardware-bringup/2026-08-22/core-acceptance-g3/pool-backpressure-regression-001/run-003-final-commit/hardware-run/heartbeats/heartbeat-015.json,5205,ad18c21b35e80199650fa3fdba77dde3f5c08ffc6607ca0319c8a974e686b427,json,hardware-bringup
evidence/hardware-bringup/2026-08-22/core-acceptance-g3/pool-backpressure-regression-001/run-003-final-commit/hardware-run/heartbeats/heartbeat-016.json,6314,73c1b1a58784de2d6fa79dbf01f72178835ed5157f44214aa49f294e4f48a18a,json,hardware-bringup
evidence/hardware-bringup/2026-08-22/core-acceptance-g3/pool-backpressure-regression-001/run-003-final-commit/hardware-run/run-start.json,11875,2f543cfd156f46f02c27a1f816a5333712680f137b7688d4b6e95e782291c222,json,hardware-bringup
evidence/hardware-bringup/2026-08-22/core-acceptance-g3/pool-backpressure-regression-001/run-003-final-commit/hardware-run/run-state.json,269,70f0bba6cc9afdf20434e5c016c29ed21c30af66fc85db224824d7aaf1f44fc0,json,hardware-bringup
evidence/hardware-bringup/2026-08-22/core-acceptance-g3/pool-backpressure-regression-001/run-003-final-commit/hardware-run/run-summary.json,1467,788e6698da4ca281b3159f3e2a48a953c7a37efb9f96eb40e9fe5928483230b5,json,hardware-bringup
evidence/hardware-bringup/2026-08-22/core-acceptance-g3/pool-backpressure-regression-001/run-003-final-commit/hardware-run/triggers/trigger-01.json,1800,5c4376c0fda0dafeffba10dfe12dd145d225da08fc8d3617efdd7ded83614114,json,hardware-bringup
evidence/hardware-bringup/2026-08-22/core-acceptance-g3/pool-backpressure-regression-001/run-003-final-commit/hardware-run/triggers/trigger-02.json,1805,e1929c11d3fbfb8358e7531190bae9f4451b4f1fc8fd100badd708b1f82e17a5,json,hardware-bringup
evidence/hardware-bringup/2026-08-22/core-acceptance-g3/pool-backpressure-regression-001/run-003-final-commit/hardware-run/uart1/runtime.console.log,169470,55167c268fc8c27bb283a50a4a4a43292954cbc24b36450ef62cac7e877c001d,log,hardware-bringup
evidence/hardware-bringup/2026-08-22/core-acceptance-g3/pool-backpressure-regression-001/run-003-final-commit/hardware-run/uart3/runtime.raw.jsonl,223894,8228db40af5c19dcff0d5dc9882868a564112756ad8c3f9700be8fd1a32f1f9f,jsonl,hardware-bringup
evidence/hardware-bringup/2026-08-22/core-acceptance-g3/pool-backpressure-regression-001/run-003-final-commit/preflight-uart3/final-commit-baseline.frames.jsonl,1874,3cba715cd12cfc66a1c58c727a0f5efda009bb91e4689f45d176dcafe59b0c22,jsonl,hardware-bringup
evidence/hardware-bringup/2026-08-22/core-acceptance-g3/pool-backpressure-regression-001/run-003-final-commit/preflight-uart3/final-commit-baseline.json,1505,485b7cfbc487ed3f1c0a073f603ed2fd82005792eec515df53d38beb495eccab,json,hardware-bringup
evidence/hardware-bringup/2026-08-22/core-acceptance-g3/pool-backpressure-regression-001/run-003-final-commit/preflight-uart3/final-commit-baseline.raw.jsonl,3335,1f43eb5d0501900cd0a9882736c291d0d5981ed9f5c1a35419e53b3f50bcee5f,jsonl,hardware-bringup
evidence/hardware-bringup/2026-08-22/core-acceptance-g3/pool-backpressure-regression-001/run-003-final-commit/program-final-stlink.console.log,1817,8efe294457935e3eba4f4012409979063e8720a2967af1aeb537d0610a3f9214,log,hardware-bringup
evidence/hardware-bringup/2026-08-22/core-acceptance-g3/pool-backpressure-regression-001/run-003-final-commit/program-final-stlink.raw.log,11006,5d9678f7507f3ec9fa9dd9294f58dcaabc88cf4f9a36f2ef02c99a8baaca66a4,log,hardware-bringup
evidence/hardware-bringup/2026-08-22/core-acceptance-g3/pool-backpressure-regression-001/run-003-final-commit/software-gate.log,5031,ea6ec5126fae8fe03a272057d3e58ebf9c728e0275f6c4406d7a42d0a8b0e15f,log,hardware-bringup
evidence/hardware-bringup/curated-closeout.md,4337,f012580682a7eecb0759e01f7c2d4c9e50972cb1361fd34277aab7802053928b,md,hardware-bringup
evidence/hardware-bringup/curated-evidence-sha256.txt,7776,e16ceb939d9ecfe3d9d96e0e4b0bd3d6f3214eff55345c32e35951445ee0e3a2,txt,hardware-bringup
evidence/hardware-bringup/gate-results.json,3103,6042065e4ee8e5a7113d68bdee59b0bfe6e6bb90c388649bb86a0834f48ab54a,json,hardware-bringup
evidence/hardware-validation.md,19698,08fcebe6b4e08fe1d8f7b95fd1467491ece42489d7f9602e30f57f7ae81842f7,md,hardware-validation.md
evidence/phase03/README.md,587,1593ba16059d0051d3abde42344f01c55fbfe89894564e428e8c67a48cc95168,md,phase03
evidence/phase03/build-incremental.log,1519,e5e945a4cb8105905d6814617ba6e31ae8623ec6972223d9d99771315ad44bcf,log,phase03
evidence/phase03/build.log,4233,647c443d5afd2ea0a692ab30f847574269eae416125adf436065b843292e1a23,log,phase03
evidence/phase05/README.md,813,b061146eb5f9cc39a6589a0bfa3ba1fddabb90ef5e36a926e08c85d4ab160b50,md,phase05
evidence/phase05/no-hardware-verification.md,1581,4e5f2dbdb8690047841eb8b6d2ccfce2760a77d907953fd71b2f37521e3b24a3,md,phase05
evidence/phase08/uart3-terp-hardware.md,2125,05c13a3779627201a88f12fb78d7b8ac7a3eaf9669818b8f876d0db52f82797d,md,phase08
evidence/phase08/usb-enumeration.md,288,99ae2252ec32c6f33e4c5e7cbdcd342f4b70390175952aef970510f3edc49f2d,md,phase08
evidence/phase11-ota/2026-08-06/HIL-BOOT-RESET-001/uart.log,31641,682d97fc2463541692983524c59e7d6f6c4abb2de4ad799d6d8479508e8ef690,log,phase11-ota
evidence/phase11-ota/2026-08-06/HIL-BOOT-RESET-002/result.md,612,47836c76a537bc1f109e65dedc6bc55a5f3225688a53360be2a30eed3012e37e,md,phase11-ota
evidence/phase11-ota/2026-08-06/HIL-BOOT-RESET-002/uart.log,3911,fcdf6996ab79f43d0550ba6be44ac622199122fab9c8539f2bf35aeb70d94e55,log,phase11-ota
evidence/phase11-ota/2026-08-06/HIL-BOOT-STATE-001/result.md,674,9f2f6ca1b6a76e04e034bf7e441801a98d1e5837f1aff1da4cd76778267d2a05,md,phase11-ota
evidence/phase11-ota/2026-08-06/HIL-BOOT-VECTOR-001/result.md,707,8e65143196c9b6864a124bb9c53275ce72de314734998130a895692cd698817f,md,phase11-ota
evidence/phase11-ota/2026-08-06/HIL-QSPI-ERASE-001/result.md,623,b2cbef26ff35ce1d727d10de9b55041c505b52a1d0ce2f4237798bd1e9f08497,md,phase11-ota
evidence/phase11-ota/2026-08-06/HIL-QSPI-ERASE-001/uart-100-cycles.log,7911,53b71331c4421f598d7416bebfb1def0899ab7a60c2eb7ed6b4702172b8ccf89,log,phase11-ota
evidence/phase11-ota/2026-08-06/HIL-QSPI-ERASE-001/uart-after-systick-fix.log,210,ed7f0800fd43d3613d3ab23b59a11577fdff5b110c9eb9f96219d5a34c4267c9,log,phase11-ota
evidence/phase11-ota/2026-08-06/HIL-QSPI-ERASE-001/uart-hwrst.log,0,e3b0c44298fc1c149afbf4c8996fb92427ae41e4649b934ca495991b7852b855,log,phase11-ota
evidence/phase11-ota/2026-08-06/HIL-QSPI-ERASE-001/uart.log,0,e3b0c44298fc1c149afbf4c8996fb92427ae41e4649b934ca495991b7852b855,log,phase11-ota
evidence/phase11-ota/2026-08-12/HIL-FW-STAGE-001/application-after-bootloader-install.sha256.txt,427,55c91b68506c33dc89c3542615973d969d8c965cd853aff09e0943f212055885,txt,phase11-ota
evidence/phase11-ota/2026-08-12/HIL-FW-STAGE-001/application-after-complete-install.sha256.txt,427,3da5967e6ead2395a9a2dd0e209000b5585f593f45edb3073823667fccbb9405,txt,phase11-ota
evidence/phase11-ota/2026-08-12/HIL-FW-STAGE-001/application-after-trial-install.sha256.txt,427,42750b1dd06fd3d97b00317f8d6d3024091b38ebcf04a5763367c410cdf85c7a,txt,phase11-ota
evidence/phase11-ota/2026-08-12/HIL-FW-STAGE-001/bad-hardware-id.trfw,147188,63cfff8ff9c28ac0959edac5a0fb42cc1fdfee837a2f44d356f30be9df1e59e2,trfw,phase11-ota
evidence/phase11-ota/2026-08-12/HIL-FW-STAGE-001/bad-payload-crc.trfw,147188,85c38709efa1f5adc84a668d8d65beaa05b03aa58de76a5fd132f2844731dbc8,trfw,phase11-ota
evidence/phase11-ota/2026-08-12/HIL-FW-STAGE-001/bad-product-id.trfw,147188,8cfd845538f3c43fe0cd1becb4009b1122ac5439309f90b0fb1c83a19101b92f,trfw,phase11-ota
evidence/phase11-ota/2026-08-12/HIL-FW-STAGE-001/bad-target-address.trfw,147188,84942e788a602b8bdb9e4f848e0d1016b66afac3acb3685d7ce521fc49d5fc16,trfw,phase11-ota
evidence/phase11-ota/2026-08-12/HIL-FW-STAGE-001/bootloader-complete-install-state-and-image.log,2216,d581d44efaa9557630dbe91c2d3f6372aa676dd2c04f5ad9b3f6589ee868f594,log,phase11-ota
evidence/phase11-ota/2026-08-12/HIL-FW-STAGE-001/bootloader-install-reset.log,563,5705b3e921e7b5ae3ce6edd34d5a94e42c4d12bbc6fc8fce68f0efbd6f542d37,log,phase11-ota
evidence/phase11-ota/2026-08-12/HIL-FW-STAGE-001/bootloader-install-state-and-image.log,2218,62319e9d15c169222df96d6875b952e723dff7f68bbf614197327d1ffe8cbb3d,log,phase11-ota
evidence/phase11-ota/2026-08-12/HIL-FW-STAGE-001/bootloader-trial-state-and-image.log,2213,2e5b41b3e1a84476a6d148bd4d8f1fbf66a07aba784accd27387a17ad710950b,log,phase11-ota
evidence/phase11-ota/2026-08-12/HIL-FW-STAGE-001/build-terp-stack-fix-memory-map.log,94,108baac6b72cc35f9876f584afa4b787a7ff0cca83c144ddb7a19ac4bb278b4d,log,phase11-ota
evidence/phase11-ota/2026-08-12/HIL-FW-STAGE-001/candidate-1.1.0.trfw,147188,7250d6f63a4abc52935ed49c0a5c73cfb0342dea01f3fe6c7600f35bcb724eb6,trfw,phase11-ota
evidence/phase11-ota/2026-08-12/HIL-FW-STAGE-001/candidate-1.1.1-stm32h743vit6.inspect.json,324,ed06b90d15e262e1f8f684c0bb8ed30753f93ed7940e506e556eb966f3629913,json,phase11-ota
evidence/phase11-ota/2026-08-12/HIL-FW-STAGE-001/candidate-1.1.1-stm32h743vit6.sha256.txt,262,294f39ac1f80ee149f3eb51c2c561712bbcc4d549801bde293f318d4136d6e35,txt,phase11-ota
evidence/phase11-ota/2026-08-12/HIL-FW-STAGE-001/candidate-1.1.1-stm32h743vit6.trfw,147188,1dbef7fce406169fb6ed5373cf5e7880907a14b8bb1e9087a00e7e1c3a744019,trfw,phase11-ota
evidence/phase11-ota/2026-08-12/HIL-FW-STAGE-001/candidate-1.1.2-terp-stack-fix.inspect.json,324,ee1af95029e2f4723b9780fb19de9be54c3644f19c3b530d1f85e18b34a21d09,json,phase11-ota
evidence/phase11-ota/2026-08-12/HIL-FW-STAGE-001/candidate-1.1.2-terp-stack-fix.sha256.txt,427,6524aaa40e8d2e9025db97b2f357661af04de23885e4e7a70c8cbae2bc9f535c,txt,phase11-ota
evidence/phase11-ota/2026-08-12/HIL-FW-STAGE-001/candidate-1.1.2-terp-stack-fix.trfw,147188,7d6d355df9f8a08f79f407deb0a2f78c29955e838d3df669c1e2d66ff75909f2,trfw,phase11-ota
evidence/phase11-ota/2026-08-12/HIL-FW-STAGE-001/com7-after-reset-hello.log,65,ecb51444f2b25113dbd84c25140c1e0b6010b91afb73b28036dfe6a62bdb6c30,log,phase11-ota
evidence/phase11-ota/2026-08-12/HIL-FW-STAGE-001/com7-after-reset-stability.log,627,f86e7541368719c4a41da640a7dc9bd6c5350c5d971b79c54f75a52c1649b335,log,phase11-ota
evidence/phase11-ota/2026-08-12/HIL-FW-STAGE-001/com7-after-trial-install.log,185,2c6fe755c3ef1e9a57b8aaf122815c5961ecd01dab93f2236e4fe322a5eb914c,log,phase11-ota
evidence/phase11-ota/2026-08-12/HIL-FW-STAGE-001/com7-post-state-read-hello.log,31,5a448a7625bba57e639c0c2f8581a3ae67cf47a916444ffdfd3b9ac1b7862431,log,phase11-ota
evidence/phase11-ota/2026-08-12/HIL-FW-STAGE-001/com7-trial-stability-60s.log,615,4c4a2858e3edd225b4289d9f4b09223cc40df31b3677db549a2b72ecfc22efb3,log,phase11-ota
evidence/phase11-ota/2026-08-12/HIL-FW-STAGE-001/inspect.json,333,66d9e58a866714de2efb35a1637afa81ebc0629d46c7e898b1b087940a80760c,json,phase11-ota
evidence/phase11-ota/2026-08-12/HIL-FW-STAGE-001/package-sha256.txt,312,254b5ab55b08eccefa69a99149d8f4ec9fd850d1fcbf4bbf87dec8602d3d33a4,txt,phase11-ota
evidence/phase11-ota/2026-08-12/HIL-FW-STAGE-001/package.log,91,1faf3d5c0740b74b396860995b0f64a1fbcbd2eae01917b904e8c6b0b1508227,log,phase11-ota
evidence/phase11-ota/2026-08-12/HIL-FW-STAGE-001/program-ota-only-terp-stack-fix.log,1663,4fe860bc7d07e083872dc3b779c144adf2ece217dac69448d07291ab9b9c800c,log,phase11-ota
evidence/phase11-ota/2026-08-12/HIL-FW-STAGE-001/state-after-finalize-pending.log,1634,978a7d3d3fc8b16553aa805cf8455c36a918a102b79635f3c54295ef772c8ecc,log,phase11-ota
evidence/phase11-ota/2026-08-12/HIL-FW-STAGE-001/state-read-after-second-finalize.log,1634,dea7d3e604a7420dc4322978a027cc8009d7f96fa4509b964ef9618b5b502516,log,phase11-ota
evidence/phase11-ota/2026-08-12/HIL-FW-STAGE-001/stlink-after-finalize-failure.log,522,bc6d95d212ceb50201c7d0db1135caa10daa6e825e6f7922a232e234d2e41cfb,log,phase11-ota
evidence/phase11-ota/2026-08-12/HIL-FW-STAGE-001/stlink-app-reset-before-replay.log,563,5705b3e921e7b5ae3ce6edd34d5a94e42c4d12bbc6fc8fce68f0efbd6f542d37,log,phase11-ota
evidence/phase11-ota/2026-08-12/HIL-FW-STAGE-001/terp-10-session-resume-replay-cancel.log,2151,02ab6cb169dd825723ae69a18fddda4e12c5563ff96f3b3d2e9b782abc9e88bf,log,phase11-ota
evidence/phase11-ota/2026-08-12/HIL-FW-STAGE-001/terp-bad-product-cancel-settle.log,65,d53c17e43f74427e694e90c67383e5b54ecf615d89bac5cb2a6f7b5a102bae2a,log,phase11-ota
evidence/phase11-ota/2026-08-12/HIL-FW-STAGE-001/terp-begin-timeout-query.log,78,abda013b90f7a4f0473d4a1f758456fc451bb6f3e3dc446cb9b3113e08bf8400,log,phase11-ota
evidence/phase11-ota/2026-08-12/HIL-FW-STAGE-001/terp-cancel-settle.log,63,8f6535ed06e0252b843a650c195a10324a5a4d9de28a0c472f0d7cefa2f2daf4,log,phase11-ota
evidence/phase11-ota/2026-08-12/HIL-FW-STAGE-001/terp-finalize-after-stack-fix.log,326,f65a39aa14ef3718fbe1428e8124d67d17531c042277726cad50210f0c8c7b53,log,phase11-ota
evidence/phase11-ota/2026-08-12/HIL-FW-STAGE-001/terp-four-bad-packages.log,824,9c4778806ea643ebd88f0fe952ab048a5e220afe3a9523feaf6ed7da2a962aea,log,phase11-ota
evidence/phase11-ota/2026-08-12/HIL-FW-STAGE-001/terp-qspi-full-replay-and-finalize.log,1051,4d2c5ead9ce34025d29b9c0e6eddbc3a6691eb4b520365f65037702db532abb1,log,phase11-ota
evidence/phase11-ota/2026-08-12/HIL-FW-STAGE-001/terp-qspi-replay-samples.log,203,25ff833b1c9576377b983b51001034dbd77456d9dd8c321c780fc802e33c1610,log,phase11-ota
evidence/phase11-ota/2026-08-12/HIL-FW-STAGE-001/terp-three-bad-packages.log,1014,4ff7210591a29b34742ada3c6f0e97d92558ebf54ddcad6adbba0d45f09907f9,log,phase11-ota
evidence/phase11-ota/2026-08-12/HIL-FW-STAGE-001/terp-upload-candidate-1.1.1.log,871,ae342c452339e33bebd3f058d6e9e6edb2fc9ae56f5f290981d4b01583b5c96b,log,phase11-ota
evidence/phase11-ota/2026-08-12/HIL-FW-STAGE-001/terp-upload-resume.log,7187,ed4cd2395150826995514bca849c6eb93a82282d8338533e57c0bde54f0084a3,log,phase11-ota
evidence/phase11-ota/2026-08-12/HIL-FW-STAGE-001/terp-upload.log,361450,ac5b02ea3675668b34d1dd824a0f471ff258b4402e7882f40d58fe91e32ef68d,log,phase11-ota
evidence/phase11-ota/2026-08-12/HIL-OTA-TERP-001/com6-boot.log,0,e3b0c44298fc1c149afbf4c8996fb92427ae41e4649b934ca495991b7852b855,log,phase11-ota
evidence/phase11-ota/2026-08-12/HIL-OTA-TERP-001/com6-ota-only-after-bootloader.log,240,b5e96519f64a744bb60fd2bad8c2d3e295e9a8a55eda00718ba8511e056e827c,log,phase11-ota
evidence/phase11-ota/2026-08-12/HIL-OTA-TERP-001/com6-ota-only-boot.log,10,4399b0bf7c3095116021dde162bbb19d760cd7a343f12a1fcc5b4d0fe67d2d05,log,phase11-ota
evidence/phase11-ota/2026-08-12/HIL-OTA-TERP-001/com6-ota-only-idle-stack-fix-60s.log,185,0e31d8ae89c60a3e56243184b60076a04c346f4693b99489aa79e1e7dbbfcf3d,log,phase11-ota
evidence/phase11-ota/2026-08-12/HIL-OTA-TERP-001/com6-terp-hello-probe.log,119,ab1a9cfd0f910b021f97281b6f37156181705b388c1f084625dbac970311037b,log,phase11-ota
evidence/phase11-ota/2026-08-12/HIL-OTA-TERP-001/com6-uart3-probe.log,185,0e31d8ae89c60a3e56243184b60076a04c346f4693b99489aa79e1e7dbbfcf3d,log,phase11-ota
evidence/phase11-ota/2026-08-12/HIL-OTA-TERP-001/com7-terp-hello-probe.log,467,74a2dcf510f3d55fadb2ab8735ab868c391f1dc91f9194b4c0651ddb6f5dbc25,log,phase11-ota
evidence/phase11-ota/2026-08-12/HIL-OTA-TERP-001/program-bootloader.log,1581,dec872c018af8fd1546d8f6dbe8234b83e7b6ca3569987c3fdbee2303f025676,log,phase11-ota
evidence/phase11-ota/2026-08-12/HIL-OTA-TERP-001/program-ota-only-idle-stack-fix.log,1603,701fa4d73848e3fedf1d0c10b62a972e8506fc486774224a949a01e60f8b9213,log,phase11-ota
evidence/phase11-ota/2026-08-12/HIL-OTA-TERP-001/program-ota-only.log,1603,01d9c6395747bf122b424a21c191d17602502ae313f812333ec230226abe4dd7,log,phase11-ota
evidence/phase11-ota/2026-08-12/HIL-OTA-TERP-001/reset-after-ota-only.log,560,533258e38dbffa31405670967bbde38aba142aa9c0c6205b7686d8d8d617f6be,log,phase11-ota
evidence/phase11-ota/2026-08-12/HIL-RECOVERY-001/board-bootloader-sha256.log,1410,82ba0e777735ffb630814d0aac8faff6c2d9e9d2df6ddff37c5145a2f0a158df,log,phase11-ota
evidence/phase11-ota/2026-08-12/HIL-RECOVERY-001/bypass-bootloader-start-app-with-vtor.log,2951,c6c98a2a6e0493fd46229f6aec6cab50b1fa4b93bb85337a500774f1397b624e,log,phase11-ota
evidence/phase11-ota/2026-08-12/HIL-RECOVERY-001/bypass-bootloader-start-app.log,2027,819a3d2b60e2be04fd97f4b5bac3ad2833cfd4c1039d97fddd72a7e4e7acaaa0,log,phase11-ota
evidence/phase11-ota/2026-08-12/HIL-RECOVERY-001/com5-after-driver-rebind-hello.log,682,41286a6cf97ae7f00394368f5d4b665f5975e15b50c6acf85e1d0964b9a36d70,log,phase11-ota
evidence/phase11-ota/2026-08-12/HIL-RECOVERY-001/com5-after-loopback-removed-hello.log,633,126f714998f682e1ba519594b34615e3a1158c1bdef2c899a1d58f1660e2f0b0,log,phase11-ota
evidence/phase11-ota/2026-08-12/HIL-RECOVERY-001/com5-after-normal-restore-hello.log,633,126f714998f682e1ba519594b34615e3a1158c1bdef2c899a1d58f1660e2f0b0,log,phase11-ota
evidence/phase11-ota/2026-08-12/HIL-RECOVERY-001/com5-hello-raw-diagnostic.log,165,72d89b8cbe6e4a5c8903670c0cd99e94a3ec0ad35fc9ab9d25be5625e32a2265,log,phase11-ota
evidence/phase11-ota/2026-08-12/HIL-RECOVERY-001/com5-passive-read-other-program.log,32,89729a755c41675851e59ad5ec1a0530b7ac6a5630c666098cf15c3e5d73ae56,log,phase11-ota
evidence/phase11-ota/2026-08-12/HIL-RECOVERY-001/com5-post-bootloader-restore-hello.log,281,ed121f180389da2fc49622a2d16aeecd536ed1a9886b34ef56d91e5a1477d273,log,phase11-ota
evidence/phase11-ota/2026-08-12/HIL-RECOVERY-001/com5-recovery-after-first-minute-query.log,189,7482c9ab4b03e9ca807ec9f242c0c1d7a684e11860d32f4b4509e7335878abe1,log,phase11-ota
evidence/phase11-ota/2026-08-12/HIL-RECOVERY-001/com5-recovery-begin-reconnect-query.log,60,f79e174e9d6d36aeff9513e0f523dbc37924c4a886efa1514dc014b6b8e0b0f6,log,phase11-ota
evidence/phase11-ota/2026-08-12/HIL-RECOVERY-001/com5-recovery-full-transfer.log,622,ffa08bbd89d6e59d1c809d05888dc6eecc46f0884d15b06dcc78bafa67addb1d,log,phase11-ota
evidence/phase11-ota/2026-08-12/HIL-RECOVERY-001/com5-recovery-resume-finalize-query.log,103,a9fba08d57bfeceaeb91afae453c752154431e1ebbe457b943b53c4563282b73,log,phase11-ota
evidence/phase11-ota/2026-08-12/HIL-RECOVERY-001/com5-recovery-upload-finalize.log,642,33656239cbae904ba26d0ecd045bffd4ed68ca9e6f15074a0cddff4fc9a7eb95,log,phase11-ota
evidence/phase11-ota/2026-08-12/HIL-RECOVERY-001/com5-recovery-write-finalize.log,168,99a398b7b3f6e7df65b0f231e5b3d45ed3cab1eacf985acb0871affea0cede1d,log,phase11-ota
evidence/phase11-ota/2026-08-12/HIL-RECOVERY-001/com5-recovery-write-resume-50-to-78.log,68,026654f4da4e23b488bbaf6778f5757f1b35c20aa222b8667f59aed16b2c849f,log,phase11-ota
evidence/phase11-ota/2026-08-12/HIL-RECOVERY-001/com7-after-cable-change-hello.log,472,97e79ff15112b6f51b428a34de5d141f18283082dd81fb5fa3a52d0bedb485bc,log,phase11-ota
evidence/phase11-ota/2026-08-12/HIL-RECOVERY-001/com7-after-user-program-hello.log,647,cb552c66fabb7e89f6ff61f26e411637b41ff47acf8a3192915de2dbeaa11468,log,phase11-ota
evidence/phase11-ota/2026-08-12/HIL-RECOVERY-001/com7-dtr-low-hello-diagnostic.log,686,12290a46a9493203aca58c7daf1b1cdae2c8d70f042b633e4dddad62c6edfa05,log,phase11-ota
evidence/phase11-ota/2026-08-12/HIL-RECOVERY-001/com7-final-availability-check.log,15,a41c14e480f8b1be47ed07ec031ea7506379141fa906f3da3cd6e43f68978c20,log,phase11-ota
evidence/phase11-ota/2026-08-12/HIL-RECOVERY-001/com7-recovery-upload-finalize.log,1585,d0bdee93c597c8b1c36c72381eafb95295bafed9dd2f7b0b66340e8083f8a035,log,phase11-ota
evidence/phase11-ota/2026-08-12/HIL-RECOVERY-001/com7-single-handle-hello-diagnostic.log,1415,7443efcf222c9b746e563943d57d2be6fd529813f0c38fff443bd43c8c52f113,log,phase11-ota
evidence/phase11-ota/2026-08-12/HIL-RECOVERY-001/core-debug-state.log,742,7fa9a950ec799e78da901be5b3d9e17e6949081689e40bc959ed30932989c430,log,phase11-ota
evidence/phase11-ota/2026-08-12/HIL-RECOVERY-001/core-fault-state.log,1075,05c8ac6933b3a991e000e8569b130dfb25f2ff6d20dea123d7caafc5ebe99c34,log,phase11-ota
evidence/phase11-ota/2026-08-12/HIL-RECOVERY-001/core-pc-sample.log,291,5c060ec0273a066d3da830e1f89f7fac88e7337c78154d59cb1c20e4d91b0d24,log,phase11-ota
evidence/phase11-ota/2026-08-12/HIL-RECOVERY-001/known-good-dtr-low-hello.log,633,166ffa580bdd28ae129404054b9d1f65c770b47417be6e3fe9ec582674c03e96,log,phase11-ota
evidence/phase11-ota/2026-08-12/HIL-RECOVERY-001/known-good-vtor-and-state.log,1240,d8f228c40bda0267656548c54b66dfb0459340d97cd8aae3f11e6af00eceb43c,log,phase11-ota
evidence/phase11-ota/2026-08-12/HIL-RECOVERY-001/physical-power-cycle-boot-and-hello.log,1260,ccd850edf610b9c115eba2888db97ffab9729eaf8bc867287cdb5d3b858aada5,log,phase11-ota
evidence/phase11-ota/2026-08-12/HIL-RECOVERY-001/physical-power-cycle-recovery-stability-60s.log,98,11d590360b92239feefe82de6227065d5d690174a6a3ed9233107a11a77dcf6f,log,phase11-ota
evidence/phase11-ota/2026-08-12/HIL-RECOVERY-001/physical-power-cycle-terp-stability-60s.log,1712,c6d6405fcdd74e892700e27add1526dbd408a940336b5a24ce2c3fa9e3d64798,log,phase11-ota
evidence/phase11-ota/2026-08-12/HIL-RECOVERY-001/post-bootloader-restore-vtor-usart.log,761,325ccfc5566b7be3fb9c0543039488fb1b78e2eb65b730df24e3bd98f2651a3b,log,phase11-ota
evidence/phase11-ota/2026-08-12/HIL-RECOVERY-001/post-high-stack-bootloader-hard-reset.log,1611,27700ec17d09c6f4d807bca9aab986c509d5b2db7c2155a0bea0f195a55d12b1,log,phase11-ota
evidence/phase11-ota/2026-08-12/HIL-RECOVERY-001/post-stack-safe-bootloader-fault-state.log,873,1ba791bd17bb284ac01a08eec6edf78103db93a7df203c7fcbfbe1e3697a4e27,log,phase11-ota
evidence/phase11-ota/2026-08-12/HIL-RECOVERY-001/post-stack-safe-bootloader-hard-reset.log,1611,27700ec17d09c6f4d807bca9aab986c509d5b2db7c2155a0bea0f195a55d12b1,log,phase11-ota
evidence/phase11-ota/2026-08-12/HIL-RECOVERY-001/program-high-stack-bootloader.log,2304,34afc91f2b7ccba2f00d95cfcd597be13bcc005d1cf3424b9c1bd84f2286fa25,log,phase11-ota
evidence/phase11-ota/2026-08-12/HIL-RECOVERY-001/program-recovery-capable-app.log,1603,63587f9505e233fdc1232be0642cf64712f43eda72d860ca9a38e0cd47f3869c,log,phase11-ota
evidence/phase11-ota/2026-08-12/HIL-RECOVERY-001/program-recovery-capable-ota-app-com5.log,1603,23f14806aa7a9bf2a3c760d3e1aa6f9b50a64fdd916d7fc8786062d2ffea2f7a,log,phase11-ota
evidence/phase11-ota/2026-08-12/HIL-RECOVERY-001/program-stack-safe-bootloader.log,2304,d416673a2602bd2c315729e169b1bd6beb0082c4d210fb71b0eae38f49c1e184,log,phase11-ota
evidence/phase11-ota/2026-08-12/HIL-RECOVERY-001/restore-known-good-app-and-normal-state.log,2663,a94f2f0e04af6f2a4319558cc24e31c946a8d040b9aa9652f0b4cd9150bf57de,log,phase11-ota
evidence/phase11-ota/2026-08-12/HIL-RECOVERY-001/restore-normal-state-for-ota-app.log,1593,7f5a9138e4b2522bf7f53a7ee603d4b52b7e0e6ef1843c639f1784fad757e899,log,phase11-ota
evidence/phase11-ota/2026-08-12/HIL-RECOVERY-001/restore-verified-bootloader.log,1583,505a1689e5c412d1e3f1e7f36a6dd841a33d74da1f500b4f1c334ecb717181bc,log,phase11-ota
evidence/phase11-ota/2026-08-12/HIL-RECOVERY-001/software-regression-after-recovery-interface.log,10232,082e91b7224c75581b6ac7950b2d95ea7f07ba4f749d1021386e545332008266,log,phase11-ota
evidence/phase11-ota/2026-08-12/HIL-RECOVERY-001/state-after-com7-diagnostic.log,992,2ceb54a7a42789cb7e2bbdc6dc170c4c33d5d91df67620f186e4ad50888ea1ae,log,phase11-ota
evidence/phase11-ota/2026-08-12/HIL-RECOVERY-001/state-and-vtor-after-loopback-removed.log,1240,6b14e8dc2391753e1c21e7fe863cde8f70b5abd93b140a1b637908e89a60f6fd,log,phase11-ota
evidence/phase11-ota/2026-08-12/HIL-RECOVERY-001/stlink-gdb-server-ap0.stderr.log,0,e3b0c44298fc1c149afbf4c8996fb92427ae41e4649b934ca495991b7852b855,log,phase11-ota
evidence/phase11-ota/2026-08-12/HIL-RECOVERY-001/stlink-gdb-server-ap0.stdout.log,478,ed4aed4241ecd293264542a843b87919c1f4f4e08248bd1658eeee8f83222fa3,log,phase11-ota
evidence/phase11-ota/2026-08-12/HIL-RECOVERY-001/stlink-gdb-server.log,0,e3b0c44298fc1c149afbf4c8996fb92427ae41e4649b934ca495991b7852b855,log,phase11-ota
evidence/phase11-ota/2026-08-12/HIL-RECOVERY-001/stlink-gdb-server.stderr.log,0,e3b0c44298fc1c149afbf4c8996fb92427ae41e4649b934ca495991b7852b855,log,phase11-ota
evidence/phase11-ota/2026-08-12/HIL-RECOVERY-001/stlink-gdb-server.stdout.log,478,ed4aed4241ecd293264542a843b87919c1f4f4e08248bd1658eeee8f83222fa3,log,phase11-ota
evidence/phase11-ota/2026-08-12/HIL-RECOVERY-001/usart3-after-loopback-removed-hello.log,757,78487d6813479f5401e634ff77fe624471c2aee85329b3a851320a6c235a773d,log,phase11-ota
evidence/phase11-ota/2026-08-12/HIL-RECOVERY-001/usart3-and-pd8-pd9-state.log,943,39b6de09c94b87d943fbdb600e53fbd1b249313c0d2e941e838b0973b82bb102,log,phase11-ota
evidence/phase11-ota/2026-08-12/HIL-RECOVERY-001/vtor-usart-after-normal-restore.log,1103,5cfc01f42a19b75b82e67af0d7c7ca658ef95a1fa94371e94cd19446c1d6198d,log,phase11-ota
evidence/phase11-ota/2026-08-12/HIL-RECOVERY-INSTALL-001/board-bootloader-current-sha.log,1754,75ec0594e1161c70ba9d2b66a565ad257b0a479ded3fbbb3570c7198db72c0dc,log,phase11-ota
evidence/phase11-ota/2026-08-12/HIL-RECOVERY-INSTALL-001/final-production-cold-boot.log,1606,ab329d2dd49938a3a49b4eba4b80aa94c218159f29696e93a19c96ee3ae03b2f,log,phase11-ota
evidence/phase11-ota/2026-08-12/HIL-RECOVERY-INSTALL-001/final-state-image-and-terp.log,2667,fa1bc1e182cadc3252660177fab1ee52d7b3ca0c11e70d87444b52a37ebb5e39,log,phase11-ota
evidence/phase11-ota/2026-08-12/HIL-RECOVERY-INSTALL-001/forced-rollback-required-full-copy-state.hex,204,7e703a74c9e864a8c04cd69a1a0b0fc8d6c13605bb8a675a6d521ac8bb510b5a,hex,phase11-ota
evidence/phase11-ota/2026-08-12/HIL-RECOVERY-INSTALL-001/forced-rollback-required-state.hex,204,8f53f679fa54564346d3469af06c3dde9a3df7e1858d9927d60a47d5ab4ca8ad,hex,phase11-ota
evidence/phase11-ota/2026-08-12/HIL-RECOVERY-INSTALL-001/inject-rollback-required-and-boot.log,2133,99d9436755cf2d5d93bdb68917366a68ca4ba0b6f087057942729e1f7ab5c5b5,log,phase11-ota
evidence/phase11-ota/2026-08-12/HIL-RECOVERY-INSTALL-001/install-progress-10s.log,1221,1eac6ac37966d6ce5c047d166c27ef5404e81dbfd1d60ff4f4d9508c52073c6c,log,phase11-ota
evidence/phase11-ota/2026-08-12/HIL-RECOVERY-INSTALL-001/install-remaining-resets.log,20571,4c7eca5c6b53f7e0805ea8513939802d257fdf02f3efab9e6c64cb63ed6c22bb,log,phase11-ota
evidence/phase11-ota/2026-08-12/HIL-RECOVERY-INSTALL-001/install-single-cycle-3s.log,1665,63464adae3c86466d85faf5e2cca5a4beaeb2038c6ce54d0bcb019c97810ca35,log,phase11-ota
evidence/phase11-ota/2026-08-12/HIL-RECOVERY-INSTALL-001/install-stall-core-state.log,873,1ba791bd17bb284ac01a08eec6edf78103db93a7df203c7fcbfbe1e3697a4e27,log,phase11-ota
evidence/phase11-ota/2026-08-12/HIL-RECOVERY-INSTALL-001/physical-power-cycle-full-copy-final-state.log,2326,34b03e96296cbf1629130ac26023cc2873d2ce6783f927ee70a85cef50d68f2a,log,phase11-ota
evidence/phase11-ota/2026-08-12/HIL-RECOVERY-INSTALL-001/physical-power-cycle-install-start.log,1221,e9a2017819df8772e13d9bc3c7de28996106fc15e27d00228800acbb81efcd54,log,phase11-ota
evidence/phase11-ota/2026-08-12/HIL-RECOVERY-INSTALL-001/program-full-copy-hil-and-rollback-required.log,4548,6563f104f27aab73ef64f69f8614e089391f0036dd178a8f65249da74729222e,log,phase11-ota
evidence/phase11-ota/2026-08-12/HIL-RECOVERY-INSTALL-001/restore-confirmed-after-full-recovery.hex,204,b42f97abdc9385865f1d65facfcc269fcb2c9fcb062d3fd5873a9e4f885efd3d,hex,phase11-ota
evidence/phase11-ota/2026-08-12/HIL-RECOVERY-INSTALL-001/restore-production-bootloader-and-confirmed.log,4460,4fbd57f8a751f9244d4c23cc81f0bc19099d3308ece7bf7a84b0930ca974f5a9,log,phase11-ota
evidence/phase11-ota/2026-08-12/HIL-TRIAL-CONFIRM-001/after-primary-erase-failure-readonly.log,1103,ee35a97ba0ed3b4933030dc406b71b28d5a4d10d3cb735b1363711ef012351e1,log,phase11-ota
evidence/phase11-ota/2026-08-12/HIL-TRIAL-CONFIRM-001/after-second-trial-reset-readonly.log,1214,dde861d9a68fea56adb3bc3ba1c68b0ee7d497e81a0222180a9138c82b8fb5a6,log,phase11-ota
evidence/phase11-ota/2026-08-12/HIL-TRIAL-CONFIRM-001/confirmed-boot-stall-core-state.log,953,5f662fbe9b6cc0faa596e2161d3350a247f1e77a38acea1d8d9d99450a534825,log,phase11-ota
evidence/phase11-ota/2026-08-12/HIL-TRIAL-CONFIRM-001/confirmed-state-post-recovery-readback.log,1735,fa2a87706403d6b10f6b97cfc7f28a1aecd5328a615ba99c62b72d6aa005eb67,log,phase11-ota
evidence/phase11-ota/2026-08-12/HIL-TRIAL-CONFIRM-001/forced-trial-state.hex,204,f62b573959fc2859aa3c0b35aefc4e16350fde3802e9037e8047c7d6dea5d18e,hex,phase11-ota
evidence/phase11-ota/2026-08-12/HIL-TRIAL-CONFIRM-001/hard-reset-confirmed-boot.log,1923,a9a5b5aa2ef25e19dadec23ab3995d30b896f6650978ff2b61bc88de727097ee,log,phase11-ota
evidence/phase11-ota/2026-08-12/HIL-TRIAL-CONFIRM-001/hard-reset-stall-core-state.log,1219,bc146d70923efe6248e614c9970cc0a1bb40be0342af0c20a0d22683a1c600a2,log,phase11-ota
evidence/phase11-ota/2026-08-12/HIL-TRIAL-CONFIRM-001/hardfault-registers.log,862,25e950a8cfdb7cb0dc9aff23f61604af7bea8d812bf555b77adb555292265762,log,phase11-ota
evidence/phase11-ota/2026-08-12/HIL-TRIAL-CONFIRM-001/hardfault-stack.log,1328,825e378219806557ed663479e24ace04566cd749af46594c762ea43f38dbc724,log,phase11-ota
evidence/phase11-ota/2026-08-12/HIL-TRIAL-CONFIRM-001/inject-trial-and-reset.log,3332,e9f76eb091af6bc692064aedc34f12e2ebd77b76f0345ed4ca2a080a06ceed20,log,phase11-ota
evidence/phase11-ota/2026-08-12/HIL-TRIAL-CONFIRM-001/post-healthy-confirmation.log,1384,7fe4629d9af4175cd4e49e7b47abb34a39c51d29a887dbd2260c1ab6d5f6e7cc,log,phase11-ota
evidence/phase11-ota/2026-08-12/HIL-TRIAL-CONFIRM-001/recover-after-primary-erase-failure-reset.log,1194,eb6f556dbbd73b75649b3e749933e5bde8a5a1c5797a04f3aeac4eab47f22fe5,log,phase11-ota
evidence/phase11-ota/2026-08-12/HIL-TRIAL-CONFIRM-001/release-confirmed-boot.log,1796,4ccd1a357e1b231a46bceb94939ab8a543fa49ee4cc7277183e48e8adfd240af,log,phase11-ota
evidence/phase11-ota/2026-08-12/HIL-TRIAL-CONFIRM-001/restore-confirmed-state-under-reset.log,1570,cf0baaa5a0f7cb4865aa168f770161db82a5e71de4348eb564af6c3fc36ee294,log,phase11-ota
evidence/phase11-ota/2026-08-12/HIL-TRIAL-CONFIRM-001/restore-confirmed-state.hex,204,c185d9cc708aa00ea1753edd09596f6a7b4b6c13a30f6996f5daa6150ff2272f,hex,phase11-ota
evidence/phase11-ota/2026-08-12/HIL-TRIAL-CONFIRM-001/restore-confirmed-state.log,1475,e49255195921e123f4eb208197c968240a7225b667c1646089871bc8e902f1f2,log,phase11-ota
evidence/phase11-ota/2026-08-12/HIL-TRIAL-CONFIRM-001/state-before-forced-trial.log,1025,53561f46201f1ae71737f64d83061a2ee3114f8fe8cbd5a0ed953d6d9ff0a3ab,log,phase11-ota
evidence/phase11-ota/2026-08-12/HIL-UART3-ECHO-001/com5-echo-four-bytes.log,88,6c339e38f62a2b22c5b951f3f305238c6341b56f8880b3cb31093b953446a8c9,log,phase11-ota
evidence/phase11-ota/2026-08-12/HIL-UART3-ECHO-001/program-echo-app.log,1598,329e8c191624096c2792d2256fd7c3c599c15a77c8b97946391ab87cba703651,log,phase11-ota
evidence/phase11-ota/2026-08-15/HIL-BOOT-SNAPSHOT-002/stlink-application-vector-read.log,831,3aa0b073647fc39871eeac10fd78f4d09f6d0eba96050860faccd1effe349415,log,phase11-ota
evidence/phase11-ota/2026-08-15/HIL-BOOT-SNAPSHOT-002/stlink-hotplug-state-full.log,3612,797c450c1ce4793395c0e731b506393bad99d8ee4739f42bad1a85c597319823,log,phase11-ota
evidence/phase11-ota/2026-08-15/HIL-BOOT-SNAPSHOT-002/stlink-hotplug-state-snapshot.log,3383,95bb225a70f8830484b0bdb18a0253f888888fd816dc60de75a30d52ea8e6ba3,log,phase11-ota
evidence/phase11-ota/2026-08-15/HIL-FW-BASELINE-RESTORE-001/build-ota-only.log,717,87124b4147c38b2531d8ef1c48879ea42abcd2c941bf9e4d991bbfb1740ac6eb,log,phase11-ota
evidence/phase11-ota/2026-08-15/HIL-FW-BASELINE-RESTORE-001/halt-and-core-state.log,2449,8e4a116b271b2cd0813fc7e960a51823603b071c80f1c0b4d36294bcab874cf8,log,phase11-ota
evidence/phase11-ota/2026-08-15/HIL-FW-BASELINE-RESTORE-001/post-formal-bootloader-runtime.log,5333,46b08f746ac5918f1283224c4783a2eef327a4156defa74e921400f4184ef386,log,phase11-ota
evidence/phase11-ota/2026-08-15/HIL-FW-BASELINE-RESTORE-001/post-program-vector-and-state.log,2116,b66edf9bace314bc2762a6d480f1e0d3b703ea3cfcbe41c0c7171515f3295e00,log,phase11-ota
evidence/phase11-ota/2026-08-15/HIL-FW-BASELINE-RESTORE-001/post-run-core-state.log,2547,94bb39dabced9080f69b44276004071f539e0f3730256c90ae75c8cfd65c7fbb,log,phase11-ota
evidence/phase11-ota/2026-08-15/HIL-FW-BASELINE-RESTORE-001/program-formal-bootloader.log,1883,634b50602fffd40096664cdd82cab6ddc2574cd01cc39ff433ec1b5d73e2f980,log,phase11-ota
evidence/phase11-ota/2026-08-15/HIL-FW-BASELINE-RESTORE-001/program-ota-only-application.log,1897,6377ce7d4b051d7662fd05df6afcd60bc2234c8bd8583499bf3830620d201cbe,log,phase11-ota
evidence/phase11-ota/2026-08-15/HIL-FW-BASELINE-RESTORE-001/release-and-runtime-readback.log,1994,ff728083bb81697668975731ebb2c8b7680f8536dc9786a5d6442480bbea53f2,log,phase11-ota
evidence/phase11-ota/2026-08-15/HIL-FW-TERP-002/com7-info-health.log,530,d6ff9fed04186cb83de8f0891c81a61dee5f9324cb282fb1c59afd2d4419590c,log,phase11-ota
evidence/phase11-ota/2026-08-15/HIL-FW-TERP-003/com7-info-health-after-restore.log,546,fde92493af846ce5ac9cf69e37392e059efc01dd5b621cc0d11267086bca66a0,log,phase11-ota
evidence/phase11-ota/2026-08-15/HIL-FW-TERP-004/com7-info-health-retry.log,532,e6cf67b32ad7cc0d94030c33d0e39b173f1d9f9591228ff7993b5287a09e1c5e,log,phase11-ota
evidence/phase11-ota/2026-08-15/HIL-FW-TERP-005/com8-info-health.log,260,1020e9711b9328f9e9cf2385b135615ffaa35eb7fa275374a70f209c128abecc,log,phase11-ota
evidence/phase11-ota/2026-08-15/HIL-FW-TERP-006/com8-info-health-uart3-retry.log,573,2fa1e3e8847f33f36a003c3cc6cd0577f408e8c3d8fe0eb46697ca016f43c013,log,phase11-ota
evidence/phase11-ota/2026-08-15/HIL-FW-TERP-STABILITY-001/com8-terp-stability-60s.log,2218,56891410badbee744a25f55db7a2b6b0c365c0212b0aeca566635bf30276fba8,log,phase11-ota
evidence/phase11-ota/2026-08-15/HIL-FW-TERP-STABILITY-002/com8-terp-stability-post-irq-guard-60s.log,3039,3f6efcb727fdd197705fb2fcac21f2d7a1db761087bd0f8f5103f5ebe3b4e398,log,phase11-ota
evidence/phase11-ota/2026-08-15/HIL-FW-UPDOWN-001/application-after-downgrade.sha256.txt,312,709718803bb662c42ca2516318fd5bc1c4e5d60236d95b3363f476b912c4f0eb,txt,phase11-ota
evidence/phase11-ota/2026-08-15/HIL-FW-UPDOWN-001/application-after-upgrade.sha256.txt,312,41472a35e4e5305d48a3b2b9cdc63e7ff4048b5063ce624c00067b7cb9211a20,txt,phase11-ota
evidence/phase11-ota/2026-08-15/HIL-FW-UPDOWN-001/baseline-application-sha256.txt,312,232fa52a0682c2e7bf10b4c131c7e99952c25f5ec19f84f14b7f7dedba233652,txt,phase11-ota
evidence/phase11-ota/2026-08-15/HIL-FW-UPDOWN-001/downgrade-1.1.1-com8-retry.log,796,9d4e1d13d2fa6b475a3794f6a35b66337438672d55b8d88171af94de357f34a2,log,phase11-ota
evidence/phase11-ota/2026-08-15/HIL-FW-UPDOWN-001/downgrade-1.1.1-com8.log,1455,f7e1888ce85ae19aac0c41966f45fa892778bb735c01bda20006bacac754833e,log,phase11-ota
evidence/phase11-ota/2026-08-15/HIL-FW-UPDOWN-001/downgrade-cancel-after-trial-retry.log,216,c817bbf62ec2973f774aa13f281d2203f90517f962ac5e0c9859af43ebe32121,log,phase11-ota
evidence/phase11-ota/2026-08-15/HIL-FW-UPDOWN-001/downgrade-cancel-after-trial.log,637,d16596d918383bd36a7a81ab075a4fc00fa4228a9c5b1277feb31eb7387242ed,log,phase11-ota
evidence/phase11-ota/2026-08-15/HIL-FW-UPDOWN-001/downgrade-install-hardfault.log,4614,1de06801b351109ac936fdeb8969c3afd791cd85c22fc4ba08e1583b14f445c4,log,phase11-ota
evidence/phase11-ota/2026-08-15/HIL-FW-UPDOWN-001/downgrade-post-install-com8.log,278,c4dad33e6a61e3fc9832ea0dc1f2bb154f2b0cb5421a84326de11daa736cfed8,log,phase11-ota
evidence/phase11-ota/2026-08-15/HIL-FW-UPDOWN-001/downgrade-readback.log,1165,bbb8513d82039fc8321ae274e02886db35a9f8e0cd40b7ca06cba36b378f60db,log,phase11-ota
evidence/phase11-ota/2026-08-15/HIL-FW-UPDOWN-001/downgrade-reset.log,560,dc5eabb29e828bb29ec8c95dabc7f1da59031ac182d5238abe36285459ad1f8d,log,phase11-ota
evidence/phase11-ota/2026-08-15/HIL-FW-UPDOWN-001/final-baseline-com8.log,278,c4dad33e6a61e3fc9832ea0dc1f2bb154f2b0cb5421a84326de11daa736cfed8,log,phase11-ota
evidence/phase11-ota/2026-08-15/HIL-FW-UPDOWN-001/final-hashes.txt,625,8f19eff822d4441e9fbb9ad70a8700875a4e929457d7499a265f2ec81584c87c,txt,phase11-ota
evidence/phase11-ota/2026-08-15/HIL-FW-UPDOWN-001/final-readback.log,3661,cf5d69b4df504d5d194b5181d8e3c4bbd037229995cbbc05d63eebb5e4249b33,log,phase11-ota
evidence/phase11-ota/2026-08-15/HIL-FW-UPDOWN-001/post-confirm-state-com8.log,278,c4dad33e6a61e3fc9832ea0dc1f2bb154f2b0cb5421a84326de11daa736cfed8,log,phase11-ota
evidence/phase11-ota/2026-08-15/HIL-FW-UPDOWN-001/post-confirm-state-readback.log,1101,13e20da0b05411ac7e8fd0b599b54e7f0c7fd05beacf91d4284683dd858add1b,log,phase11-ota
evidence/phase11-ota/2026-08-15/HIL-FW-UPDOWN-001/post-confirmed-com8.log,278,c4dad33e6a61e3fc9832ea0dc1f2bb154f2b0cb5421a84326de11daa736cfed8,log,phase11-ota
evidence/phase11-ota/2026-08-15/HIL-FW-UPDOWN-001/post-confirmed-state-readback-2.log,1101,76b8fb4e253c34d52064c54425a88506d28bfe97e5c154a177f7f11eab861be1,log,phase11-ota
evidence/phase11-ota/2026-08-15/HIL-FW-UPDOWN-001/program-bootloader-irq-guard.log,1586,992597252dbe2a4e88cab2a7281dcc5c1b2084554d2fd8bb8738ca3f2fc86494,log,phase11-ota
evidence/phase11-ota/2026-08-15/HIL-FW-UPDOWN-001/restore-baseline-application.log,1626,7bcbee4ce0908bbbfbdabd14464cd56a23b55f5deeb953707cf48bde5eae8e6e,log,phase11-ota
evidence/phase11-ota/2026-08-15/HIL-FW-UPDOWN-001/restore-baseline-primary-confirmed.log,1630,b89dacc2ac24640c755f1066dc8b3b3fd6232e573ab0acc0a0252bff012b29eb,log,phase11-ota
evidence/phase11-ota/2026-08-15/HIL-FW-UPDOWN-001/restore-baseline-secondary-confirmed.log,1592,091588c8065961cee3fbbc437c3ff33943772d90f6382cc5cd2595624ce58bf2,log,phase11-ota
evidence/phase11-ota/2026-08-15/HIL-FW-UPDOWN-001/restore-confirmed-primary-gen100.hex,160,3b07111c52490cc1ed7f5450d8286698932acc22f5ff7722c26f48e76b280110,hex,phase11-ota
evidence/phase11-ota/2026-08-15/HIL-FW-UPDOWN-001/restore-confirmed-primary-program.log,1630,b89dacc2ac24640c755f1066dc8b3b3fd6232e573ab0acc0a0252bff012b29eb,log,phase11-ota
evidence/phase11-ota/2026-08-15/HIL-FW-UPDOWN-001/restore-confirmed-secondary-gen101.hex,160,3388b03f8f42fe9e3fc39ea439db7076d98d65385e8864515196dd50d457f2cd,hex,phase11-ota
evidence/phase11-ota/2026-08-15/HIL-FW-UPDOWN-001/restore-confirmed-secondary-program.log,1592,6cd2632e003191e7e33d2b45b78091bdddd27a4740fbb126340082ea98cabefa,log,phase11-ota
evidence/phase11-ota/2026-08-15/HIL-FW-UPDOWN-001/restore-confirmed-state-after-upgrade.log,1640,44e64b597fd0c61cb514bf74aac463353ee73892a509e62848680792a5e9ae91,log,phase11-ota
evidence/phase11-ota/2026-08-15/HIL-FW-UPDOWN-001/upgrade-1.1.2-com8-retry.log,954,fc3b9397ac5191ffbc78d4c9d3a3edace700cb0ac2396dcf62d44c5a284457e1,log,phase11-ota
evidence/phase11-ota/2026-08-15/HIL-FW-UPDOWN-001/upgrade-1.1.2-com8.log,713,f225afff6b6822e9c9de106bb879d6707d6e431d234c1dd148e5ced07ec0a4bd,log,phase11-ota
evidence/phase11-ota/2026-08-15/HIL-FW-UPDOWN-001/upgrade-post-install-com8.log,278,c4dad33e6a61e3fc9832ea0dc1f2bb154f2b0cb5421a84326de11daa736cfed8,log,phase11-ota
evidence/phase11-ota/2026-08-15/HIL-FW-UPDOWN-001/upgrade-post-reset-com8.log,627,f86e7541368719c4a41da640a7dc9bd6c5350c5d971b79c54f75a52c1649b335,log,phase11-ota
evidence/phase11-ota/2026-08-15/HIL-FW-UPDOWN-001/upgrade-readback.log,1163,11c861fd148f4e6edb3eed00dcbeb5c7b4277b541fbded8144d44ad5ac747aa1,log,phase11-ota
evidence/phase11-ota/2026-08-15/HIL-FW-UPDOWN-001/upgrade-reset.log,560,dc5eabb29e828bb29ec8c95dabc7f1da59031ac182d5238abe36285459ad1f8d,log,phase11-ota
evidence/phase11-ota/2026-08-15/PHASE11-EXIT-AUDIT-001/exit-audit.md,3649,30268d21a56f31f307b061a614ee52b0dcba46aab4d261d81f6ce86f2a87b8a2,md,phase11-ota
evidence/phase11-ota/2026-08-15/SW-BOOTLOADER-IRQ-GUARD-001/build-corrected.log,2955,875f764f387af367366b5ba2c2dff4346a5f378892a4ff004424270324383595,log,phase11-ota
evidence/phase11-ota/2026-08-15/SW-BOOTLOADER-IRQ-GUARD-001/regression-corrected.log,454,b23727606ff3a2c4032472d115fd77c2c08a7db47842a3a7836304e98d8f0697,log,phase11-ota
evidence/phase11-ota/2026-08-15/SW-BOOTLOADER-REGRESSION-001/test-bootloader.log,624,28c93d3bb7f20f8028c17c1ded6afcb97df7969de589a85abbe216ab170dbbfa,log,phase11-ota
evidence/phase11-ota/2026-08-15/SW-BOOTLOADER-REGRESSION-002/test-bootloader-range-guard.log,454,7fe549e1f0e32936fd6150ebcccf1f605fdeefd375b80b399e5ac39cb3f16c79,log,phase11-ota
evidence/phase11-ota/2026-08-15/SW-FULL-REGRESSION-001/run-tests.log,4062,1ec223f277632880614a400800f97836cda91d77bcff59e6bfaaa6dbded69dc6,log,phase11-ota
evidence/phase11-ota/2026-08-15/SW-FULL-REGRESSION-002/run-tests-after-irq-guard.log,3911,af97b4f7994cd4ab7d30ec241a3b2f00932c54346dbbcba1546cbbf20b8a5a0e,log,phase11-ota
evidence/phase11-ota/2026-08-15/SW-FULL-REGRESSION-003/run-tests-pre-merge.log,3911,9cb0f66aa6f5f7eaf782c00e296f82dedd11af77c6dbebd51ba1142bee4d9e5d,log,phase11-ota
evidence/phase11-ota/2026-08-15/SW-FULL-REGRESSION-004/run-tests-post-merge.log,4013,e08e6afcfe1f66f1ca1c634ca53954d27c0eafbe64fc3bdcf5c6667918661c6b,log,phase11-ota
evidence/phase11-ota/2026-08-15/SW-FW-BUILD-001/build-pre-merge.log,8117,6757f975b7246e0077f3718518fcf50ba67166a6e459bc8d24b07a53d1055f97,log,phase11-ota
evidence/phase11-ota/2026-08-15/SW-FW-BUILD-002/build-post-merge.log,7051,273f596af981384859ca2580f12f17a6ee77be5be56f9f25b8aa105f0cf4c441,log,phase11-ota
evidence/phase11-ota/2026-08-15/SW-MAIN-FW-BUILD-001/build-main.log,5119,a26783f41790240b158f7e9a6ee20e322034efe0b33e0f25f171751d96e8ccc2,log,phase11-ota
evidence/phase11-ota/2026-08-15/SW-MAIN-REGRESSION-001/run-tests-main.log,76902,eca9473121f43d31b4849ccb48cea0aafe866edaf3486cb4c19f72de962f6427,log,phase11-ota
evidence/phase11-ota/2026-08-15/SW-OTA-AUDIT-001/software-ota-audit.log,1732,6c4a4875cd2f7f85dd962750a5faf4f300826131234d40c353bf0ac5fb8d3072,log,phase11-ota
evidence/phase11-ota/2026-08-15/SW-OTA-AUDIT-001/transport-recorder-ota-only-a.pkg,148260,b4c63195461631d6268e479129ca20a9c44de9b6ca5cf12fed840c3e982a9920,pkg,phase11-ota
evidence/phase11-ota/2026-08-15/SW-OTA-AUDIT-001/transport-recorder-ota-only-b.pkg,148260,b4c63195461631d6268e479129ca20a9c44de9b6ca5cf12fed840c3e982a9920,pkg,phase11-ota
evidence/phase11-ota/README.md,16333,7eedd8679c5c83550cf6dafe6d00e8ed9c2bbc6a954d6ca9b9806b71909cf2e3,md,phase11-ota
evidence/phase2-ai/2026-08-23/ai-only-post-flash-verify.json,855,8492b981c9966760c229b34c70bd7c5e26608bcd30cd9c5bf897898e2fb4b133,json,phase2-ai
evidence/phase2-ai/2026-08-23/model-ota-post-reset-verify.json,761,c98104ce2d110d366a2ace271e10478c291b41e88addad7ffbd3f24504de359c,json,phase2-ai
evidence/phase2-ai/2026-08-23/real-ai-pilot.md,4230,093c1088c39f4db5bf72c6b9572534be5d62ea6be38016ea228566542f58dd4a,md,phase2-ai
evidence/v1/2026-08-24/hardware-acceptance-checklist.md,3844,5186bed1136324461ce8e083ddba67823816b81b509df186180d65287d191ba9,md,v1
evidence/v1/2026-08-24/software-gate.md,5980,d8b3a8dbee17513f6df10b2c6cbc2775469a77ea1eaa61f12136367e5d79f613,md,v1
evidence/v1/2026-08-25/hardware-acceptance-001.md,5543,c6b7f940cc74aa2dfe4fd904095a1bdd83523397abb5a57ce84b80d85727a682,md,v1
